id	nest	humps	deep	cx	ccx	loc
__init__.py::setup	2	0	0	3	3	17
apps/config.py::AppConfig::__init__	1	0	0	5	4	41
apps/config.py::AppConfig::__repr__	0	0	0	1	0	2
apps/config.py::AppConfig::_is_default_auto_field_overridden	0	0	0	1	0	2
apps/config.py::AppConfig::_path_from_module	2	0	0	4	6	26
apps/config.py::AppConfig::create	3	0	0	23	37	156
apps/config.py::AppConfig::default_auto_field	0	0	0	1	0	3
apps/config.py::AppConfig::get_model	1	0	0	3	3	15
apps/config.py::AppConfig::get_models	2	0	0	6	7	20
apps/config.py::AppConfig::import_models	1	0	0	2	1	8
apps/config.py::AppConfig::ready	0	0	0	1	0	4
apps/registry.py::Apps::__init__	1	0	0	4	3	40
apps/registry.py::Apps::apply_next_model	0	0	0	1	0	3
apps/registry.py::Apps::check_apps_ready	1	0	0	2	1	10
apps/registry.py::Apps::check_models_ready	1	0	0	2	1	4
apps/registry.py::Apps::clear_cache	3	0	0	4	6	15
apps/registry.py::Apps::do_pending_operations	1	0	0	2	1	8
apps/registry.py::Apps::get_app_config	3	0	0	4	6	16
apps/registry.py::Apps::get_app_configs	0	0	0	1	0	4
apps/registry.py::Apps::get_containing_app_config	3	0	0	6	8	18
apps/registry.py::Apps::get_model	1	0	0	5	5	26
apps/registry.py::Apps::get_models	1	0	0	2	1	18
apps/registry.py::Apps::get_registered_model	1	0	0	2	1	13
apps/registry.py::Apps::get_swappable_settings_name	2	0	0	6	7	20
apps/registry.py::Apps::is_installed	0	0	0	1	0	8
apps/registry.py::Apps::lazy_model_operation	2	0	0	3	5	38
apps/registry.py::Apps::populate	2	0	0	10	12	65
apps/registry.py::Apps::register_model	2	0	0	4	5	21
apps/registry.py::Apps::set_available_apps	1	0	0	2	1	27
apps/registry.py::Apps::set_installed_apps	1	0	0	2	1	24
apps/registry.py::Apps::unset_available_apps	0	0	0	1	0	4
apps/registry.py::Apps::unset_installed_apps	0	0	0	1	0	5
conf/__init__.py::LazySettings::PASSWORD_RESET_TIMEOUT_DAYS	1	0	0	2	1	12
conf/__init__.py::LazySettings::__delattr__	0	0	0	1	0	4
conf/__init__.py::LazySettings::__getattr__	1	0	0	5	5	15
conf/__init__.py::LazySettings::__repr__	1	0	0	2	1	7
conf/__init__.py::LazySettings::__setattr__	1	0	0	2	2	10
conf/__init__.py::LazySettings::_add_script_prefix	1	0	0	2	1	12
conf/__init__.py::LazySettings::_setup	2	0	0	3	3	16
conf/__init__.py::LazySettings::configure	2	0	0	4	4	14
conf/__init__.py::LazySettings::configured	0	0	0	1	0	3
conf/__init__.py::Settings::__init__	3	0	0	14	19	50
conf/__init__.py::Settings::__repr__	0	0	0	1	0	5
conf/__init__.py::Settings::is_overridden	0	0	0	1	0	2
conf/__init__.py::SettingsReference::__init__	0	0	0	1	0	2
conf/__init__.py::SettingsReference::__new__	0	0	0	1	0	2
conf/__init__.py::UserSettingsHolder::__delattr__	1	0	0	2	1	4
conf/__init__.py::UserSettingsHolder::__dir__	0	0	0	1	0	5
conf/__init__.py::UserSettingsHolder::__getattr__	1	0	0	3	2	4
conf/__init__.py::UserSettingsHolder::__init__	0	0	0	1	0	7
conf/__init__.py::UserSettingsHolder::__repr__	0	0	0	1	0	4
conf/__init__.py::UserSettingsHolder::__setattr__	1	0	0	3	2	8
conf/__init__.py::UserSettingsHolder::is_overridden	2	0	0	3	1	5
conf/global_settings.py::gettext_noop	0	0	0	1	0	2
conf/urls/__init__.py::url	0	0	0	1	0	8
conf/urls/i18n.py::i18n_patterns	1	0	0	2	1	13
conf/urls/i18n.py::is_language_prefix_patterns_used	2	0	0	3	3	11
conf/urls/static.py::static	1	0	0	3	3	19
contrib/admin/__init__.py::autodiscover	0	0	0	1	0	2
contrib/admin/actions.py::delete_selected	3	0	0	9	13	63
contrib/admin/apps.py::AdminConfig::ready	0	0	0	1	0	3
contrib/admin/apps.py::SimpleAdminConfig::ready	0	0	0	1	0	3
contrib/admin/checks.py::BaseModelAdminChecks::_check_autocomplete_fields	1	0	0	2	2	11
contrib/admin/checks.py::BaseModelAdminChecks::_check_autocomplete_fields_item	1	0	0	5	6	42
contrib/admin/checks.py::BaseModelAdminChecks::_check_exclude	1	0	0	2	4	17
contrib/admin/checks.py::BaseModelAdminChecks::_check_field_spec	1	0	0	2	2	12
contrib/admin/checks.py::BaseModelAdminChecks::_check_field_spec_item	2	0	0	5	9	27
contrib/admin/checks.py::BaseModelAdminChecks::_check_fields	1	0	0	3	4	31
contrib/admin/checks.py::BaseModelAdminChecks::_check_fieldsets	1	0	0	2	3	14
contrib/admin/checks.py::BaseModelAdminChecks::_check_fieldsets_item	1	0	0	3	6	34
contrib/admin/checks.py::BaseModelAdminChecks::_check_filter_horizontal	1	0	0	2	2	9
contrib/admin/checks.py::BaseModelAdminChecks::_check_filter_item	1	0	0	3	4	13
contrib/admin/checks.py::BaseModelAdminChecks::_check_filter_vertical	1	0	0	2	2	9
contrib/admin/checks.py::BaseModelAdminChecks::_check_form	1	0	0	2	2	7
contrib/admin/checks.py::BaseModelAdminChecks::_check_ordering	1	0	0	2	3	13
contrib/admin/checks.py::BaseModelAdminChecks::_check_ordering_item	2	0	0	9	18	36
contrib/admin/checks.py::BaseModelAdminChecks::_check_prepopulated_fields	1	0	0	2	2	11
contrib/admin/checks.py::BaseModelAdminChecks::_check_prepopulated_fields_key	1	0	0	3	4	21
contrib/admin/checks.py::BaseModelAdminChecks::_check_prepopulated_fields_value	1	0	0	2	2	11
contrib/admin/checks.py::BaseModelAdminChecks::_check_prepopulated_fields_value_item	1	0	0	2	2	10
contrib/admin/checks.py::BaseModelAdminChecks::_check_radio_fields	1	0	0	2	2	10
contrib/admin/checks.py::BaseModelAdminChecks::_check_radio_fields_key	1	0	0	4	5	22
contrib/admin/checks.py::BaseModelAdminChecks::_check_radio_fields_value	1	0	0	2	2	15
contrib/admin/checks.py::BaseModelAdminChecks::_check_raw_id_fields	1	0	0	2	2	11
contrib/admin/checks.py::BaseModelAdminChecks::_check_raw_id_fields_item	1	0	0	4	5	14
contrib/admin/checks.py::BaseModelAdminChecks::_check_readonly_fields	1	0	0	2	3	12
contrib/admin/checks.py::BaseModelAdminChecks::_check_readonly_fields_item	2	0	0	3	7	23
contrib/admin/checks.py::BaseModelAdminChecks::_check_view_on_site_url	1	0	0	3	3	11
contrib/admin/checks.py::BaseModelAdminChecks::check	0	0	0	1	0	16
contrib/admin/checks.py::InlineModelAdminChecks::_check_exclude_of_parent_model	1	0	0	5	5	28
contrib/admin/checks.py::InlineModelAdminChecks::_check_extra	1	0	0	2	2	7
contrib/admin/checks.py::InlineModelAdminChecks::_check_formset	1	0	0	2	2	7
contrib/admin/checks.py::InlineModelAdminChecks::_check_max_num	1	0	0	2	3	9
contrib/admin/checks.py::InlineModelAdminChecks::_check_min_num	1	0	0	2	3	9
contrib/admin/checks.py::InlineModelAdminChecks::_check_relation	1	0	0	2	2	7
contrib/admin/checks.py::InlineModelAdminChecks::check	0	0	0	1	0	11
contrib/admin/checks.py::ModelAdminChecks::_check_action_permission_methods	3	0	0	5	8	25
contrib/admin/checks.py::ModelAdminChecks::_check_actions_uniqueness	2	0	0	3	3	16
contrib/admin/checks.py::ModelAdminChecks::_check_date_hierarchy	2	0	0	4	8	22
contrib/admin/checks.py::ModelAdminChecks::_check_inlines	1	0	0	2	2	10
contrib/admin/checks.py::ModelAdminChecks::_check_inlines_item	1	0	0	3	5	35
contrib/admin/checks.py::ModelAdminChecks::_check_list_display	1	0	0	2	2	11
contrib/admin/checks.py::ModelAdminChecks::_check_list_display_item	2	0	0	5	6	32
contrib/admin/checks.py::ModelAdminChecks::_check_list_display_links	1	0	0	2	3	16
contrib/admin/checks.py::ModelAdminChecks::_check_list_display_links_item	1	0	0	2	2	13
contrib/admin/checks.py::ModelAdminChecks::_check_list_editable	1	0	0	2	2	11
contrib/admin/checks.py::ModelAdminChecks::_check_list_editable_item	1	0	0	6	9	49
contrib/admin/checks.py::ModelAdminChecks::_check_list_filter	1	0	0	2	2	8
contrib/admin/checks.py::ModelAdminChecks::_check_list_filter_item	2	0	0	6	14	50
contrib/admin/checks.py::ModelAdminChecks::_check_list_max_show_all	1	0	0	2	2	7
contrib/admin/checks.py::ModelAdminChecks::_check_list_per_page	1	0	0	2	2	7
contrib/admin/checks.py::ModelAdminChecks::_check_list_select_related	1	0	0	2	2	7
contrib/admin/checks.py::ModelAdminChecks::_check_save_as	1	0	0	2	2	8
contrib/admin/checks.py::ModelAdminChecks::_check_save_on_top	1	0	0	2	2	8
contrib/admin/checks.py::ModelAdminChecks::_check_search_fields	1	0	0	2	2	7
contrib/admin/checks.py::ModelAdminChecks::check	0	0	0	1	0	18
contrib/admin/checks.py::_contains_subclass	2	0	0	4	5	15
contrib/admin/checks.py::_issubclass	1	0	0	2	1	9
contrib/admin/checks.py::check_admin_app	1	0	0	2	1	6
contrib/admin/checks.py::check_dependencies	2	0	0	15	21	86
contrib/admin/checks.py::must_be	0	0	0	1	0	8
contrib/admin/checks.py::must_inherit_from	0	0	0	1	0	8
contrib/admin/checks.py::refer_to_missing_field	0	0	0	1	0	9
contrib/admin/decorators.py::_model_admin_wrapper	1	0	0	5	4	15
contrib/admin/decorators.py::register	1	0	0	5	4	30
contrib/admin/filters.py::AllValuesFieldListFilter::__init__	1	0	0	2	2	14
contrib/admin/filters.py::AllValuesFieldListFilter::choices	2	0	0	5	5	23
contrib/admin/filters.py::AllValuesFieldListFilter::expected_parameters	0	0	0	1	0	2
contrib/admin/filters.py::BooleanFieldListFilter::__init__	1	0	0	4	2	9
contrib/admin/filters.py::BooleanFieldListFilter::choices	1	0	0	4	3	18
contrib/admin/filters.py::BooleanFieldListFilter::expected_parameters	0	0	0	1	0	2
contrib/admin/filters.py::ChoicesFieldListFilter::__init__	0	0	0	1	0	6
contrib/admin/filters.py::ChoicesFieldListFilter::choices	2	0	0	4	4	22
contrib/admin/filters.py::ChoicesFieldListFilter::expected_parameters	0	0	0	1	0	2
contrib/admin/filters.py::DateFieldListFilter::__init__	1	0	0	5	6	49
contrib/admin/filters.py::DateFieldListFilter::choices	1	0	0	2	1	7
contrib/admin/filters.py::DateFieldListFilter::expected_parameters	1	0	0	2	1	5
contrib/admin/filters.py::EmptyFieldListFilter::__init__	1	0	0	3	2	12
contrib/admin/filters.py::EmptyFieldListFilter::choices	1	0	0	2	1	11
contrib/admin/filters.py::EmptyFieldListFilter::expected_parameters	0	0	0	1	0	2
contrib/admin/filters.py::EmptyFieldListFilter::queryset	1	0	0	6	5	14
contrib/admin/filters.py::FieldListFilter::__init__	2	0	0	3	3	9
contrib/admin/filters.py::FieldListFilter::create	2	0	0	3	3	4
contrib/admin/filters.py::FieldListFilter::has_output	0	0	0	1	0	2
contrib/admin/filters.py::FieldListFilter::queryset	1	0	0	2	1	7
contrib/admin/filters.py::FieldListFilter::register	1	0	0	2	2	10
contrib/admin/filters.py::ListFilter::__init__	1	0	0	2	1	9
contrib/admin/filters.py::ListFilter::choices	0	0	0	1	0	7
contrib/admin/filters.py::ListFilter::expected_parameters	0	0	0	1	0	6
contrib/admin/filters.py::ListFilter::has_output	0	0	0	1	0	5
contrib/admin/filters.py::ListFilter::queryset	0	0	0	1	0	5
contrib/admin/filters.py::RelatedFieldListFilter::__init__	1	0	0	2	2	14
contrib/admin/filters.py::RelatedFieldListFilter::choices	1	0	0	4	3	18
contrib/admin/filters.py::RelatedFieldListFilter::expected_parameters	0	0	0	1	0	2
contrib/admin/filters.py::RelatedFieldListFilter::field_admin_ordering	1	0	0	2	1	8
contrib/admin/filters.py::RelatedFieldListFilter::field_choices	0	0	0	1	0	3
contrib/admin/filters.py::RelatedFieldListFilter::has_output	1	0	0	2	2	6
contrib/admin/filters.py::RelatedFieldListFilter::include_empty_choice	0	0	0	3	2	6
contrib/admin/filters.py::RelatedOnlyFieldListFilter::field_choices	0	0	0	1	0	4
contrib/admin/filters.py::SimpleListFilter::__init__	1	0	0	4	3	14
contrib/admin/filters.py::SimpleListFilter::choices	1	0	0	2	1	12
contrib/admin/filters.py::SimpleListFilter::expected_parameters	0	0	0	1	0	2
contrib/admin/filters.py::SimpleListFilter::has_output	0	0	0	1	0	2
contrib/admin/filters.py::SimpleListFilter::lookups	0	0	0	1	0	8
contrib/admin/filters.py::SimpleListFilter::value	0	0	0	1	0	7
contrib/admin/forms.py::AdminAuthenticationForm::confirm_login_allowed	1	0	0	2	1	8
contrib/admin/helpers.py::AdminErrorList::__init__	3	0	0	4	6	9
contrib/admin/helpers.py::AdminField::__init__	0	0	0	1	0	5
contrib/admin/helpers.py::AdminField::errors	0	0	0	1	0	2
contrib/admin/helpers.py::AdminField::label_tag	1	0	0	6	5	17
contrib/admin/helpers.py::AdminForm::__init__	1	0	0	2	1	10
contrib/admin/helpers.py::AdminForm::__iter__	1	0	0	2	1	8
contrib/admin/helpers.py::AdminForm::errors	0	0	0	1	0	2
contrib/admin/helpers.py::AdminForm::media	1	0	0	2	1	5
contrib/admin/helpers.py::AdminForm::non_field_errors	0	0	0	1	0	2
contrib/admin/helpers.py::AdminReadonlyField::__init__	2	0	0	7	10	31
contrib/admin/helpers.py::AdminReadonlyField::contents	3	0	0	10	20	34
contrib/admin/helpers.py::AdminReadonlyField::get_admin_url	1	0	0	2	1	10
contrib/admin/helpers.py::AdminReadonlyField::label_tag	1	0	0	2	1	6
contrib/admin/helpers.py::Fieldline::__init__	1	0	0	5	5	14
contrib/admin/helpers.py::Fieldline::__iter__	2	0	0	3	4	6
contrib/admin/helpers.py::Fieldline::errors	0	0	0	1	0	6
contrib/admin/helpers.py::Fieldset::__init__	0	0	0	1	0	8
contrib/admin/helpers.py::Fieldset::__iter__	1	0	0	2	1	3
contrib/admin/helpers.py::Fieldset::media	1	0	0	2	1	4
contrib/admin/helpers.py::InlineAdminForm::__init__	0	0	0	2	1	8
contrib/admin/helpers.py::InlineAdminForm::__iter__	1	0	0	2	1	6
contrib/admin/helpers.py::InlineAdminForm::deletion_field	0	0	0	1	0	3
contrib/admin/helpers.py::InlineAdminForm::fk_field	1	0	0	2	2	6
contrib/admin/helpers.py::InlineAdminForm::needs_explicit_pk_field	0	0	0	4	2	10
contrib/admin/helpers.py::InlineAdminForm::ordering_field	0	0	0	1	0	3
contrib/admin/helpers.py::InlineAdminForm::pk_field	0	0	0	1	0	2
contrib/admin/helpers.py::InlineAdminFormSet::__init__	1	0	0	4	3	19
contrib/admin/helpers.py::InlineAdminFormSet::__iter__	1	0	0	5	5	24
contrib/admin/helpers.py::InlineAdminFormSet::fields	3	0	0	11	15	33
contrib/admin/helpers.py::InlineAdminFormSet::forms	0	0	0	1	0	2
contrib/admin/helpers.py::InlineAdminFormSet::inline_formset_data	0	0	0	1	0	12
contrib/admin/helpers.py::InlineAdminFormSet::media	1	0	0	2	1	5
contrib/admin/helpers.py::InlineAdminFormSet::non_form_errors	0	0	0	1	0	2
contrib/admin/helpers.py::InlineFieldset::__init__	0	0	0	1	0	3
contrib/admin/helpers.py::InlineFieldset::__iter__	2	0	0	4	4	5
contrib/admin/models.py::LogEntry::__repr__	0	0	0	1	0	2
contrib/admin/models.py::LogEntry::__str__	1	0	0	2	3	12
contrib/admin/models.py::LogEntry::get_admin_url	2	0	0	4	4	11
contrib/admin/models.py::LogEntry::get_change_message	4	2	12	9	23	39
contrib/admin/models.py::LogEntry::get_edited_object	0	0	0	1	0	3
contrib/admin/models.py::LogEntry::is_addition	0	0	0	1	0	2
contrib/admin/models.py::LogEntry::is_change	0	0	0	1	0	2
contrib/admin/models.py::LogEntry::is_deletion	0	0	0	1	0	2
contrib/admin/models.py::LogEntryManager::log_action	1	0	0	2	1	11
contrib/admin/options.py::BaseModelAdmin::__init__	1	0	0	2	1	7
contrib/admin/options.py::BaseModelAdmin::check	0	0	0	1	0	2
contrib/admin/options.py::BaseModelAdmin::formfield_for_choice_field	2	0	0	4	5	17
contrib/admin/options.py::BaseModelAdmin::formfield_for_dbfield	3	0	0	10	16	56
contrib/admin/options.py::BaseModelAdmin::formfield_for_foreignkey	3	0	0	6	11	23
contrib/admin/options.py::BaseModelAdmin::formfield_for_manytomany	2	0	0	9	13	41
contrib/admin/options.py::BaseModelAdmin::get_autocomplete_fields	0	0	0	1	0	6
contrib/admin/options.py::BaseModelAdmin::get_empty_value_display	1	0	0	2	1	8
contrib/admin/options.py::BaseModelAdmin::get_exclude	0	0	0	1	0	5
contrib/admin/options.py::BaseModelAdmin::get_field_queryset	2	0	0	4	4	12
contrib/admin/options.py::BaseModelAdmin::get_fields	1	0	0	2	1	9
contrib/admin/options.py::BaseModelAdmin::get_fieldsets	1	0	0	2	1	7
contrib/admin/options.py::BaseModelAdmin::get_inlines	0	0	0	1	0	3
contrib/admin/options.py::BaseModelAdmin::get_ordering	0	0	0	2	1	5
contrib/admin/options.py::BaseModelAdmin::get_prepopulated_fields	0	0	0	1	0	5
contrib/admin/options.py::BaseModelAdmin::get_queryset	1	0	0	2	1	11
contrib/admin/options.py::BaseModelAdmin::get_readonly_fields	0	0	0	1	0	5
contrib/admin/options.py::BaseModelAdmin::get_sortable_by	1	0	0	2	1	3
contrib/admin/options.py::BaseModelAdmin::get_view_on_site_url	1	0	0	4	4	12
contrib/admin/options.py::BaseModelAdmin::has_add_permission	0	0	0	1	0	8
contrib/admin/options.py::BaseModelAdmin::has_change_permission	0	0	0	1	0	14
contrib/admin/options.py::BaseModelAdmin::has_delete_permission	0	0	0	1	0	14
contrib/admin/options.py::BaseModelAdmin::has_module_permission	0	0	0	1	0	12
contrib/admin/options.py::BaseModelAdmin::has_view_or_change_permission	0	0	0	2	1	2
contrib/admin/options.py::BaseModelAdmin::has_view_permission	0	0	0	2	1	18
contrib/admin/options.py::BaseModelAdmin::lookup_allowed	2	0	0	14	21	53
contrib/admin/options.py::BaseModelAdmin::to_field_allowed	2	0	0	12	13	44
contrib/admin/options.py::DeleteProtectedModelForm::hand_clean_DELETE	3	0	0	5	8	31
contrib/admin/options.py::DeleteProtectedModelForm::has_changed	1	0	0	5	4	7
contrib/admin/options.py::DeleteProtectedModelForm::is_valid	0	0	0	1	0	4
contrib/admin/options.py::InlineModelAdmin::__init__	1	0	0	3	2	10
contrib/admin/options.py::InlineModelAdmin::_get_form_for_get_fields	0	0	0	1	0	2
contrib/admin/options.py::InlineModelAdmin::_has_any_perms_for_target_model	2	0	0	4	4	17
contrib/admin/options.py::InlineModelAdmin::get_extra	0	0	0	1	0	3
contrib/admin/options.py::InlineModelAdmin::get_formset	3	0	0	20	23	88
contrib/admin/options.py::InlineModelAdmin::get_max_num	0	0	0	1	0	3
contrib/admin/options.py::InlineModelAdmin::get_min_num	0	0	0	1	0	3
contrib/admin/options.py::InlineModelAdmin::get_queryset	1	0	0	2	1	5
contrib/admin/options.py::InlineModelAdmin::has_add_permission	1	0	0	2	1	8
contrib/admin/options.py::InlineModelAdmin::has_change_permission	1	0	0	2	1	5
contrib/admin/options.py::InlineModelAdmin::has_delete_permission	1	0	0	2	1	5
contrib/admin/options.py::InlineModelAdmin::has_view_permission	1	0	0	2	1	6
contrib/admin/options.py::InlineModelAdmin::media	1	0	0	6	5	8
contrib/admin/options.py::ModelAdmin::__init__	0	0	0	1	0	5
contrib/admin/options.py::ModelAdmin::__str__	0	0	0	1	0	2
contrib/admin/options.py::ModelAdmin::_changeform_view	3	0	0	29	49	113
contrib/admin/options.py::ModelAdmin::_create_formsets	4	1	2	11	20	44
contrib/admin/options.py::ModelAdmin::_delete_view	2	0	0	13	15	57
contrib/admin/options.py::ModelAdmin::_filter_actions_by_permissions	2	0	0	4	5	15
contrib/admin/options.py::ModelAdmin::_get_action_description	0	0	0	1	0	2
contrib/admin/options.py::ModelAdmin::_get_base_actions	2	0	0	4	4	17
contrib/admin/options.py::ModelAdmin::_get_edited_object_pks	0	0	0	1	0	6
contrib/admin/options.py::ModelAdmin::_get_form_for_get_fields	0	0	0	1	0	2
contrib/admin/options.py::ModelAdmin::_get_list_editable_queryset	1	0	0	3	2	15
contrib/admin/options.py::ModelAdmin::_get_obj_does_not_exist_redirect	0	0	0	1	0	12
contrib/admin/options.py::ModelAdmin::_response_post_save	1	0	0	2	2	12
contrib/admin/options.py::ModelAdmin::action_checkbox	0	0	0	1	0	5
contrib/admin/options.py::ModelAdmin::add_view	0	0	0	1	0	2
contrib/admin/options.py::ModelAdmin::change_view	0	0	0	1	0	2
contrib/admin/options.py::ModelAdmin::changeform_view	0	0	0	1	0	3
contrib/admin/options.py::ModelAdmin::changelist_view	4	1	7	31	46	154
contrib/admin/options.py::ModelAdmin::construct_change_message	0	0	0	1	0	5
contrib/admin/options.py::ModelAdmin::construct_search	3	0	0	8	15	28
contrib/admin/options.py::ModelAdmin::delete_model	0	0	0	1	0	5
contrib/admin/options.py::ModelAdmin::delete_queryset	0	0	0	1	0	3
contrib/admin/options.py::ModelAdmin::delete_view	0	0	0	1	0	3
contrib/admin/options.py::ModelAdmin::get_action	2	0	0	3	5	26
contrib/admin/options.py::ModelAdmin::get_action_choices	1	0	0	2	1	10
contrib/admin/options.py::ModelAdmin::get_actions	1	0	0	3	2	11
contrib/admin/options.py::ModelAdmin::get_changeform_initial_data	2	0	0	4	5	14
contrib/admin/options.py::ModelAdmin::get_changelist	0	0	0	1	0	6
contrib/admin/options.py::ModelAdmin::get_changelist_form	1	0	0	3	2	12
contrib/admin/options.py::ModelAdmin::get_changelist_formset	0	0	0	1	0	13
contrib/admin/options.py::ModelAdmin::get_changelist_instance	1	0	0	2	1	27
contrib/admin/options.py::ModelAdmin::get_deleted_objects	0	0	0	1	0	6
contrib/admin/options.py::ModelAdmin::get_form	1	0	0	13	11	47
contrib/admin/options.py::ModelAdmin::get_formsets_with_inlines	1	0	0	2	1	6
contrib/admin/options.py::ModelAdmin::get_inline_formsets	2	0	0	4	5	24
contrib/admin/options.py::ModelAdmin::get_inline_instances	3	0	0	7	10	14
contrib/admin/options.py::ModelAdmin::get_list_display	0	0	0	1	0	6
contrib/admin/options.py::ModelAdmin::get_list_display_links	1	0	0	4	3	11
contrib/admin/options.py::ModelAdmin::get_list_filter	0	0	0	1	0	6
contrib/admin/options.py::ModelAdmin::get_list_select_related	0	0	0	1	0	6
contrib/admin/options.py::ModelAdmin::get_model_perms	0	0	0	1	0	12
contrib/admin/options.py::ModelAdmin::get_object	1	0	0	3	2	14
contrib/admin/options.py::ModelAdmin::get_paginator	0	0	0	1	0	2
contrib/admin/options.py::ModelAdmin::get_preserved_filters	2	0	0	5	7	17
contrib/admin/options.py::ModelAdmin::get_search_fields	0	0	0	1	0	6
contrib/admin/options.py::ModelAdmin::get_search_results	3	0	0	12	22	49
contrib/admin/options.py::ModelAdmin::get_urls	0	0	0	1	0	22
contrib/admin/options.py::ModelAdmin::history_view	1	0	0	5	4	39
contrib/admin/options.py::ModelAdmin::log_addition	0	0	0	1	0	15
contrib/admin/options.py::ModelAdmin::log_change	0	0	0	1	0	15
contrib/admin/options.py::ModelAdmin::log_deletion	0	0	0	1	0	15
contrib/admin/options.py::ModelAdmin::media	1	0	0	2	1	13
contrib/admin/options.py::ModelAdmin::message_user	2	0	0	3	3	24
contrib/admin/options.py::ModelAdmin::render_change_form	2	0	0	9	9	46
contrib/admin/options.py::ModelAdmin::render_delete_form	0	0	0	2	1	20
contrib/admin/options.py::ModelAdmin::response_action	2	0	0	8	12	66
contrib/admin/options.py::ModelAdmin::response_add	2	0	0	10	16	76
contrib/admin/options.py::ModelAdmin::response_change	2	0	0	5	8	74
contrib/admin/options.py::ModelAdmin::response_delete	1	0	0	4	4	40
contrib/admin/options.py::ModelAdmin::response_post_save_add	0	0	0	1	0	6
contrib/admin/options.py::ModelAdmin::response_post_save_change	0	0	0	1	0	6
contrib/admin/options.py::ModelAdmin::save_form	0	0	0	1	0	6
contrib/admin/options.py::ModelAdmin::save_formset	0	0	0	1	0	5
contrib/admin/options.py::ModelAdmin::save_model	0	0	0	1	0	5
contrib/admin/options.py::ModelAdmin::save_related	1	0	0	2	1	11
contrib/admin/options.py::ModelAdmin::urls	0	0	0	1	0	2
contrib/admin/options.py::ModelAdmin::user_deleted_form	0	0	0	2	1	6
contrib/admin/options.py::ModelAdmin::wrap	0	0	0	1	0	5
contrib/admin/options.py::ModelAdmin::wrapper	0	0	0	1	0	2
contrib/admin/options.py::get_content_type_for_model	0	0	0	1	0	5
contrib/admin/options.py::get_ul_class	1	0	0	2	1	2
contrib/admin/sites.py::AdminSite::__init__	0	0	0	1	0	6
contrib/admin/sites.py::AdminSite::_build_app_dict	3	0	0	12	22	67
contrib/admin/sites.py::AdminSite::actions	0	0	0	1	0	5
contrib/admin/sites.py::AdminSite::add_action	0	0	0	2	1	7
contrib/admin/sites.py::AdminSite::admin_view	2	0	0	5	5	43
contrib/admin/sites.py::AdminSite::app_index	2	0	0	4	3	20
contrib/admin/sites.py::AdminSite::autocomplete_view	0	0	0	1	0	2
contrib/admin/sites.py::AdminSite::check	2	0	0	4	4	15
contrib/admin/sites.py::AdminSite::disable_action	0	0	0	1	0	5
contrib/admin/sites.py::AdminSite::each_context	1	0	0	3	2	19
contrib/admin/sites.py::AdminSite::get_action	0	0	0	1	0	6
contrib/admin/sites.py::AdminSite::get_app_list	3	0	0	2	1	15
contrib/admin/sites.py::AdminSite::get_urls	2	0	0	4	4	51
contrib/admin/sites.py::AdminSite::has_permission	0	0	0	2	1	6
contrib/admin/sites.py::AdminSite::i18n_javascript	0	0	0	1	0	8
contrib/admin/sites.py::AdminSite::index	0	0	0	3	2	17
contrib/admin/sites.py::AdminSite::inner	2	0	0	3	3	13
contrib/admin/sites.py::AdminSite::is_registered	0	0	0	1	0	5
contrib/admin/sites.py::AdminSite::login	1	0	0	8	7	32
contrib/admin/sites.py::AdminSite::logout	1	0	0	3	2	20
contrib/admin/sites.py::AdminSite::password_change	1	0	0	3	2	16
contrib/admin/sites.py::AdminSite::password_change_done	1	0	0	3	2	12
contrib/admin/sites.py::AdminSite::register	3	0	0	9	16	47
contrib/admin/sites.py::AdminSite::unregister	2	0	0	4	4	12
contrib/admin/sites.py::AdminSite::urls	0	0	0	1	0	2
contrib/admin/sites.py::AdminSite::wrap	0	0	0	1	0	5
contrib/admin/sites.py::AdminSite::wrapper	0	0	0	1	0	2
contrib/admin/sites.py::DefaultAdminSite::_setup	0	0	0	1	0	3
contrib/admin/static/admin/js/SelectBox.js::add_to_cache	0	0	0	1	0	3
contrib/admin/static/admin/js/SelectBox.js::cache_contains	2	0	0	3	3	9
contrib/admin/static/admin/js/SelectBox.js::delete_from_cache	2	0	0	3	3	11
contrib/admin/static/admin/js/SelectBox.js::filter	3	0	0	4	6	16
contrib/admin/static/admin/js/SelectBox.js::init	1	0	0	2	1	8
contrib/admin/static/admin/js/SelectBox.js::move	2	0	0	4	4	12
contrib/admin/static/admin/js/SelectBox.js::move_all	2	0	0	3	3	12
contrib/admin/static/admin/js/SelectBox.js::redisplay	2	0	0	3	3	15
contrib/admin/static/admin/js/SelectBox.js::select_all	1	0	0	2	1	6
contrib/admin/static/admin/js/SelectBox.js::sort	1	0	0	3	2	13
contrib/admin/static/admin/js/SelectFilter2.js::any_selected	0	0	0	1	0	7
contrib/admin/static/admin/js/SelectFilter2.js::filter_key_down	2	0	0	16	18	18
contrib/admin/static/admin/js/SelectFilter2.js::filter_key_press	1	0	0	5	4	10
contrib/admin/static/admin/js/SelectFilter2.js::filter_key_up	0	0	0	1	0	6
contrib/admin/static/admin/js/SelectFilter2.js::init	2	0	0	12	15	167
contrib/admin/static/admin/js/SelectFilter2.js::move_selection	2	0	0	12	15	167
contrib/admin/static/admin/js/SelectFilter2.js::refresh_icons	0	0	0	1	0	10
contrib/admin/static/admin/js/actions.js::checker	1	0	0	2	2	11
contrib/admin/static/admin/js/actions.js::clearAcross	0	0	0	1	0	5
contrib/admin/static/admin/js/actions.js::hide	0	0	0	1	0	5
contrib/admin/static/admin/js/actions.js::ready	1	0	0	2	2	7
contrib/admin/static/admin/js/actions.js::reset	0	0	0	1	0	6
contrib/admin/static/admin/js/actions.js::show	0	0	0	1	0	5
contrib/admin/static/admin/js/actions.js::showClear	0	0	0	1	0	7
contrib/admin/static/admin/js/actions.js::showQuestion	0	0	0	1	0	5
contrib/admin/static/admin/js/actions.js::updateCounter	1	0	0	2	2	21
contrib/admin/static/admin/js/admin/DateTimeShortcuts.js::addCalendar	1	0	0	2	1	120
contrib/admin/static/admin/js/admin/DateTimeShortcuts.js::addClock	1	0	0	3	2	90
contrib/admin/static/admin/js/admin/DateTimeShortcuts.js::addTimezoneWarning	1	0	0	4	4	38
contrib/admin/static/admin/js/admin/DateTimeShortcuts.js::dismissCalendar	0	0	0	1	0	4
contrib/admin/static/admin/js/admin/DateTimeShortcuts.js::dismissClock	0	0	0	1	0	4
contrib/admin/static/admin/js/admin/DateTimeShortcuts.js::drawNext	0	0	0	1	0	3
contrib/admin/static/admin/js/admin/DateTimeShortcuts.js::drawPrev	0	0	0	1	0	3
contrib/admin/static/admin/js/admin/DateTimeShortcuts.js::handleCalendarCallback	0	0	0	1	0	14
contrib/admin/static/admin/js/admin/DateTimeShortcuts.js::handleCalendarQuickLink	0	0	0	1	0	7
contrib/admin/static/admin/js/admin/DateTimeShortcuts.js::handleClockQuicklink	1	0	0	2	2	12
contrib/admin/static/admin/js/admin/DateTimeShortcuts.js::init	2	0	0	7	7	18
contrib/admin/static/admin/js/admin/DateTimeShortcuts.js::now	1	0	0	2	2	11
contrib/admin/static/admin/js/admin/DateTimeShortcuts.js::openCalendar	2	0	0	6	6	33
contrib/admin/static/admin/js/admin/DateTimeShortcuts.js::openClock	1	0	0	2	2	20
contrib/admin/static/admin/js/admin/RelatedObjectLookups.js::dismissAddRelatedObjectPopup	3	0	0	6	10	24
contrib/admin/static/admin/js/admin/RelatedObjectLookups.js::dismissChangeRelatedObjectPopup	1	0	0	2	1	18
contrib/admin/static/admin/js/admin/RelatedObjectLookups.js::dismissDeleteRelatedObjectPopup	1	0	0	2	1	11
contrib/admin/static/admin/js/admin/RelatedObjectLookups.js::dismissRelatedLookupPopup	1	0	0	3	3	10
contrib/admin/static/admin/js/admin/RelatedObjectLookups.js::showAdminPopup	1	0	0	2	1	10
contrib/admin/static/admin/js/admin/RelatedObjectLookups.js::showRelatedObjectLookupPopup	0	0	0	1	0	3
contrib/admin/static/admin/js/admin/RelatedObjectLookups.js::showRelatedObjectPopup	0	0	0	1	0	3
contrib/admin/static/admin/js/admin/RelatedObjectLookups.js::updateRelatedObjectLinks	1	0	0	3	3	16
contrib/admin/static/admin/js/autocomplete.js::data	0	0	0	1	0	9
contrib/admin/static/admin/js/autocomplete.js::init	0	0	0	1	0	16
contrib/admin/static/admin/js/calendar.js::Calendar	1	0	0	2	1	15
contrib/admin/static/admin/js/calendar.js::calendarMonth	0	0	0	1	0	7
contrib/admin/static/admin/js/calendar.js::draw	3	0	0	15	19	91
contrib/admin/static/admin/js/calendar.js::drawCurrent	0	0	0	1	0	3
contrib/admin/static/admin/js/calendar.js::drawDate	1	0	0	2	1	10
contrib/admin/static/admin/js/calendar.js::drawNextMonth	1	0	0	2	2	10
contrib/admin/static/admin/js/calendar.js::drawNextYear	0	0	0	1	0	4
contrib/admin/static/admin/js/calendar.js::drawPreviousMonth	1	0	0	2	2	10
contrib/admin/static/admin/js/calendar.js::drawPreviousYear	0	0	0	1	0	4
contrib/admin/static/admin/js/calendar.js::getDaysInMonth	1	0	0	14	7	16
contrib/admin/static/admin/js/calendar.js::isLeapYear	0	0	0	3	2	3
contrib/admin/static/admin/js/calendar.js::onClick	0	0	0	1	0	4
contrib/admin/static/admin/js/cancel.js::handleClick	1	0	0	2	2	9
contrib/admin/static/admin/js/cancel.js::ready	1	0	0	2	2	7
contrib/admin/static/admin/js/collapse.js::toggleFunc	2	0	0	5	7	39
contrib/admin/static/admin/js/core.js::findPosX	2	0	0	4	4	12
contrib/admin/static/admin/js/core.js::findPosY	2	0	0	4	4	12
contrib/admin/static/admin/js/core.js::getAbbrevMonthName	1	0	0	2	1	5
contrib/admin/static/admin/js/core.js::getFullMonthName	1	0	0	2	1	5
contrib/admin/static/admin/js/core.js::getTwelveHours	0	0	0	2	1	3
contrib/admin/static/admin/js/core.js::getTwoDigitDate	1	0	0	2	1	3
contrib/admin/static/admin/js/core.js::getTwoDigitHour	1	0	0	2	1	3
contrib/admin/static/admin/js/core.js::getTwoDigitMinute	1	0	0	2	1	3
contrib/admin/static/admin/js/core.js::getTwoDigitMonth	1	0	0	2	1	3
contrib/admin/static/admin/js/core.js::getTwoDigitSecond	1	0	0	2	1	3
contrib/admin/static/admin/js/core.js::getTwoDigitTwelveHour	1	0	0	2	1	3
contrib/admin/static/admin/js/core.js::quickElement	1	0	0	3	2	13
contrib/admin/static/admin/js/core.js::removeChildren	1	0	0	2	1	5
contrib/admin/static/admin/js/core.js::strftime	2	0	0	4	5	32
contrib/admin/static/admin/js/core.js::strptime	3	0	0	3	7	34
contrib/admin/static/admin/js/inlines.js::addInlineAddButton	2	0	0	23	27	167
contrib/admin/static/admin/js/inlines.js::addInlineClickHandler	2	0	0	23	27	167
contrib/admin/static/admin/js/inlines.js::addInlineDeleteButton	2	0	0	23	27	167
contrib/admin/static/admin/js/inlines.js::added	0	0	0	1	0	5
contrib/admin/static/admin/js/inlines.js::initPrepopulatedFields	1	0	0	5	4	58
contrib/admin/static/admin/js/inlines.js::inlineDeleteHandler	2	0	0	23	27	167
contrib/admin/static/admin/js/inlines.js::reinitDateTimeShortCuts	1	0	0	5	4	58
contrib/admin/static/admin/js/inlines.js::toggleDeleteButtonVisibility	2	0	0	23	27	167
contrib/admin/static/admin/js/inlines.js::updateElementCallback	1	0	0	7	6	38
contrib/admin/static/admin/js/inlines.js::updateElementIndex	2	0	0	23	27	167
contrib/admin/static/admin/js/inlines.js::updateInlineLabel	1	0	0	5	4	65
contrib/admin/static/admin/js/inlines.js::updateSelectFilter	1	0	0	5	4	58
contrib/admin/static/admin/js/nav_sidebar.js::disableNavLinkTabbing	1	0	0	2	1	5
contrib/admin/static/admin/js/nav_sidebar.js::enableNavLinkTabbing	1	0	0	2	1	5
contrib/admin/static/admin/js/prepopulate.js::populate	1	0	0	4	3	28
contrib/admin/static/admin/js/urlify.js::URLify	1	0	0	3	3	20
contrib/admin/static/admin/js/urlify.js::downcode	0	0	0	1	0	6
contrib/admin/templatetags/admin_list.py::ResultList::__init__	0	0	0	1	0	3
contrib/admin/templatetags/admin_list.py::_boolean_icon	0	0	0	1	0	3
contrib/admin/templatetags/admin_list.py::_coerce_field_name	2	0	0	3	4	10
contrib/admin/templatetags/admin_list.py::admin_actions	0	0	0	1	0	7
contrib/admin/templatetags/admin_list.py::admin_actions_tag	0	0	0	1	0	2
contrib/admin/templatetags/admin_list.py::admin_list_filter	0	0	0	1	0	7
contrib/admin/templatetags/admin_list.py::change_list_object_tools_tag	2	0	0	1	0	7
contrib/admin/templatetags/admin_list.py::date_hierarchy	5	2	9	16	36	85
contrib/admin/templatetags/admin_list.py::date_hierarchy_tag	0	0	0	1	0	7
contrib/admin/templatetags/admin_list.py::items_for_result	4	1	4	24	53	83
contrib/admin/templatetags/admin_list.py::link	0	0	0	1	0	2
contrib/admin/templatetags/admin_list.py::link_in_col	1	0	0	4	3	6
contrib/admin/templatetags/admin_list.py::make_qs_param	1	0	0	2	1	2
contrib/admin/templatetags/admin_list.py::pagination	1	0	0	7	5	15
contrib/admin/templatetags/admin_list.py::pagination_tag	0	0	0	1	0	7
contrib/admin/templatetags/admin_list.py::paginator_number	2	0	0	3	5	15
contrib/admin/templatetags/admin_list.py::result_headers	3	0	0	15	30	90
contrib/admin/templatetags/admin_list.py::result_hidden_fields	3	0	0	4	6	5
contrib/admin/templatetags/admin_list.py::result_list	2	0	0	4	4	16
contrib/admin/templatetags/admin_list.py::result_list_tag	0	0	0	1	0	7
contrib/admin/templatetags/admin_list.py::results	2	0	0	4	6	7
contrib/admin/templatetags/admin_list.py::search_form	0	0	0	1	0	9
contrib/admin/templatetags/admin_list.py::search_form_tag	0	0	0	1	0	2
contrib/admin/templatetags/admin_modify.py::cell_count	3	0	0	5	7	12
contrib/admin/templatetags/admin_modify.py::change_form_object_tools_tag	2	0	0	1	0	7
contrib/admin/templatetags/admin_modify.py::prepopulated_fields_js	4	1	2	8	13	30
contrib/admin/templatetags/admin_modify.py::prepopulated_fields_js_tag	0	0	0	1	0	2
contrib/admin/templatetags/admin_modify.py::submit_row	0	0	0	22	11	39
contrib/admin/templatetags/admin_modify.py::submit_row_tag	0	0	0	1	0	2
contrib/admin/templatetags/admin_urls.py::add_preserved_filters	2	0	0	8	10	35
contrib/admin/templatetags/admin_urls.py::admin_urlname	0	0	0	1	0	2
contrib/admin/templatetags/admin_urls.py::admin_urlquote	0	0	0	1	0	2
contrib/admin/templatetags/base.py::InclusionAdminNode::__init__	0	0	0	1	0	9
contrib/admin/templatetags/base.py::InclusionAdminNode::render	0	0	0	1	0	12
contrib/admin/templatetags/log.py::AdminLogNode::__init__	0	0	0	1	0	2
contrib/admin/templatetags/log.py::AdminLogNode::__repr__	0	0	0	1	0	2
contrib/admin/templatetags/log.py::AdminLogNode::render	2	0	0	3	4	10
contrib/admin/templatetags/log.py::get_admin_log	2	0	0	7	7	33
contrib/admin/tests.py::AdminSeleniumTestCase::_assertOptionsValues	3	0	0	3	4	15
contrib/admin/tests.py::AdminSeleniumTestCase::admin_login	0	0	0	1	0	12
contrib/admin/tests.py::AdminSeleniumTestCase::assertSelectOptions	0	0	0	1	0	6
contrib/admin/tests.py::AdminSeleniumTestCase::assertSelectedOptions	0	0	0	1	0	6
contrib/admin/tests.py::AdminSeleniumTestCase::deselect_option	0	0	0	1	0	8
contrib/admin/tests.py::AdminSeleniumTestCase::has_css_class	0	0	0	1	0	7
contrib/admin/tests.py::AdminSeleniumTestCase::select_option	0	0	0	1	0	8
contrib/admin/tests.py::AdminSeleniumTestCase::wait_for	0	0	0	1	0	10
contrib/admin/tests.py::AdminSeleniumTestCase::wait_for_and_switch_to_popup	2	0	0	1	0	9
contrib/admin/tests.py::AdminSeleniumTestCase::wait_for_text	0	0	0	1	0	11
contrib/admin/tests.py::AdminSeleniumTestCase::wait_for_value	0	0	0	1	0	11
contrib/admin/tests.py::AdminSeleniumTestCase::wait_page_loaded	0	0	0	1	0	10
contrib/admin/tests.py::AdminSeleniumTestCase::wait_page_ready	2	0	0	1	0	8
contrib/admin/tests.py::AdminSeleniumTestCase::wait_until	0	0	0	1	0	9
contrib/admin/tests.py::AdminSeleniumTestCase::wait_until_invisible	0	0	0	1	0	10
contrib/admin/tests.py::AdminSeleniumTestCase::wait_until_visible	0	0	0	1	0	10
contrib/admin/tests.py::CSPMiddleware::process_response	0	0	0	1	0	3
contrib/admin/utils.py::NestedObjects::__init__	0	0	0	1	0	5
contrib/admin/utils.py::NestedObjects::_nested	1	0	0	5	5	14
contrib/admin/utils.py::NestedObjects::add_edge	0	0	0	1	0	2
contrib/admin/utils.py::NestedObjects::can_fast_delete	0	0	0	1	0	6
contrib/admin/utils.py::NestedObjects::collect	2	0	0	6	7	17
contrib/admin/utils.py::NestedObjects::nested	1	0	0	2	1	9
contrib/admin/utils.py::NestedObjects::related_objects	0	0	0	1	0	3
contrib/admin/utils.py::_get_changed_field_labels_from_form	2	0	0	4	4	9
contrib/admin/utils.py::_get_non_gfk_field	1	0	0	9	6	19
contrib/admin/utils.py::construct_change_message	3	0	0	7	14	47
contrib/admin/utils.py::display_for_field	2	0	0	5	14	28
contrib/admin/utils.py::display_for_value	1	0	0	2	8	19
contrib/admin/utils.py::flatten	2	0	0	3	4	11
contrib/admin/utils.py::flatten_fieldsets	1	0	0	2	1	8
contrib/admin/utils.py::format_callback	2	0	0	4	6	29
contrib/admin/utils.py::get_deleted_objects	2	0	0	5	8	54
contrib/admin/utils.py::get_fields_from_path	2	0	0	3	4	18
contrib/admin/utils.py::get_model_from_relation	1	0	0	2	2	5
contrib/admin/utils.py::help_text_for_field	1	0	0	3	3	10
contrib/admin/utils.py::label_for_field	4	3	8	14	36	58
contrib/admin/utils.py::lookup_field	3	0	0	5	11	24
contrib/admin/utils.py::lookup_needs_distinct	3	0	0	6	11	23
contrib/admin/utils.py::model_format_dict	1	0	0	2	3	17
contrib/admin/utils.py::model_ngettext	2	0	0	4	4	16
contrib/admin/utils.py::prepare_lookup_value	1	0	0	2	2	11
contrib/admin/utils.py::quote	1	0	0	2	1	8
contrib/admin/utils.py::reverse_field_path	3	0	0	7	11	29
contrib/admin/utils.py::unquote	2	0	0	1	0	3
contrib/admin/views/autocomplete.py::AutocompleteJsonView::get	1	0	0	2	1	22
contrib/admin/views/autocomplete.py::AutocompleteJsonView::get_paginator	0	0	0	1	0	3
contrib/admin/views/autocomplete.py::AutocompleteJsonView::get_queryset	1	0	0	2	1	8
contrib/admin/views/autocomplete.py::AutocompleteJsonView::has_perm	0	0	0	1	0	3
contrib/admin/views/autocomplete.py::AutocompleteJsonView::process_request	1	0	0	8	7	50
contrib/admin/views/decorators.py::staff_member_required	2	0	0	3	2	14
contrib/admin/views/main.py::ChangeList::__init__	2	0	0	11	14	58
contrib/admin/views/main.py::ChangeList::_get_default_ordering	1	0	0	2	2	7
contrib/admin/views/main.py::ChangeList::_get_deterministic_ordering	3	0	0	13	29	61
contrib/admin/views/main.py::ChangeList::apply_select_related	2	0	0	5	5	11
contrib/admin/views/main.py::ChangeList::get_filters	3	0	0	22	47	90
contrib/admin/views/main.py::ChangeList::get_filters_params	2	0	0	4	4	12
contrib/admin/views/main.py::ChangeList::get_ordering	4	2	4	10	25	42
contrib/admin/views/main.py::ChangeList::get_ordering_field	2	0	0	5	8	23
contrib/admin/views/main.py::ChangeList::get_ordering_field_columns	5	3	10	12	38	39
contrib/admin/views/main.py::ChangeList::get_query_string	3	0	0	9	15	17
contrib/admin/views/main.py::ChangeList::get_queryset	2	0	0	7	8	53
contrib/admin/views/main.py::ChangeList::get_results	2	0	0	7	9	32
contrib/admin/views/main.py::ChangeList::has_related_field_in_list_display	3	0	0	5	9	12
contrib/admin/views/main.py::ChangeList::url_for_result	0	0	0	1	0	6
contrib/admin/views/main.py::ChangeListSearchForm::__init__	0	0	0	1	0	6
contrib/admin/widgets.py::AdminDateWidget::__init__	0	0	0	2	1	3
contrib/admin/widgets.py::AdminEmailInputWidget::__init__	0	0	0	2	1	2
contrib/admin/widgets.py::AdminIntegerFieldWidget::__init__	0	0	0	2	1	2
contrib/admin/widgets.py::AdminSplitDateTime::__init__	0	0	0	1	0	5
contrib/admin/widgets.py::AdminSplitDateTime::get_context	0	0	0	1	0	5
contrib/admin/widgets.py::AdminTextInputWidget::__init__	0	0	0	2	1	2
contrib/admin/widgets.py::AdminTextareaWidget::__init__	0	0	0	2	1	2
contrib/admin/widgets.py::AdminTimeWidget::__init__	0	0	0	2	1	3
contrib/admin/widgets.py::AdminURLFieldWidget::__init__	0	0	0	2	1	3
contrib/admin/widgets.py::AdminURLFieldWidget::get_context	1	0	0	4	3	12
contrib/admin/widgets.py::AdminUUIDInputWidget::__init__	0	0	0	2	1	2
contrib/admin/widgets.py::AutocompleteMixin::__init__	1	0	0	2	1	6
contrib/admin/widgets.py::AutocompleteMixin::build_attrs	1	0	0	2	1	24
contrib/admin/widgets.py::AutocompleteMixin::get_url	0	0	0	1	0	2
contrib/admin/widgets.py::AutocompleteMixin::media	1	0	0	3	2	19
contrib/admin/widgets.py::AutocompleteMixin::optgroups	1	0	0	6	5	26
contrib/admin/widgets.py::FilteredSelectMultiple::__init__	0	0	0	1	0	4
contrib/admin/widgets.py::FilteredSelectMultiple::get_context	1	0	0	2	1	8
contrib/admin/widgets.py::ForeignKeyRawIdWidget::__init__	0	0	0	1	0	5
contrib/admin/widgets.py::ForeignKeyRawIdWidget::base_url_parameters	1	0	0	2	1	5
contrib/admin/widgets.py::ForeignKeyRawIdWidget::get_context	2	0	0	4	6	27
contrib/admin/widgets.py::ForeignKeyRawIdWidget::label_and_url_for_value	1	0	0	3	2	20
contrib/admin/widgets.py::ForeignKeyRawIdWidget::url_parameters	0	0	0	1	0	5
contrib/admin/widgets.py::ManyToManyRawIdWidget::format_value	1	0	0	2	1	2
contrib/admin/widgets.py::ManyToManyRawIdWidget::get_context	1	0	0	2	1	6
contrib/admin/widgets.py::ManyToManyRawIdWidget::label_and_url_for_value	0	0	0	1	0	2
contrib/admin/widgets.py::ManyToManyRawIdWidget::url_parameters	0	0	0	1	0	2
contrib/admin/widgets.py::ManyToManyRawIdWidget::value_from_datadict	1	0	0	2	1	4
contrib/admin/widgets.py::RelatedFieldWidgetWrapper::__deepcopy__	0	0	0	1	0	6
contrib/admin/widgets.py::RelatedFieldWidgetWrapper::__init__	1	0	0	6	4	22
contrib/admin/widgets.py::RelatedFieldWidgetWrapper::get_context	1	0	0	5	4	27
contrib/admin/widgets.py::RelatedFieldWidgetWrapper::get_related_url	0	0	0	1	0	3
contrib/admin/widgets.py::RelatedFieldWidgetWrapper::id_for_label	0	0	0	1	0	2
contrib/admin/widgets.py::RelatedFieldWidgetWrapper::is_hidden	0	0	0	1	0	2
contrib/admin/widgets.py::RelatedFieldWidgetWrapper::media	0	0	0	1	0	2
contrib/admin/widgets.py::RelatedFieldWidgetWrapper::value_from_datadict	0	0	0	1	0	2
contrib/admin/widgets.py::RelatedFieldWidgetWrapper::value_omitted_from_data	0	0	0	1	0	2
contrib/admin/widgets.py::url_params_from_lookup_dict	3	0	0	6	12	18
contrib/admindocs/middleware.py::XViewMiddleware::process_view	1	0	0	5	4	17
contrib/admindocs/utils.py::_role	1	0	0	2	1	13
contrib/admindocs/utils.py::create_reference_role	1	0	0	2	1	15
contrib/admindocs/utils.py::default_reference_role	1	0	0	2	1	14
contrib/admindocs/utils.py::get_view_name	0	0	0	1	0	4
contrib/admindocs/utils.py::parse_docstring	2	0	0	5	9	26
contrib/admindocs/utils.py::parse_rst	0	0	0	2	1	28
contrib/admindocs/utils.py::replace_named_groups	3	0	0	8	13	36
contrib/admindocs/utils.py::replace_unnamed_groups	3	0	0	14	24	49
contrib/admindocs/views.py::BaseAdminDocsView::dispatch	1	0	0	2	1	6
contrib/admindocs/views.py::BaseAdminDocsView::get_context_data	0	0	0	1	0	5
contrib/admindocs/views.py::ModelDetailView::get_context_data	4	1	2	23	35	130
contrib/admindocs/views.py::ModelIndexView::get_context_data	0	0	0	1	0	3
contrib/admindocs/views.py::TemplateDetailView::get_context_data	2	0	0	4	6	27
contrib/admindocs/views.py::TemplateFilterIndexView::get_context_data	3	0	0	7	10	26
contrib/admindocs/views.py::TemplateTagIndexView::get_context_data	3	0	0	7	10	26
contrib/admindocs/views.py::ViewDetailView::_get_view_func	2	0	0	3	3	15
contrib/admindocs/views.py::ViewDetailView::get_context_data	1	0	0	5	4	17
contrib/admindocs/views.py::ViewIndexView::get_context_data	1	0	0	6	5	13
contrib/admindocs/views.py::extract_views_from_urlpatterns	3	0	0	8	14	26
contrib/admindocs/views.py::get_readable_field_data_type	0	0	0	1	0	7
contrib/admindocs/views.py::get_return_data_type	2	0	0	3	4	8
contrib/admindocs/views.py::simplify_regex	1	0	0	2	1	13
contrib/auth/__init__.py::_clean_credentials	2	0	0	3	3	13
contrib/auth/__init__.py::_get_backends	2	0	0	4	4	11
contrib/auth/__init__.py::_get_user_session_key	0	0	0	1	0	4
contrib/auth/__init__.py::authenticate	2	0	0	5	7	24
contrib/auth/__init__.py::get_backends	0	0	0	1	0	2
contrib/auth/__init__.py::get_permission_codename	0	0	0	1	0	5
contrib/auth/__init__.py::get_user	4	1	7	10	15	33
contrib/auth/__init__.py::get_user_model	1	0	0	3	2	12
contrib/auth/__init__.py::load_backend	0	0	0	1	0	2
contrib/auth/__init__.py::login	2	0	0	12	16	46
contrib/auth/__init__.py::logout	1	0	0	3	2	15
contrib/auth/__init__.py::update_session_auth_hash	1	0	0	3	2	12
contrib/auth/admin.py::GroupAdmin::formfield_for_manytomany	1	0	0	2	1	7
contrib/auth/admin.py::UserAdmin::_add_view	2	0	0	5	5	26
contrib/auth/admin.py::UserAdmin::add_view	0	0	0	1	0	3
contrib/auth/admin.py::UserAdmin::get_fieldsets	1	0	0	2	1	4
contrib/auth/admin.py::UserAdmin::get_form	1	0	0	2	1	9
contrib/auth/admin.py::UserAdmin::get_urls	0	0	0	1	0	8
contrib/auth/admin.py::UserAdmin::lookup_allowed	0	0	0	2	1	3
contrib/auth/admin.py::UserAdmin::response_add	1	0	0	3	2	15
contrib/auth/admin.py::UserAdmin::user_change_password	2	0	0	7	8	61
contrib/auth/apps.py::AuthConfig::ready	1	0	0	2	1	12
contrib/auth/backends.py::AllowAllUsersModelBackend::user_can_authenticate	0	0	0	1	0	2
contrib/auth/backends.py::AllowAllUsersRemoteUserBackend::user_can_authenticate	0	0	0	1	0	2
contrib/auth/backends.py::BaseBackend::authenticate	0	0	0	1	0	2
contrib/auth/backends.py::BaseBackend::get_all_permissions	0	0	0	1	0	5
contrib/auth/backends.py::BaseBackend::get_group_permissions	0	0	0	1	0	2
contrib/auth/backends.py::BaseBackend::get_user	0	0	0	1	0	2
contrib/auth/backends.py::BaseBackend::get_user_permissions	0	0	0	1	0	2
contrib/auth/backends.py::BaseBackend::has_perm	0	0	0	1	0	2
contrib/auth/backends.py::ModelBackend::_get_group_permissions	0	0	0	1	0	4
contrib/auth/backends.py::ModelBackend::_get_permissions	2	0	0	6	6	18
contrib/auth/backends.py::ModelBackend::_get_user_permissions	0	0	0	1	0	2
contrib/auth/backends.py::ModelBackend::authenticate	1	0	0	7	7	14
contrib/auth/backends.py::ModelBackend::get_all_permissions	1	0	0	5	3	6
contrib/auth/backends.py::ModelBackend::get_group_permissions	0	0	0	1	0	6
contrib/auth/backends.py::ModelBackend::get_user	1	0	0	3	2	6
contrib/auth/backends.py::ModelBackend::get_user_permissions	0	0	0	1	0	6
contrib/auth/backends.py::ModelBackend::has_module_perms	0	0	0	2	1	8
contrib/auth/backends.py::ModelBackend::has_perm	0	0	0	2	1	2
contrib/auth/backends.py::ModelBackend::user_can_authenticate	0	0	0	2	1	7
contrib/auth/backends.py::ModelBackend::with_perm	2	0	0	7	9	35
contrib/auth/backends.py::RemoteUserBackend::authenticate	2	0	0	6	8	29
contrib/auth/backends.py::RemoteUserBackend::clean_username	0	0	0	1	0	8
contrib/auth/backends.py::RemoteUserBackend::configure_user	0	0	0	1	0	7
contrib/auth/base_user.py::AbstractBaseUser::__str__	0	0	0	1	0	2
contrib/auth/base_user.py::AbstractBaseUser::_legacy_get_session_auth_hash	0	0	0	1	0	4
contrib/auth/base_user.py::AbstractBaseUser::check_password	0	0	0	1	0	11
contrib/auth/base_user.py::AbstractBaseUser::clean	0	0	0	1	0	2
contrib/auth/base_user.py::AbstractBaseUser::get_email_field_name	1	0	0	2	1	5
contrib/auth/base_user.py::AbstractBaseUser::get_session_auth_hash	0	0	0	1	0	13
contrib/auth/base_user.py::AbstractBaseUser::get_username	0	0	0	1	0	3
contrib/auth/base_user.py::AbstractBaseUser::has_usable_password	0	0	0	1	0	5
contrib/auth/base_user.py::AbstractBaseUser::is_anonymous	0	0	0	1	0	6
contrib/auth/base_user.py::AbstractBaseUser::is_authenticated	0	0	0	1	0	6
contrib/auth/base_user.py::AbstractBaseUser::natural_key	0	0	0	1	0	2
contrib/auth/base_user.py::AbstractBaseUser::normalize_username	1	0	0	2	1	2
contrib/auth/base_user.py::AbstractBaseUser::save	1	0	0	2	1	5
contrib/auth/base_user.py::AbstractBaseUser::set_password	0	0	0	1	0	3
contrib/auth/base_user.py::AbstractBaseUser::set_unusable_password	0	0	0	1	0	3
contrib/auth/base_user.py::AbstractBaseUser::setter	0	0	0	1	0	5
contrib/auth/base_user.py::BaseUserManager::get_by_natural_key	0	0	0	1	0	2
contrib/auth/base_user.py::BaseUserManager::make_random_password	0	0	0	1	0	10
contrib/auth/base_user.py::BaseUserManager::normalize_email	1	0	0	3	3	12
contrib/auth/checks.py::check_models_permissions	3	0	0	11	23	106
contrib/auth/checks.py::check_user_model	3	0	0	11	17	92
contrib/auth/context_processors.py::PermLookupDict::__bool__	0	0	0	1	0	2
contrib/auth/context_processors.py::PermLookupDict::__getitem__	0	0	0	1	0	2
contrib/auth/context_processors.py::PermLookupDict::__init__	0	0	0	1	0	2
contrib/auth/context_processors.py::PermLookupDict::__iter__	0	0	0	1	0	4
contrib/auth/context_processors.py::PermLookupDict::__repr__	0	0	0	1	0	2
contrib/auth/context_processors.py::PermWrapper::__contains__	1	0	0	2	1	9
contrib/auth/context_processors.py::PermWrapper::__getitem__	0	0	0	1	0	2
contrib/auth/context_processors.py::PermWrapper::__init__	0	0	0	1	0	2
contrib/auth/context_processors.py::PermWrapper::__iter__	0	0	0	1	0	3
contrib/auth/context_processors.py::auth	1	0	0	2	2	18
contrib/auth/decorators.py::_wrapped_view	1	0	0	7	6	15
contrib/auth/decorators.py::check_perms	1	0	0	4	4	13
contrib/auth/decorators.py::decorator	1	0	0	7	6	18
contrib/auth/decorators.py::login_required	2	0	0	2	1	13
contrib/auth/decorators.py::permission_required	1	0	0	4	4	21
contrib/auth/decorators.py::user_passes_test	1	0	0	7	6	26
contrib/auth/forms.py::AdminPasswordChangeForm::__init__	0	0	0	1	0	3
contrib/auth/forms.py::AdminPasswordChangeForm::changed_data	2	0	0	3	3	6
contrib/auth/forms.py::AdminPasswordChangeForm::clean_password2	1	0	0	4	2	10
contrib/auth/forms.py::AdminPasswordChangeForm::save	1	0	0	2	1	7
contrib/auth/forms.py::AuthenticationForm::__init__	1	0	0	3	2	16
contrib/auth/forms.py::AuthenticationForm::clean	2	0	0	4	5	12
contrib/auth/forms.py::AuthenticationForm::confirm_login_allowed	1	0	0	2	1	16
contrib/auth/forms.py::AuthenticationForm::get_invalid_login_error	0	0	0	1	0	6
contrib/auth/forms.py::AuthenticationForm::get_user	0	0	0	1	0	2
contrib/auth/forms.py::PasswordChangeForm::clean_old_password	1	0	0	2	1	11
contrib/auth/forms.py::PasswordResetForm::get_users	0	0	0	2	1	17
contrib/auth/forms.py::PasswordResetForm::save	2	0	0	5	6	34
contrib/auth/forms.py::PasswordResetForm::send_mail	1	0	0	2	1	16
contrib/auth/forms.py::ReadOnlyPasswordHashField::__init__	0	0	0	1	0	4
contrib/auth/forms.py::ReadOnlyPasswordHashWidget::get_context	2	0	0	5	8	15
contrib/auth/forms.py::SetPasswordForm::__init__	0	0	0	1	0	3
contrib/auth/forms.py::SetPasswordForm::clean_new_password2	2	0	0	4	4	11
contrib/auth/forms.py::SetPasswordForm::save	1	0	0	2	1	6
contrib/auth/forms.py::UserChangeForm::__init__	1	0	0	3	2	8
contrib/auth/forms.py::UserCreationForm::__init__	1	0	0	2	1	4
contrib/auth/forms.py::UserCreationForm::_post_clean	2	0	0	3	3	10
contrib/auth/forms.py::UserCreationForm::clean_password2	1	0	0	4	2	9
contrib/auth/forms.py::UserCreationForm::save	1	0	0	2	1	6
contrib/auth/forms.py::UsernameField::to_python	0	0	0	1	0	2
contrib/auth/forms.py::UsernameField::widget_attrs	0	0	0	1	0	6
contrib/auth/forms.py::_unicode_ci_compare	0	0	0	1	0	7
contrib/auth/handlers/modwsgi.py::check_password	1	0	0	3	2	20
contrib/auth/handlers/modwsgi.py::groups_for_user	1	0	0	3	2	15
contrib/auth/hashers.py::Argon2PasswordHasher::decode	0	0	0	1	0	20
contrib/auth/hashers.py::Argon2PasswordHasher::encode	0	0	0	1	0	13
contrib/auth/hashers.py::Argon2PasswordHasher::harden_runtime	0	0	0	1	0	4
contrib/auth/hashers.py::Argon2PasswordHasher::must_update	0	0	0	1	0	7
contrib/auth/hashers.py::Argon2PasswordHasher::params	0	0	0	1	0	12
contrib/auth/hashers.py::Argon2PasswordHasher::safe_summary	0	0	0	1	0	12
contrib/auth/hashers.py::Argon2PasswordHasher::verify	1	0	0	2	1	8
contrib/auth/hashers.py::BCryptSHA256PasswordHasher::decode	0	0	0	1	0	10
contrib/auth/hashers.py::BCryptSHA256PasswordHasher::encode	1	0	0	2	1	11
contrib/auth/hashers.py::BCryptSHA256PasswordHasher::harden_runtime	1	0	0	2	1	9
contrib/auth/hashers.py::BCryptSHA256PasswordHasher::must_update	0	0	0	1	0	3
contrib/auth/hashers.py::BCryptSHA256PasswordHasher::safe_summary	0	0	0	1	0	8
contrib/auth/hashers.py::BCryptSHA256PasswordHasher::salt	0	0	0	1	0	3
contrib/auth/hashers.py::BCryptSHA256PasswordHasher::verify	0	0	0	1	0	5
contrib/auth/hashers.py::BasePasswordHasher::_load_library	2	0	0	4	6	14
contrib/auth/hashers.py::BasePasswordHasher::decode	0	0	0	1	0	11
contrib/auth/hashers.py::BasePasswordHasher::encode	0	0	0	1	0	8
contrib/auth/hashers.py::BasePasswordHasher::harden_runtime	0	0	0	1	0	12
contrib/auth/hashers.py::BasePasswordHasher::must_update	0	0	0	1	0	2
contrib/auth/hashers.py::BasePasswordHasher::safe_summary	0	0	0	1	0	8
contrib/auth/hashers.py::BasePasswordHasher::salt	0	0	0	1	0	4
contrib/auth/hashers.py::BasePasswordHasher::verify	0	0	0	1	0	3
contrib/auth/hashers.py::CryptPasswordHasher::decode	0	0	0	1	0	8
contrib/auth/hashers.py::CryptPasswordHasher::encode	0	0	0	1	0	7
contrib/auth/hashers.py::CryptPasswordHasher::harden_runtime	0	0	0	1	0	2
contrib/auth/hashers.py::CryptPasswordHasher::safe_summary	0	0	0	1	0	7
contrib/auth/hashers.py::CryptPasswordHasher::salt	0	0	0	1	0	2
contrib/auth/hashers.py::CryptPasswordHasher::verify	0	0	0	1	0	5
contrib/auth/hashers.py::MD5PasswordHasher::decode	0	0	0	1	0	8
contrib/auth/hashers.py::MD5PasswordHasher::encode	0	0	0	2	1	5
contrib/auth/hashers.py::MD5PasswordHasher::harden_runtime	0	0	0	1	0	2
contrib/auth/hashers.py::MD5PasswordHasher::safe_summary	0	0	0	1	0	7
contrib/auth/hashers.py::MD5PasswordHasher::verify	0	0	0	1	0	4
contrib/auth/hashers.py::PBKDF2PasswordHasher::decode	0	0	0	1	0	9
contrib/auth/hashers.py::PBKDF2PasswordHasher::encode	0	0	0	3	2	7
contrib/auth/hashers.py::PBKDF2PasswordHasher::harden_runtime	1	0	0	2	1	5
contrib/auth/hashers.py::PBKDF2PasswordHasher::must_update	0	0	0	1	0	3
contrib/auth/hashers.py::PBKDF2PasswordHasher::safe_summary	0	0	0	1	0	8
contrib/auth/hashers.py::PBKDF2PasswordHasher::verify	0	0	0	1	0	4
contrib/auth/hashers.py::SHA1PasswordHasher::decode	0	0	0	1	0	8
contrib/auth/hashers.py::SHA1PasswordHasher::encode	0	0	0	2	1	5
contrib/auth/hashers.py::SHA1PasswordHasher::harden_runtime	0	0	0	1	0	2
contrib/auth/hashers.py::SHA1PasswordHasher::safe_summary	0	0	0	1	0	7
contrib/auth/hashers.py::SHA1PasswordHasher::verify	0	0	0	1	0	4
contrib/auth/hashers.py::UnsaltedMD5PasswordHasher::decode	0	0	0	1	0	6
contrib/auth/hashers.py::UnsaltedMD5PasswordHasher::encode	0	0	0	1	0	3
contrib/auth/hashers.py::UnsaltedMD5PasswordHasher::harden_runtime	0	0	0	1	0	2
contrib/auth/hashers.py::UnsaltedMD5PasswordHasher::safe_summary	0	0	0	1	0	6
contrib/auth/hashers.py::UnsaltedMD5PasswordHasher::salt	0	0	0	1	0	2
contrib/auth/hashers.py::UnsaltedMD5PasswordHasher::verify	1	0	0	3	2	5
contrib/auth/hashers.py::UnsaltedSHA1PasswordHasher::decode	0	0	0	1	0	7
contrib/auth/hashers.py::UnsaltedSHA1PasswordHasher::encode	0	0	0	1	0	4
contrib/auth/hashers.py::UnsaltedSHA1PasswordHasher::harden_runtime	0	0	0	1	0	2
contrib/auth/hashers.py::UnsaltedSHA1PasswordHasher::safe_summary	0	0	0	1	0	6
contrib/auth/hashers.py::UnsaltedSHA1PasswordHasher::salt	0	0	0	1	0	2
contrib/auth/hashers.py::UnsaltedSHA1PasswordHasher::verify	0	0	0	1	0	3
contrib/auth/hashers.py::check_password	1	0	0	11	8	32
contrib/auth/hashers.py::get_hasher	2	0	0	3	5	21
contrib/auth/hashers.py::get_hashers	2	0	0	3	3	10
contrib/auth/hashers.py::get_hashers_by_algorithm	0	0	0	1	0	2
contrib/auth/hashers.py::identify_hasher	1	0	0	6	7	19
contrib/auth/hashers.py::is_password_usable	0	0	0	2	1	6
contrib/auth/hashers.py::make_password	1	0	0	4	3	19
contrib/auth/hashers.py::mask_hash	0	0	0	1	0	8
contrib/auth/hashers.py::reset_hashers	1	0	0	2	1	4
contrib/auth/management/__init__.py::_get_all_permissions	0	0	0	1	0	5
contrib/auth/management/__init__.py::_get_builtin_permissions	1	0	0	2	1	12
contrib/auth/management/__init__.py::create_permissions	2	0	0	8	9	52
contrib/auth/management/__init__.py::get_default_username	2	0	0	7	8	45
contrib/auth/management/__init__.py::get_system_username	1	0	0	2	1	13
contrib/auth/management/commands/changepassword.py::Command::_get_pass	1	0	0	2	1	5
contrib/auth/management/commands/changepassword.py::Command::add_arguments	0	0	0	1	0	10
contrib/auth/management/commands/changepassword.py::Command::handle	2	0	0	9	12	42
contrib/auth/management/commands/createsuperuser.py::Command::__init__	0	0	0	1	0	4
contrib/auth/management/commands/createsuperuser.py::Command::_get_input_message	2	0	0	4	4	9
contrib/auth/management/commands/createsuperuser.py::Command::_validate_username	2	0	0	5	6	15
contrib/auth/management/commands/createsuperuser.py::Command::add_arguments	3	0	0	5	9	42
contrib/auth/management/commands/createsuperuser.py::Command::execute	0	0	0	1	0	3
contrib/auth/management/commands/createsuperuser.py::Command::get_input_data	1	0	0	4	3	15
contrib/auth/management/commands/createsuperuser.py::Command::handle	5	5	16	36	84	122
contrib/auth/middleware.py::AuthenticationMiddleware::process_request	2	0	0	1	0	8
contrib/auth/middleware.py::RemoteUserMiddleware::_remove_invalid_user	1	0	0	3	3	13
contrib/auth/middleware.py::RemoteUserMiddleware::clean_username	1	0	0	2	1	12
contrib/auth/middleware.py::RemoteUserMiddleware::process_request	2	0	0	8	10	37
contrib/auth/middleware.py::get_user	1	0	0	2	1	4
contrib/auth/migrations/0011_update_proxy_permissions.py::revert_proxy_model_permissions	0	0	0	1	0	6
contrib/auth/migrations/0011_update_proxy_permissions.py::update_proxy_model_permissions	2	0	0	7	11	35
contrib/auth/mixins.py::AccessMixin::get_login_url	1	0	0	3	2	11
contrib/auth/mixins.py::AccessMixin::get_permission_denied_message	0	0	0	1	0	5
contrib/auth/mixins.py::AccessMixin::get_redirect_field_name	0	0	0	1	0	5
contrib/auth/mixins.py::AccessMixin::handle_no_permission	1	0	0	7	6	20
contrib/auth/mixins.py::LoginRequiredMixin::dispatch	1	0	0	2	1	4
contrib/auth/mixins.py::PermissionRequiredMixin::dispatch	1	0	0	2	1	4
contrib/auth/mixins.py::PermissionRequiredMixin::get_permission_required	1	0	0	3	3	15
contrib/auth/mixins.py::PermissionRequiredMixin::has_permission	0	0	0	1	0	6
contrib/auth/mixins.py::UserPassesTestMixin::dispatch	1	0	0	2	1	5
contrib/auth/mixins.py::UserPassesTestMixin::get_test_func	0	0	0	1	0	5
contrib/auth/mixins.py::UserPassesTestMixin::test_func	0	0	0	1	0	4
contrib/auth/models.py::AbstractUser::clean	0	0	0	1	0	3
contrib/auth/models.py::AbstractUser::email_user	0	0	0	1	0	3
contrib/auth/models.py::AbstractUser::get_full_name	0	0	0	1	0	6
contrib/auth/models.py::AbstractUser::get_short_name	0	0	0	1	0	3
contrib/auth/models.py::AnonymousUser::__eq__	0	0	0	1	0	2
contrib/auth/models.py::AnonymousUser::__hash__	0	0	0	1	0	2
contrib/auth/models.py::AnonymousUser::__int__	0	0	0	1	0	2
contrib/auth/models.py::AnonymousUser::__str__	0	0	0	1	0	2
contrib/auth/models.py::AnonymousUser::check_password	0	0	0	1	0	2
contrib/auth/models.py::AnonymousUser::delete	0	0	0	1	0	2
contrib/auth/models.py::AnonymousUser::get_all_permissions	0	0	0	1	0	2
contrib/auth/models.py::AnonymousUser::get_group_permissions	0	0	0	1	0	2
contrib/auth/models.py::AnonymousUser::get_user_permissions	0	0	0	1	0	2
contrib/auth/models.py::AnonymousUser::get_username	0	0	0	1	0	2
contrib/auth/models.py::AnonymousUser::groups	0	0	0	1	0	2
contrib/auth/models.py::AnonymousUser::has_module_perms	0	0	0	1	0	2
contrib/auth/models.py::AnonymousUser::has_perm	0	0	0	1	0	2
contrib/auth/models.py::AnonymousUser::has_perms	0	0	0	1	0	2
contrib/auth/models.py::AnonymousUser::is_anonymous	0	0	0	1	0	2
contrib/auth/models.py::AnonymousUser::is_authenticated	0	0	0	1	0	2
contrib/auth/models.py::AnonymousUser::save	0	0	0	1	0	2
contrib/auth/models.py::AnonymousUser::set_password	0	0	0	1	0	2
contrib/auth/models.py::AnonymousUser::user_permissions	0	0	0	1	0	2
contrib/auth/models.py::Group::__str__	0	0	0	1	0	2
contrib/auth/models.py::Group::natural_key	0	0	0	1	0	2
contrib/auth/models.py::GroupManager::get_by_natural_key	0	0	0	1	0	2
contrib/auth/models.py::Permission::__str__	0	0	0	1	0	2
contrib/auth/models.py::Permission::natural_key	0	0	0	1	0	2
contrib/auth/models.py::PermissionManager::get_by_natural_key	0	0	0	1	0	5
contrib/auth/models.py::PermissionsMixin::get_all_permissions	0	0	0	1	0	2
contrib/auth/models.py::PermissionsMixin::get_group_permissions	0	0	0	1	0	7
contrib/auth/models.py::PermissionsMixin::get_user_permissions	0	0	0	1	0	7
contrib/auth/models.py::PermissionsMixin::has_module_perms	1	0	0	3	2	10
contrib/auth/models.py::PermissionsMixin::has_perm	1	0	0	3	2	14
contrib/auth/models.py::PermissionsMixin::has_perms	0	0	0	1	0	6
contrib/auth/models.py::UserManager::_create_user	1	0	0	2	1	16
contrib/auth/models.py::UserManager::create_superuser	1	0	0	3	2	10
contrib/auth/models.py::UserManager::create_user	0	0	0	1	0	4
contrib/auth/models.py::UserManager::with_perm	2	0	0	4	7	25
contrib/auth/models.py::_user_get_permissions	2	0	0	3	3	7
contrib/auth/models.py::_user_has_module_perms	2	0	0	5	7	13
contrib/auth/models.py::_user_has_perm	2	0	0	5	7	13
contrib/auth/models.py::update_last_login	0	0	0	1	0	7
contrib/auth/password_validation.py::CommonPasswordValidator::__init__	1	0	0	2	1	7
contrib/auth/password_validation.py::CommonPasswordValidator::get_help_text	0	0	0	1	0	2
contrib/auth/password_validation.py::CommonPasswordValidator::validate	1	0	0	2	1	6
contrib/auth/password_validation.py::MinimumLengthValidator::__init__	0	0	0	1	0	2
contrib/auth/password_validation.py::MinimumLengthValidator::get_help_text	0	0	0	1	0	6
contrib/auth/password_validation.py::MinimumLengthValidator::validate	1	0	0	2	1	11
contrib/auth/password_validation.py::NumericPasswordValidator::get_help_text	0	0	0	1	0	2
contrib/auth/password_validation.py::NumericPasswordValidator::validate	1	0	0	2	1	6
contrib/auth/password_validation.py::UserAttributeSimilarityValidator::__init__	0	0	0	1	0	3
contrib/auth/password_validation.py::UserAttributeSimilarityValidator::get_help_text	0	0	0	1	0	2
contrib/auth/password_validation.py::UserAttributeSimilarityValidator::validate	4	1	2	8	14	20
contrib/auth/password_validation.py::_password_validators_help_text_html	1	0	0	2	1	8
contrib/auth/password_validation.py::get_default_password_validators	0	0	0	1	0	2
contrib/auth/password_validation.py::get_password_validators	2	0	0	3	3	11
contrib/auth/password_validation.py::password_changed	3	0	0	3	2	10
contrib/auth/password_validation.py::password_validators_help_texts	1	0	0	3	2	10
contrib/auth/password_validation.py::validate_password	2	0	0	5	5	17
contrib/auth/tokens.py::PasswordResetTokenGenerator::__init__	0	0	0	3	2	5
contrib/auth/tokens.py::PasswordResetTokenGenerator::_make_hash_value	1	0	0	3	2	21
contrib/auth/tokens.py::PasswordResetTokenGenerator::_make_token_with_timestamp	1	0	0	2	1	14
contrib/auth/tokens.py::PasswordResetTokenGenerator::_now	0	0	0	1	0	3
contrib/auth/tokens.py::PasswordResetTokenGenerator::_num_seconds	0	0	0	1	0	2
contrib/auth/tokens.py::PasswordResetTokenGenerator::check_token	2	0	0	9	9	41
contrib/auth/tokens.py::PasswordResetTokenGenerator::make_token	0	0	0	1	0	6
contrib/auth/views.py::LoginView::dispatch	2	0	0	4	4	10
contrib/auth/views.py::LoginView::form_valid	0	0	0	1	0	4
contrib/auth/views.py::LoginView::get_context_data	0	0	0	2	1	10
contrib/auth/views.py::LoginView::get_form_class	0	0	0	2	1	2
contrib/auth/views.py::LoginView::get_form_kwargs	0	0	0	1	0	4
contrib/auth/views.py::LoginView::get_redirect_url	1	0	0	2	1	12
contrib/auth/views.py::LoginView::get_success_url	0	0	0	2	1	3
contrib/auth/views.py::LogoutView::dispatch	1	0	0	2	1	7
contrib/auth/views.py::LogoutView::get_context_data	0	0	0	2	1	10
contrib/auth/views.py::LogoutView::get_next_page	2	0	0	5	7	24
contrib/auth/views.py::LogoutView::post	0	0	0	1	0	3
contrib/auth/views.py::PasswordChangeDoneView::dispatch	0	0	0	1	0	2
contrib/auth/views.py::PasswordChangeView::dispatch	0	0	0	1	0	2
contrib/auth/views.py::PasswordChangeView::form_valid	0	0	0	1	0	6
contrib/auth/views.py::PasswordChangeView::get_form_kwargs	0	0	0	1	0	4
contrib/auth/views.py::PasswordContextMixin::get_context_data	0	0	0	2	1	7
contrib/auth/views.py::PasswordResetCompleteView::get_context_data	0	0	0	1	0	4
contrib/auth/views.py::PasswordResetConfirmView::dispatch	3	0	0	6	11	26
contrib/auth/views.py::PasswordResetConfirmView::form_valid	1	0	0	2	1	6
contrib/auth/views.py::PasswordResetConfirmView::get_context_data	1	0	0	2	2	11
contrib/auth/views.py::PasswordResetConfirmView::get_form_kwargs	0	0	0	1	0	4
contrib/auth/views.py::PasswordResetConfirmView::get_user	1	0	0	2	1	8
contrib/auth/views.py::PasswordResetView::dispatch	0	0	0	1	0	2
contrib/auth/views.py::PasswordResetView::form_valid	0	0	0	1	0	13
contrib/auth/views.py::SuccessURLAllowedHostsMixin::get_success_url_allowed_hosts	0	0	0	1	0	2
contrib/auth/views.py::logout_then_login	0	0	0	2	1	6
contrib/auth/views.py::redirect_to_login	1	0	0	3	2	13
contrib/contenttypes/admin.py::GenericInlineModelAdmin::get_formset	1	0	0	10	9	32
contrib/contenttypes/admin.py::GenericInlineModelAdminChecks::_check_exclude_of_parent_model	0	0	0	1	0	3
contrib/contenttypes/admin.py::GenericInlineModelAdminChecks::_check_relation	3	0	0	7	12	59
contrib/contenttypes/apps.py::ContentTypesConfig::ready	0	0	0	1	0	5
contrib/contenttypes/checks.py::check_generic_foreign_keys	1	0	0	3	3	15
contrib/contenttypes/checks.py::check_model_name_lengths	2	0	0	4	5	18
contrib/contenttypes/fields.py::GenericForeignKey::__get__	2	0	0	7	9	28
contrib/contenttypes/fields.py::GenericForeignKey::__init__	0	0	0	1	0	7
contrib/contenttypes/fields.py::GenericForeignKey::__set__	1	0	0	2	1	10
contrib/contenttypes/fields.py::GenericForeignKey::__str__	0	0	0	1	0	3
contrib/contenttypes/fields.py::GenericForeignKey::_check_content_type_field	1	0	0	3	5	49
contrib/contenttypes/fields.py::GenericForeignKey::_check_field_name	1	0	0	2	2	11
contrib/contenttypes/fields.py::GenericForeignKey::_check_object_id_field	1	0	0	2	2	14
contrib/contenttypes/fields.py::GenericForeignKey::check	0	0	0	1	0	6
contrib/contenttypes/fields.py::GenericForeignKey::contribute_to_class	0	0	0	1	0	5
contrib/contenttypes/fields.py::GenericForeignKey::get_cache_name	0	0	0	1	0	2
contrib/contenttypes/fields.py::GenericForeignKey::get_content_type	1	0	0	2	3	9
contrib/contenttypes/fields.py::GenericForeignKey::get_filter_kwargs_for_object	0	0	0	1	0	6
contrib/contenttypes/fields.py::GenericForeignKey::get_forward_related_filter	0	0	0	1	0	6
contrib/contenttypes/fields.py::GenericForeignKey::get_prefetch_queryset	3	0	0	7	10	45
contrib/contenttypes/fields.py::GenericForeignKey::gfk_key	1	0	0	2	2	9
contrib/contenttypes/fields.py::GenericRel::__init__	0	0	0	2	1	6
contrib/contenttypes/fields.py::GenericRelatedObjectManager::__call__	0	0	0	1	0	4
contrib/contenttypes/fields.py::GenericRelatedObjectManager::__init__	0	0	0	1	0	20
contrib/contenttypes/fields.py::GenericRelatedObjectManager::__str__	0	0	0	1	0	2
contrib/contenttypes/fields.py::GenericRelatedObjectManager::_apply_rel_filters	0	0	0	2	1	6
contrib/contenttypes/fields.py::GenericRelatedObjectManager::_clear	2	0	0	3	4	12
contrib/contenttypes/fields.py::GenericRelatedObjectManager::_remove_prefetched_objects	1	0	0	2	1	5
contrib/contenttypes/fields.py::GenericRelatedObjectManager::add	3	0	0	7	11	32
contrib/contenttypes/fields.py::GenericRelatedObjectManager::check_and_update_obj	1	0	0	2	1	7
contrib/contenttypes/fields.py::GenericRelatedObjectManager::clear	0	0	0	1	0	2
contrib/contenttypes/fields.py::GenericRelatedObjectManager::create	0	0	0	1	0	6
contrib/contenttypes/fields.py::GenericRelatedObjectManager::get_or_create	0	0	0	1	0	5
contrib/contenttypes/fields.py::GenericRelatedObjectManager::get_prefetch_queryset	2	0	0	3	2	33
contrib/contenttypes/fields.py::GenericRelatedObjectManager::get_queryset	1	0	0	2	1	6
contrib/contenttypes/fields.py::GenericRelatedObjectManager::remove	1	0	0	2	1	4
contrib/contenttypes/fields.py::GenericRelatedObjectManager::set	3	0	0	4	8	21
contrib/contenttypes/fields.py::GenericRelatedObjectManager::update_or_create	0	0	0	1	0	5
contrib/contenttypes/fields.py::GenericRelation::__init__	0	0	0	1	0	26
contrib/contenttypes/fields.py::GenericRelation::_check_generic_foreign_key_existence	2	0	0	3	5	18
contrib/contenttypes/fields.py::GenericRelation::_get_path_info_with_parent	1	0	0	3	2	39
contrib/contenttypes/fields.py::GenericRelation::_is_matching_generic_foreign_key	0	0	0	3	1	11
contrib/contenttypes/fields.py::GenericRelation::bulk_related_objects	0	0	0	1	0	9
contrib/contenttypes/fields.py::GenericRelation::check	0	0	0	1	0	5
contrib/contenttypes/fields.py::GenericRelation::contribute_to_class	2	0	0	4	4	22
contrib/contenttypes/fields.py::GenericRelation::get_content_type	0	0	0	1	0	6
contrib/contenttypes/fields.py::GenericRelation::get_extra_restriction	0	0	0	1	0	7
contrib/contenttypes/fields.py::GenericRelation::get_internal_type	0	0	0	1	0	2
contrib/contenttypes/fields.py::GenericRelation::get_path_info	1	0	0	2	2	16
contrib/contenttypes/fields.py::GenericRelation::get_reverse_path_info	0	0	0	1	0	12
contrib/contenttypes/fields.py::GenericRelation::make_generic_foreign_order_accessors	1	0	0	2	1	3
contrib/contenttypes/fields.py::GenericRelation::resolve_related_fields	0	0	0	1	0	3
contrib/contenttypes/fields.py::GenericRelation::set_attributes_from_rel	0	0	0	1	0	2
contrib/contenttypes/fields.py::GenericRelation::value_to_string	0	0	0	1	0	3
contrib/contenttypes/fields.py::ReverseGenericManyToOneDescriptor::related_manager_cls	0	0	0	1	0	5
contrib/contenttypes/fields.py::create_generic_related_manager	3	0	0	18	29	196
contrib/contenttypes/forms.py::BaseGenericInlineFormSet::__init__	2	0	0	4	5	20
contrib/contenttypes/forms.py::BaseGenericInlineFormSet::get_default_prefix	0	0	0	1	0	6
contrib/contenttypes/forms.py::BaseGenericInlineFormSet::initial_form_count	1	0	0	2	1	4
contrib/contenttypes/forms.py::BaseGenericInlineFormSet::save_new	0	0	0	1	0	4
contrib/contenttypes/forms.py::generic_inlineformset_factory	1	0	0	4	3	33
contrib/contenttypes/management/__init__.py::RenameContentType::__init__	0	0	0	1	0	5
contrib/contenttypes/management/__init__.py::RenameContentType::_rename	1	0	0	4	5	24
contrib/contenttypes/management/__init__.py::RenameContentType::rename_backward	0	0	0	1	0	2
contrib/contenttypes/management/__init__.py::RenameContentType::rename_forward	0	0	0	1	0	2
contrib/contenttypes/management/__init__.py::create_contenttypes	2	0	0	6	6	31
contrib/contenttypes/management/__init__.py::get_contenttypes_and_models	1	0	0	2	1	15
contrib/contenttypes/management/__init__.py::inject_rename_contenttypes_operations	3	0	0	11	20	40
contrib/contenttypes/management/commands/remove_stale_contenttypes.py::Command::add_arguments	0	0	0	1	0	16
contrib/contenttypes/management/commands/remove_stale_contenttypes.py::Command::handle	6	3	17	14	43	58
contrib/contenttypes/management/commands/remove_stale_contenttypes.py::NoFastDeleteCollector::can_fast_delete	0	0	0	1	0	5
contrib/contenttypes/migrations/0002_remove_content_type_name.py::add_legacy_name	2	0	0	3	3	8
contrib/contenttypes/models.py::ContentType::__str__	0	0	0	1	0	2
contrib/contenttypes/models.py::ContentType::app_labeled_name	1	0	0	2	1	5
contrib/contenttypes/models.py::ContentType::get_all_objects_for_this_type	0	0	0	1	0	5
contrib/contenttypes/models.py::ContentType::get_object_for_this_type	0	0	0	1	0	8
contrib/contenttypes/models.py::ContentType::model_class	1	0	0	2	1	6
contrib/contenttypes/models.py::ContentType::name	1	0	0	2	1	5
contrib/contenttypes/models.py::ContentType::natural_key	0	0	0	1	0	2
contrib/contenttypes/models.py::ContentTypeManager::__init__	0	0	0	1	0	5
contrib/contenttypes/models.py::ContentTypeManager::_add_to_cache	0	0	0	1	0	7
contrib/contenttypes/models.py::ContentTypeManager::_get_from_cache	0	0	0	1	0	3
contrib/contenttypes/models.py::ContentTypeManager::_get_opts	1	0	0	2	1	4
contrib/contenttypes/models.py::ContentTypeManager::clear_cache	0	0	0	1	0	5
contrib/contenttypes/models.py::ContentTypeManager::get_by_natural_key	1	0	0	2	1	7
contrib/contenttypes/models.py::ContentTypeManager::get_for_id	1	0	0	2	1	13
contrib/contenttypes/models.py::ContentTypeManager::get_for_model	1	0	0	3	2	27
contrib/contenttypes/models.py::ContentTypeManager::get_for_models	3	0	0	8	13	41
contrib/contenttypes/views.py::shortcut	5	3	15	18	41	80
contrib/flatpages/forms.py::FlatpageForm::__init__	1	0	0	2	1	6
contrib/flatpages/forms.py::FlatpageForm::_trailing_slash_required	0	0	0	2	1	5
contrib/flatpages/forms.py::FlatpageForm::clean	3	0	0	6	8	18
contrib/flatpages/forms.py::FlatpageForm::clean_url	1	0	0	4	3	13
contrib/flatpages/middleware.py::FlatpageFallbackMiddleware::process_response	2	0	0	5	5	13
contrib/flatpages/models.py::FlatPage::__str__	0	0	0	1	0	2
contrib/flatpages/models.py::FlatPage::get_absolute_url	2	0	0	3	3	10
contrib/flatpages/sitemaps.py::FlatPageSitemap::items	1	0	0	2	1	6
contrib/flatpages/templatetags/flatpages.py::FlatpageNode::__init__	1	0	0	3	4	10
contrib/flatpages/templatetags/flatpages.py::FlatpageNode::render	2	0	0	5	7	22
contrib/flatpages/templatetags/flatpages.py::get_flatpages	3	0	0	6	13	54
contrib/flatpages/views.py::flatpage	2	0	0	5	6	24
contrib/flatpages/views.py::render_flatpage	1	0	0	4	4	21
contrib/gis/admin/options.py::GeoModelAdmin::formfield_for_dbfield	1	0	0	3	3	12
contrib/gis/admin/options.py::GeoModelAdmin::get_map_widget	2	0	0	5	7	60
contrib/gis/admin/options.py::GeoModelAdmin::media	0	0	0	1	0	3
contrib/gis/admin/widgets.py::OpenLayersWidget::get_context	3	0	0	11	15	62
contrib/gis/admin/widgets.py::OpenLayersWidget::map_options	3	0	0	4	10	37
contrib/gis/admin/widgets.py::OpenLayersWidget::ol_bounds	0	0	0	1	0	2
contrib/gis/admin/widgets.py::OpenLayersWidget::ol_projection	0	0	0	1	0	2
contrib/gis/apps.py::GISConfig::ready	0	0	0	1	0	2
contrib/gis/db/backends/base/adapter.py::WKTAdapter::__eq__	0	0	0	3	1	5
contrib/gis/db/backends/base/adapter.py::WKTAdapter::__hash__	0	0	0	1	0	2
contrib/gis/db/backends/base/adapter.py::WKTAdapter::__init__	0	0	0	1	0	3
contrib/gis/db/backends/base/adapter.py::WKTAdapter::__str__	0	0	0	1	0	2
contrib/gis/db/backends/base/adapter.py::WKTAdapter::_fix_polygon	0	0	0	1	0	3
contrib/gis/db/backends/base/features.py::BaseSpatialFeatures::__getattr__	1	0	0	2	1	6
contrib/gis/db/backends/base/features.py::BaseSpatialFeatures::supports_bbcontains_lookup	0	0	0	1	0	2
contrib/gis/db/backends/base/features.py::BaseSpatialFeatures::supports_collect_aggr	0	0	0	1	0	2
contrib/gis/db/backends/base/features.py::BaseSpatialFeatures::supports_contained_lookup	0	0	0	1	0	2
contrib/gis/db/backends/base/features.py::BaseSpatialFeatures::supports_crosses_lookup	0	0	0	1	0	2
contrib/gis/db/backends/base/features.py::BaseSpatialFeatures::supports_distances_lookups	0	0	0	1	0	2
contrib/gis/db/backends/base/features.py::BaseSpatialFeatures::supports_dwithin_lookup	0	0	0	1	0	2
contrib/gis/db/backends/base/features.py::BaseSpatialFeatures::supports_extent_aggr	0	0	0	1	0	2
contrib/gis/db/backends/base/features.py::BaseSpatialFeatures::supports_isvalid_lookup	0	0	0	1	0	2
contrib/gis/db/backends/base/features.py::BaseSpatialFeatures::supports_make_line_aggr	0	0	0	1	0	2
contrib/gis/db/backends/base/features.py::BaseSpatialFeatures::supports_relate_lookup	0	0	0	1	0	2
contrib/gis/db/backends/base/features.py::BaseSpatialFeatures::supports_union_aggr	0	0	0	1	0	2
contrib/gis/db/backends/base/models.py::SpatialRefSysMixin::__str__	0	0	0	1	0	5
contrib/gis/db/backends/base/models.py::SpatialRefSysMixin::angular_name	0	0	0	1	0	3
contrib/gis/db/backends/base/models.py::SpatialRefSysMixin::angular_units	0	0	0	1	0	3
contrib/gis/db/backends/base/models.py::SpatialRefSysMixin::datum	0	0	0	1	0	3
contrib/gis/db/backends/base/models.py::SpatialRefSysMixin::ellipsoid	0	0	0	1	0	6
contrib/gis/db/backends/base/models.py::SpatialRefSysMixin::geographic	0	0	0	1	0	3
contrib/gis/db/backends/base/models.py::SpatialRefSysMixin::get_spheroid	2	0	0	3	5	18
contrib/gis/db/backends/base/models.py::SpatialRefSysMixin::get_units	0	0	0	1	0	6
contrib/gis/db/backends/base/models.py::SpatialRefSysMixin::linear_name	0	0	0	1	0	3
contrib/gis/db/backends/base/models.py::SpatialRefSysMixin::linear_units	0	0	0	1	0	3
contrib/gis/db/backends/base/models.py::SpatialRefSysMixin::local	0	0	0	1	0	3
contrib/gis/db/backends/base/models.py::SpatialRefSysMixin::name	0	0	0	1	0	3
contrib/gis/db/backends/base/models.py::SpatialRefSysMixin::projected	0	0	0	1	0	3
contrib/gis/db/backends/base/models.py::SpatialRefSysMixin::spheroid	0	0	0	1	0	3
contrib/gis/db/backends/base/models.py::SpatialRefSysMixin::srs	2	0	0	4	6	25
contrib/gis/db/backends/base/models.py::SpatialRefSysMixin::units	1	0	0	3	4	8
contrib/gis/db/backends/base/operations.py::BaseSpatialOperations::check_expression_support	1	0	0	2	1	6
contrib/gis/db/backends/base/operations.py::BaseSpatialOperations::convert_extent	0	0	0	1	0	2
contrib/gis/db/backends/base/operations.py::BaseSpatialOperations::convert_extent3d	0	0	0	1	0	2
contrib/gis/db/backends/base/operations.py::BaseSpatialOperations::geo_db_type	0	0	0	1	0	6
contrib/gis/db/backends/base/operations.py::BaseSpatialOperations::geo_quote_name	0	0	0	1	0	2
contrib/gis/db/backends/base/operations.py::BaseSpatialOperations::geometry_columns	0	0	0	1	0	2
contrib/gis/db/backends/base/operations.py::BaseSpatialOperations::get_area_att_for_field	2	0	0	4	6	9
contrib/gis/db/backends/base/operations.py::BaseSpatialOperations::get_db_converters	1	0	0	2	1	5
contrib/gis/db/backends/base/operations.py::BaseSpatialOperations::get_distance	0	0	0	1	0	6
contrib/gis/db/backends/base/operations.py::BaseSpatialOperations::get_distance_att_for_field	2	0	0	4	6	10
contrib/gis/db/backends/base/operations.py::BaseSpatialOperations::get_geom_placeholder	2	0	0	5	7	27
contrib/gis/db/backends/base/operations.py::BaseSpatialOperations::get_geometry_converter	0	0	0	1	0	5
contrib/gis/db/backends/base/operations.py::BaseSpatialOperations::select_extent	0	0	0	1	0	2
contrib/gis/db/backends/base/operations.py::BaseSpatialOperations::spatial_aggregate_name	0	0	0	1	0	2
contrib/gis/db/backends/base/operations.py::BaseSpatialOperations::spatial_function_name	1	0	0	2	1	4
contrib/gis/db/backends/base/operations.py::BaseSpatialOperations::spatial_ref_sys	0	0	0	1	0	2
contrib/gis/db/backends/base/operations.py::BaseSpatialOperations::transform_value	0	0	0	2	1	2
contrib/gis/db/backends/mysql/features.py::DatabaseFeatures::django_test_skips	1	0	0	3	2	12
contrib/gis/db/backends/mysql/features.py::DatabaseFeatures::supports_empty_geometry_collection	0	0	0	1	0	2
contrib/gis/db/backends/mysql/features.py::DatabaseFeatures::supports_geometry_field_unique_index	0	0	0	1	0	3
contrib/gis/db/backends/mysql/introspection.py::MySQLIntrospection::get_geometry_type	2	0	0	3	3	17
contrib/gis/db/backends/mysql/introspection.py::MySQLIntrospection::supports_spatial_index	2	0	0	3	3	8
contrib/gis/db/backends/mysql/operations.py::MySQLOperations::converter	2	0	0	3	3	6
contrib/gis/db/backends/mysql/operations.py::MySQLOperations::from_text	0	0	0	1	0	2
contrib/gis/db/backends/mysql/operations.py::MySQLOperations::geo_db_type	0	0	0	1	0	2
contrib/gis/db/backends/mysql/operations.py::MySQLOperations::get_distance	2	0	0	3	4	12
contrib/gis/db/backends/mysql/operations.py::MySQLOperations::get_geometry_converter	2	0	0	4	4	14
contrib/gis/db/backends/mysql/operations.py::MySQLOperations::gis_operators	1	0	0	2	1	19
contrib/gis/db/backends/mysql/operations.py::MySQLOperations::select	0	0	0	1	0	2
contrib/gis/db/backends/mysql/operations.py::MySQLOperations::unsupported_functions	2	0	0	3	4	15
contrib/gis/db/backends/mysql/schema.py::MySQLGISSchemaEditor::__init__	0	0	0	1	0	3
contrib/gis/db/backends/mysql/schema.py::MySQLGISSchemaEditor::_create_spatial_index_name	0	0	0	1	0	2
contrib/gis/db/backends/mysql/schema.py::MySQLGISSchemaEditor::add_field	0	0	0	1	0	3
contrib/gis/db/backends/mysql/schema.py::MySQLGISSchemaEditor::column_sql	1	0	0	4	2	14
contrib/gis/db/backends/mysql/schema.py::MySQLGISSchemaEditor::create_model	0	0	0	1	0	3
contrib/gis/db/backends/mysql/schema.py::MySQLGISSchemaEditor::create_spatial_indexes	2	0	0	3	3	10
contrib/gis/db/backends/mysql/schema.py::MySQLGISSchemaEditor::remove_field	2	0	0	4	4	16
contrib/gis/db/backends/mysql/schema.py::MySQLGISSchemaEditor::skip_default	1	0	0	3	2	6
contrib/gis/db/backends/oracle/adapter.py::OracleSpatialAdapter::__init__	2	0	0	5	7	17
contrib/gis/db/backends/oracle/adapter.py::OracleSpatialAdapter::_fix_geometry_collection	2	0	0	3	3	10
contrib/gis/db/backends/oracle/adapter.py::OracleSpatialAdapter::_fix_polygon	2	0	0	5	5	13
contrib/gis/db/backends/oracle/adapter.py::OracleSpatialAdapter::_polygon_must_be_fixed	0	0	0	3	2	8
contrib/gis/db/backends/oracle/introspection.py::OracleIntrospection::data_types_reverse	0	0	0	1	0	5
contrib/gis/db/backends/oracle/introspection.py::OracleIntrospection::get_geometry_type	1	0	0	4	3	30
contrib/gis/db/backends/oracle/models.py::OracleGeometryColumns::__str__	0	0	0	1	0	2
contrib/gis/db/backends/oracle/models.py::OracleGeometryColumns::geom_col_name	0	0	0	1	0	6
contrib/gis/db/backends/oracle/models.py::OracleGeometryColumns::table_name_col	0	0	0	1	0	6
contrib/gis/db/backends/oracle/models.py::OracleSpatialRefSys::wkt	0	0	0	1	0	2
contrib/gis/db/backends/oracle/operations.py::OracleOperations::convert_extent	2	0	0	3	6	21
contrib/gis/db/backends/oracle/operations.py::OracleOperations::converter	2	0	0	3	3	6
contrib/gis/db/backends/oracle/operations.py::OracleOperations::geo_db_type	0	0	0	1	0	7
contrib/gis/db/backends/oracle/operations.py::OracleOperations::geo_quote_name	0	0	0	1	0	2
contrib/gis/db/backends/oracle/operations.py::OracleOperations::geometry_columns	0	0	0	1	0	5
contrib/gis/db/backends/oracle/operations.py::OracleOperations::get_area_att_for_field	0	0	0	1	0	2
contrib/gis/db/backends/oracle/operations.py::OracleOperations::get_distance	2	0	0	5	7	24
contrib/gis/db/backends/oracle/operations.py::OracleOperations::get_geom_placeholder	1	0	0	2	1	4
contrib/gis/db/backends/oracle/operations.py::OracleOperations::get_geometry_converter	2	0	0	4	4	14
contrib/gis/db/backends/oracle/operations.py::OracleOperations::modify_insert_params	1	0	0	2	1	7
contrib/gis/db/backends/oracle/operations.py::OracleOperations::spatial_aggregate_name	1	0	0	2	1	6
contrib/gis/db/backends/oracle/operations.py::OracleOperations::spatial_ref_sys	0	0	0	1	0	5
contrib/gis/db/backends/oracle/operations.py::SDORelate::as_sql	0	0	0	1	0	3
contrib/gis/db/backends/oracle/operations.py::SDORelate::check_relate_argument	1	0	0	3	2	5
contrib/gis/db/backends/oracle/schema.py::OracleGISSchemaEditor::__init__	0	0	0	1	0	3
contrib/gis/db/backends/oracle/schema.py::OracleGISSchemaEditor::_create_spatial_index_name	0	0	0	1	0	4
contrib/gis/db/backends/oracle/schema.py::OracleGISSchemaEditor::add_field	0	0	0	1	0	3
contrib/gis/db/backends/oracle/schema.py::OracleGISSchemaEditor::column_sql	2	0	0	3	3	25
contrib/gis/db/backends/oracle/schema.py::OracleGISSchemaEditor::create_model	0	0	0	1	0	3
contrib/gis/db/backends/oracle/schema.py::OracleGISSchemaEditor::delete_model	0	0	0	1	0	5
contrib/gis/db/backends/oracle/schema.py::OracleGISSchemaEditor::geo_quote_name	0	0	0	1	0	2
contrib/gis/db/backends/oracle/schema.py::OracleGISSchemaEditor::remove_field	2	0	0	3	3	11
contrib/gis/db/backends/oracle/schema.py::OracleGISSchemaEditor::run_geometry_sql	1	0	0	2	1	4
contrib/gis/db/backends/postgis/adapter.py::PostGISAdapter::__conform__	1	0	0	2	2	6
contrib/gis/db/backends/postgis/adapter.py::PostGISAdapter::__eq__	0	0	0	2	1	2
contrib/gis/db/backends/postgis/adapter.py::PostGISAdapter::__hash__	0	0	0	1	0	2
contrib/gis/db/backends/postgis/adapter.py::PostGISAdapter::__init__	1	0	0	2	2	16
contrib/gis/db/backends/postgis/adapter.py::PostGISAdapter::__str__	0	0	0	1	0	2
contrib/gis/db/backends/postgis/adapter.py::PostGISAdapter::_fix_polygon	0	0	0	1	0	2
contrib/gis/db/backends/postgis/adapter.py::PostGISAdapter::getquoted	2	0	0	3	4	13
contrib/gis/db/backends/postgis/adapter.py::PostGISAdapter::prepare	1	0	0	2	1	7
contrib/gis/db/backends/postgis/base.py::DatabaseWrapper::__init__	1	0	0	2	1	6
contrib/gis/db/backends/postgis/base.py::DatabaseWrapper::prepare_database	0	0	0	1	0	5
contrib/gis/db/backends/postgis/introspection.py::PostGISIntrospection::get_field_type	1	0	0	2	1	12
contrib/gis/db/backends/postgis/introspection.py::PostGISIntrospection::get_geometry_type	1	0	0	5	4	32
contrib/gis/db/backends/postgis/models.py::PostGISGeometryColumns::__str__	0	0	0	1	0	8
contrib/gis/db/backends/postgis/models.py::PostGISGeometryColumns::geom_col_name	0	0	0	1	0	6
contrib/gis/db/backends/postgis/models.py::PostGISGeometryColumns::table_name_col	0	0	0	1	0	6
contrib/gis/db/backends/postgis/models.py::PostGISSpatialRefSys::wkt	0	0	0	1	0	2
contrib/gis/db/backends/postgis/operations.py::PostGISOperations::_get_postgis_func	0	0	0	1	0	8
contrib/gis/db/backends/postgis/operations.py::PostGISOperations::_normalize_distance_lookup_arg	1	0	0	3	2	7
contrib/gis/db/backends/postgis/operations.py::PostGISOperations::convert_extent	1	0	0	2	1	12
contrib/gis/db/backends/postgis/operations.py::PostGISOperations::convert_extent3d	1	0	0	2	1	12
contrib/gis/db/backends/postgis/operations.py::PostGISOperations::converter	1	0	0	2	1	2
contrib/gis/db/backends/postgis/operations.py::PostGISOperations::distance_expr_for_lookup	0	0	0	1	0	6
contrib/gis/db/backends/postgis/operations.py::PostGISOperations::function_names	1	0	0	2	1	10
contrib/gis/db/backends/postgis/operations.py::PostGISOperations::geo_db_type	2	0	0	5	7	20
contrib/gis/db/backends/postgis/operations.py::PostGISOperations::geometry_columns	0	0	0	1	0	2
contrib/gis/db/backends/postgis/operations.py::PostGISOperations::get_area_att_for_field	0	0	0	1	0	2
contrib/gis/db/backends/postgis/operations.py::PostGISOperations::get_distance	3	0	0	4	9	32
contrib/gis/db/backends/postgis/operations.py::PostGISOperations::get_geom_placeholder	2	0	0	6	9	28
contrib/gis/db/backends/postgis/operations.py::PostGISOperations::get_geometry_converter	1	0	0	2	1	7
contrib/gis/db/backends/postgis/operations.py::PostGISOperations::parse_raster	0	0	0	1	0	3
contrib/gis/db/backends/postgis/operations.py::PostGISOperations::postgis_full_version	0	0	0	1	0	3
contrib/gis/db/backends/postgis/operations.py::PostGISOperations::postgis_geos_version	0	0	0	1	0	3
contrib/gis/db/backends/postgis/operations.py::PostGISOperations::postgis_lib_version	0	0	0	1	0	3
contrib/gis/db/backends/postgis/operations.py::PostGISOperations::postgis_proj_version	0	0	0	1	0	3
contrib/gis/db/backends/postgis/operations.py::PostGISOperations::postgis_version	0	0	0	1	0	3
contrib/gis/db/backends/postgis/operations.py::PostGISOperations::postgis_version_tuple	0	0	0	1	0	7
contrib/gis/db/backends/postgis/operations.py::PostGISOperations::proj_version_tuple	1	0	0	2	2	12
contrib/gis/db/backends/postgis/operations.py::PostGISOperations::spatial_aggregate_name	1	0	0	2	2	5
contrib/gis/db/backends/postgis/operations.py::PostGISOperations::spatial_ref_sys	0	0	0	1	0	2
contrib/gis/db/backends/postgis/operations.py::PostGISOperations::spatial_version	2	0	0	3	4	28
contrib/gis/db/backends/postgis/operations.py::PostGISOperator::__init__	0	0	0	1	0	10
contrib/gis/db/backends/postgis/operations.py::PostGISOperator::as_sql	1	0	0	4	3	7
contrib/gis/db/backends/postgis/operations.py::PostGISOperator::check_raster	2	0	0	15	21	34
contrib/gis/db/backends/postgis/operations.py::ST_Polygon::__init__	1	0	0	3	2	5
contrib/gis/db/backends/postgis/operations.py::ST_Polygon::output_field	0	0	0	1	0	2
contrib/gis/db/backends/postgis/pgraster.py::chunk	0	0	0	1	0	5
contrib/gis/db/backends/postgis/pgraster.py::from_pgraster	2	0	0	5	5	60
contrib/gis/db/backends/postgis/pgraster.py::pack	0	0	0	1	0	5
contrib/gis/db/backends/postgis/pgraster.py::to_pgraster	2	0	0	4	4	45
contrib/gis/db/backends/postgis/pgraster.py::unpack	0	0	0	1	0	5
contrib/gis/db/backends/postgis/schema.py::PostGISSchemaEditor::_alter_column_type_sql	1	0	0	6	7	23
contrib/gis/db/backends/postgis/schema.py::PostGISSchemaEditor::_create_index_sql	1	0	0	7	7	29
contrib/gis/db/backends/postgis/schema.py::PostGISSchemaEditor::_field_should_be_indexed	1	0	0	2	1	4
contrib/gis/db/backends/postgis/schema.py::PostGISSchemaEditor::geo_quote_name	0	0	0	1	0	2
contrib/gis/db/backends/spatialite/adapter.py::SpatiaLiteAdapter::__conform__	1	0	0	2	1	3
contrib/gis/db/backends/spatialite/base.py::DatabaseWrapper::__init__	0	0	0	1	0	13
contrib/gis/db/backends/spatialite/base.py::DatabaseWrapper::get_new_connection	3	0	0	5	9	29
contrib/gis/db/backends/spatialite/base.py::DatabaseWrapper::prepare_database	1	0	0	2	1	7
contrib/gis/db/backends/spatialite/features.py::DatabaseFeatures::django_test_skips	0	0	0	1	0	8
contrib/gis/db/backends/spatialite/features.py::DatabaseFeatures::supports_area_geodetic	0	0	0	1	0	2
contrib/gis/db/backends/spatialite/introspection.py::SpatiaLiteIntrospection::get_constraints	1	0	0	2	1	15
contrib/gis/db/backends/spatialite/introspection.py::SpatiaLiteIntrospection::get_geometry_type	1	0	0	8	7	31
contrib/gis/db/backends/spatialite/models.py::SpatialiteGeometryColumns::__str__	0	0	0	1	0	8
contrib/gis/db/backends/spatialite/models.py::SpatialiteGeometryColumns::geom_col_name	0	0	0	1	0	6
contrib/gis/db/backends/spatialite/models.py::SpatialiteGeometryColumns::table_name_col	0	0	0	1	0	6
contrib/gis/db/backends/spatialite/models.py::SpatialiteSpatialRefSys::wkt	0	0	0	1	0	2
contrib/gis/db/backends/spatialite/operations.py::SpatiaLiteOperations::_get_spatialite_func	0	0	0	1	0	13
contrib/gis/db/backends/spatialite/operations.py::SpatiaLiteOperations::convert_extent	1	0	0	2	1	10
contrib/gis/db/backends/spatialite/operations.py::SpatiaLiteOperations::converter	1	0	0	2	1	2
contrib/gis/db/backends/spatialite/operations.py::SpatiaLiteOperations::geo_db_type	0	0	0	1	0	6
contrib/gis/db/backends/spatialite/operations.py::SpatiaLiteOperations::geometry_columns	0	0	0	1	0	5
contrib/gis/db/backends/spatialite/operations.py::SpatiaLiteOperations::geos_version	0	0	0	1	0	3
contrib/gis/db/backends/spatialite/operations.py::SpatiaLiteOperations::get_distance	3	0	0	5	9	21
contrib/gis/db/backends/spatialite/operations.py::SpatiaLiteOperations::get_geometry_converter	1	0	0	2	1	7
contrib/gis/db/backends/spatialite/operations.py::SpatiaLiteOperations::lwgeom_version	0	0	0	1	0	3
contrib/gis/db/backends/spatialite/operations.py::SpatiaLiteOperations::proj_version	0	0	0	1	0	3
contrib/gis/db/backends/spatialite/operations.py::SpatiaLiteOperations::spatial_aggregate_name	1	0	0	2	1	7
contrib/gis/db/backends/spatialite/operations.py::SpatiaLiteOperations::spatial_ref_sys	0	0	0	1	0	5
contrib/gis/db/backends/spatialite/operations.py::SpatiaLiteOperations::spatial_version	1	0	0	3	2	14
contrib/gis/db/backends/spatialite/operations.py::SpatiaLiteOperations::spatialite_version	0	0	0	1	0	3
contrib/gis/db/backends/spatialite/operations.py::SpatiaLiteOperations::spatialite_version_tuple	0	0	0	1	0	7
contrib/gis/db/backends/spatialite/operations.py::SpatiaLiteOperations::unsupported_functions	1	0	0	2	1	5
contrib/gis/db/backends/spatialite/operations.py::SpatialiteNullCheckOperator::as_sql	0	0	0	1	0	3
contrib/gis/db/backends/spatialite/schema.py::SpatialiteSchemaEditor::__init__	0	0	0	1	0	3
contrib/gis/db/backends/spatialite/schema.py::SpatialiteSchemaEditor::add_field	2	0	0	3	4	10
contrib/gis/db/backends/spatialite/schema.py::SpatialiteSchemaEditor::alter_db_table	2	0	0	8	11	41
contrib/gis/db/backends/spatialite/schema.py::SpatialiteSchemaEditor::column_sql	1	0	0	3	2	25
contrib/gis/db/backends/spatialite/schema.py::SpatialiteSchemaEditor::create_model	1	0	0	2	1	6
contrib/gis/db/backends/spatialite/schema.py::SpatialiteSchemaEditor::delete_model	2	0	0	5	6	19
contrib/gis/db/backends/spatialite/schema.py::SpatialiteSchemaEditor::geo_quote_name	0	0	0	1	0	2
contrib/gis/db/backends/spatialite/schema.py::SpatialiteSchemaEditor::remove_field	1	0	0	2	2	12
contrib/gis/db/backends/spatialite/schema.py::SpatialiteSchemaEditor::remove_geometry_metadata	0	0	0	1	0	13
contrib/gis/db/backends/utils.py::SpatialOperator::__init__	0	0	0	1	0	3
contrib/gis/db/backends/utils.py::SpatialOperator::as_sql	0	0	0	3	1	4
contrib/gis/db/backends/utils.py::SpatialOperator::default_template	1	0	0	2	2	5
contrib/gis/db/models/aggregates.py::Extent3D::__init__	0	0	0	1	0	2
contrib/gis/db/models/aggregates.py::Extent3D::convert_value	0	0	0	1	0	2
contrib/gis/db/models/aggregates.py::Extent::__init__	0	0	0	1	0	2
contrib/gis/db/models/aggregates.py::Extent::convert_value	0	0	0	1	0	2
contrib/gis/db/models/aggregates.py::GeoAggregate::as_oracle	1	0	0	3	2	11
contrib/gis/db/models/aggregates.py::GeoAggregate::as_sql	0	0	0	2	1	10
contrib/gis/db/models/aggregates.py::GeoAggregate::output_field	0	0	0	1	0	2
contrib/gis/db/models/aggregates.py::GeoAggregate::resolve_expression	2	0	0	3	3	6
contrib/gis/db/models/fields.py::BaseSpatialField::__init__	0	0	0	1	0	27
contrib/gis/db/models/fields.py::BaseSpatialField::db_type	0	0	0	1	0	2
contrib/gis/db/models/fields.py::BaseSpatialField::deconstruct	1	0	0	2	1	8
contrib/gis/db/models/fields.py::BaseSpatialField::geodetic	0	0	0	1	0	6
contrib/gis/db/models/fields.py::BaseSpatialField::get_db_prep_value	1	0	0	4	3	11
contrib/gis/db/models/fields.py::BaseSpatialField::get_placeholder	0	0	0	1	0	6
contrib/gis/db/models/fields.py::BaseSpatialField::get_prep_value	3	0	0	6	11	27
contrib/gis/db/models/fields.py::BaseSpatialField::get_raster_prep_value	2	0	0	4	7	16
contrib/gis/db/models/fields.py::BaseSpatialField::get_srid	1	0	0	5	4	12
contrib/gis/db/models/fields.py::BaseSpatialField::spheroid	0	0	0	1	0	2
contrib/gis/db/models/fields.py::BaseSpatialField::units	0	0	0	1	0	2
contrib/gis/db/models/fields.py::BaseSpatialField::units_name	0	0	0	1	0	2
contrib/gis/db/models/fields.py::ExtentField::get_internal_type	0	0	0	1	0	2
contrib/gis/db/models/fields.py::ExtentField::select_format	1	0	0	2	1	3
contrib/gis/db/models/fields.py::GeometryField::__init__	0	0	0	1	0	31
contrib/gis/db/models/fields.py::GeometryField::contribute_to_class	0	0	0	2	1	5
contrib/gis/db/models/fields.py::GeometryField::deconstruct	1	0	0	5	4	12
contrib/gis/db/models/fields.py::GeometryField::formfield	1	0	0	3	2	10
contrib/gis/db/models/fields.py::GeometryField::select_format	1	0	0	2	1	9
contrib/gis/db/models/fields.py::RasterField::_check_connection	1	0	0	3	2	4
contrib/gis/db/models/fields.py::RasterField::contribute_to_class	0	0	0	1	0	7
contrib/gis/db/models/fields.py::RasterField::db_type	0	0	0	1	0	3
contrib/gis/db/models/fields.py::RasterField::from_db_value	0	0	0	1	0	2
contrib/gis/db/models/fields.py::RasterField::get_transform	1	0	0	2	1	12
contrib/gis/db/models/fields.py::get_srid_info	3	0	0	4	3	31
contrib/gis/db/models/functions.py::Area::as_sql	1	0	0	3	2	4
contrib/gis/db/models/functions.py::Area::as_sqlite	1	0	0	2	1	5
contrib/gis/db/models/functions.py::Area::output_field	0	0	0	1	0	2
contrib/gis/db/models/functions.py::AsGML::__init__	1	0	0	2	1	5
contrib/gis/db/models/functions.py::AsGML::as_oracle	1	0	0	2	1	7
contrib/gis/db/models/functions.py::AsGeoJSON::__init__	1	0	0	5	6	14
contrib/gis/db/models/functions.py::AsGeoJSON::as_oracle	0	0	0	1	0	5
contrib/gis/db/models/functions.py::AsKML::__init__	1	0	0	2	1	5
contrib/gis/db/models/functions.py::AsSVG::__init__	1	0	0	2	1	8
contrib/gis/db/models/functions.py::BoundingCircle::__init__	0	0	0	1	0	2
contrib/gis/db/models/functions.py::BoundingCircle::as_oracle	0	0	0	1	0	4
contrib/gis/db/models/functions.py::Distance::__init__	1	0	0	2	1	5
contrib/gis/db/models/functions.py::Distance::as_postgresql	2	0	0	6	9	24
contrib/gis/db/models/functions.py::Distance::as_sqlite	1	0	0	2	1	6
contrib/gis/db/models/functions.py::DistanceResultMixin::output_field	0	0	0	1	0	2
contrib/gis/db/models/functions.py::DistanceResultMixin::source_is_geography	0	0	0	2	1	2
contrib/gis/db/models/functions.py::GeoFuncMixin::__init__	2	0	0	10	14	19
contrib/gis/db/models/functions.py::GeoFuncMixin::_handle_param	2	0	0	4	4	8
contrib/gis/db/models/functions.py::GeoFuncMixin::as_sql	1	0	0	3	2	4
contrib/gis/db/models/functions.py::GeoFuncMixin::geo_field	0	0	0	1	0	2
contrib/gis/db/models/functions.py::GeoFuncMixin::name	0	0	0	1	0	2
contrib/gis/db/models/functions.py::GeoFuncMixin::resolve_expression	2	0	0	5	6	22
contrib/gis/db/models/functions.py::GeoHash::__init__	1	0	0	2	1	5
contrib/gis/db/models/functions.py::GeoHash::as_mysql	1	0	0	2	1	6
contrib/gis/db/models/functions.py::GeomOutputGeoFunc::output_field	0	0	0	1	0	2
contrib/gis/db/models/functions.py::IsValid::as_oracle	0	0	0	1	0	3
contrib/gis/db/models/functions.py::Length::__init__	0	0	0	1	0	3
contrib/gis/db/models/functions.py::Length::as_postgresql	2	0	0	3	5	14
contrib/gis/db/models/functions.py::Length::as_sql	1	0	0	3	2	4
contrib/gis/db/models/functions.py::Length::as_sqlite	2	0	0	3	3	5
contrib/gis/db/models/functions.py::OracleToleranceMixin::as_oracle	0	0	0	1	0	9
contrib/gis/db/models/functions.py::Perimeter::as_postgresql	1	0	0	4	3	8
contrib/gis/db/models/functions.py::Perimeter::as_sqlite	1	0	0	2	1	4
contrib/gis/db/models/functions.py::SQLiteDecimalToFloatMixin::as_sqlite	1	0	0	3	2	8
contrib/gis/db/models/functions.py::Scale::__init__	1	0	0	2	1	9
contrib/gis/db/models/functions.py::SnapToGrid::__init__	1	0	0	2	3	16
contrib/gis/db/models/functions.py::Transform::__init__	1	0	0	2	1	8
contrib/gis/db/models/functions.py::Translate::as_sqlite	1	0	0	2	1	6
contrib/gis/db/models/lookups.py::DWithinLookup::process_distance	1	0	0	4	2	12
contrib/gis/db/models/lookups.py::DWithinLookup::process_rhs	0	0	0	1	0	5
contrib/gis/db/models/lookups.py::DistanceLookupBase::process_distance	1	0	0	2	1	7
contrib/gis/db/models/lookups.py::DistanceLookupBase::process_rhs_params	1	0	0	5	5	9
contrib/gis/db/models/lookups.py::DistanceLookupFromFunction::as_sql	0	0	0	3	2	9
contrib/gis/db/models/lookups.py::GISLookup::__init__	1	0	0	2	1	5
contrib/gis/db/models/lookups.py::GISLookup::as_sql	0	0	0	1	0	8
contrib/gis/db/models/lookups.py::GISLookup::get_db_prep_lookup	0	0	0	1	0	3
contrib/gis/db/models/lookups.py::GISLookup::get_rhs_op	0	0	0	1	0	5
contrib/gis/db/models/lookups.py::GISLookup::process_band_indices	1	0	0	3	3	18
contrib/gis/db/models/lookups.py::GISLookup::process_rhs	1	0	0	3	2	9
contrib/gis/db/models/lookups.py::GISLookup::process_rhs_params	3	0	0	4	8	9
contrib/gis/db/models/lookups.py::RasterBandTransform::as_sql	0	0	0	1	0	2
contrib/gis/db/models/lookups.py::RelateLookup::process_rhs	1	0	0	3	3	10
contrib/gis/db/models/proxy.py::SpatialProxy::__get__	1	0	0	5	6	27
contrib/gis/db/models/proxy.py::SpatialProxy::__init__	0	0	0	2	1	8
contrib/gis/db/models/proxy.py::SpatialProxy::__set__	2	0	0	6	9	31
contrib/gis/db/models/sql/conversion.py::AreaField::__init__	0	0	0	1	0	3
contrib/gis/db/models/sql/conversion.py::AreaField::from_db_value	1	0	0	4	3	10
contrib/gis/db/models/sql/conversion.py::AreaField::get_db_prep_value	1	0	0	3	2	5
contrib/gis/db/models/sql/conversion.py::AreaField::get_internal_type	0	0	0	1	0	2
contrib/gis/db/models/sql/conversion.py::AreaField::get_prep_value	1	0	0	2	1	4
contrib/gis/db/models/sql/conversion.py::DistanceField::__init__	0	0	0	1	0	3
contrib/gis/db/models/sql/conversion.py::DistanceField::from_db_value	1	0	0	3	2	5
contrib/gis/db/models/sql/conversion.py::DistanceField::get_db_prep_value	1	0	0	3	2	7
contrib/gis/db/models/sql/conversion.py::DistanceField::get_internal_type	0	0	0	1	0	2
contrib/gis/db/models/sql/conversion.py::DistanceField::get_prep_value	1	0	0	2	1	4
contrib/gis/feeds.py::Feed::feed_extra_kwargs	0	0	0	1	0	2
contrib/gis/feeds.py::Feed::item_extra_kwargs	0	0	0	1	0	2
contrib/gis/feeds.py::GeoAtom1Feed::add_item_elements	0	0	0	1	0	3
contrib/gis/feeds.py::GeoAtom1Feed::add_root_elements	0	0	0	1	0	3
contrib/gis/feeds.py::GeoAtom1Feed::root_attributes	0	0	0	1	0	4
contrib/gis/feeds.py::GeoFeedMixin::add_georss_element	4	5	23	11	40	46
contrib/gis/feeds.py::GeoFeedMixin::add_georss_point	1	0	0	2	2	12
contrib/gis/feeds.py::GeoFeedMixin::georss_coords	0	0	0	1	0	7
contrib/gis/feeds.py::GeoRSSFeed::add_item_elements	0	0	0	1	0	3
contrib/gis/feeds.py::GeoRSSFeed::add_root_elements	0	0	0	1	0	3
contrib/gis/feeds.py::GeoRSSFeed::rss_attributes	0	0	0	1	0	4
contrib/gis/feeds.py::W3CGeoFeed::add_item_elements	0	0	0	1	0	3
contrib/gis/feeds.py::W3CGeoFeed::add_root_elements	0	0	0	1	0	3
contrib/gis/feeds.py::W3CGeoFeed::rss_attributes	0	0	0	1	0	4
contrib/gis/forms/fields.py::GeometryField::__init__	1	0	0	2	1	6
contrib/gis/forms/fields.py::GeometryField::clean	2	0	0	8	7	24
contrib/gis/forms/fields.py::GeometryField::has_changed	1	0	0	4	4	19
contrib/gis/forms/fields.py::GeometryField::to_python	3	0	0	10	19	27
contrib/gis/forms/widgets.py::BaseGeometryWidget::__init__	1	0	0	3	2	6
contrib/gis/forms/widgets.py::BaseGeometryWidget::deserialize	1	0	0	2	1	6
contrib/gis/forms/widgets.py::BaseGeometryWidget::get_context	3	0	0	9	11	31
contrib/gis/forms/widgets.py::BaseGeometryWidget::serialize	1	0	0	2	1	2
contrib/gis/forms/widgets.py::OSMWidget::__init__	1	0	0	3	2	6
contrib/gis/forms/widgets.py::OpenLayersWidget::deserialize	1	0	0	4	2	6
contrib/gis/forms/widgets.py::OpenLayersWidget::serialize	1	0	0	2	1	2
contrib/gis/gdal/datasource.py::DataSource::__getitem__	2	0	0	4	8	15
contrib/gis/gdal/datasource.py::DataSource::__init__	2	0	0	6	10	32
contrib/gis/gdal/datasource.py::DataSource::__len__	0	0	0	1	0	3
contrib/gis/gdal/datasource.py::DataSource::__str__	0	0	0	1	0	3
contrib/gis/gdal/datasource.py::DataSource::layer_count	0	0	0	1	0	3
contrib/gis/gdal/datasource.py::DataSource::name	0	0	0	1	0	4
contrib/gis/gdal/driver.py::Driver::__init__	3	0	0	8	18	35
contrib/gis/gdal/driver.py::Driver::__str__	0	0	0	1	0	2
contrib/gis/gdal/driver.py::Driver::driver_count	0	0	0	1	0	5
contrib/gis/gdal/driver.py::Driver::ensure_registered	1	0	0	3	2	10
contrib/gis/gdal/driver.py::Driver::name	0	0	0	1	0	5
contrib/gis/gdal/envelope.py::Envelope::__eq__	1	0	0	9	6	13
contrib/gis/gdal/envelope.py::Envelope::__init__	3	0	0	6	13	30
contrib/gis/gdal/envelope.py::Envelope::__str__	0	0	0	1	0	3
contrib/gis/gdal/envelope.py::Envelope::_from_sequence	0	0	0	1	0	7
contrib/gis/gdal/envelope.py::Envelope::expand_to_include	4	4	8	9	31	41
contrib/gis/gdal/envelope.py::Envelope::ll	0	0	0	1	0	3
contrib/gis/gdal/envelope.py::Envelope::max_x	0	0	0	1	0	3
contrib/gis/gdal/envelope.py::Envelope::max_y	0	0	0	1	0	3
contrib/gis/gdal/envelope.py::Envelope::min_x	0	0	0	1	0	3
contrib/gis/gdal/envelope.py::Envelope::min_y	0	0	0	1	0	3
contrib/gis/gdal/envelope.py::Envelope::tuple	0	0	0	1	0	3
contrib/gis/gdal/envelope.py::Envelope::ur	0	0	0	1	0	3
contrib/gis/gdal/envelope.py::Envelope::wkt	0	0	0	1	0	7
contrib/gis/gdal/error.py::check_err	1	0	0	3	4	13
contrib/gis/gdal/feature.py::Feature::__eq__	0	0	0	1	0	3
contrib/gis/gdal/feature.py::Feature::__getitem__	1	0	0	2	3	14
contrib/gis/gdal/feature.py::Feature::__init__	1	0	0	2	1	8
contrib/gis/gdal/feature.py::Feature::__len__	0	0	0	1	0	3
contrib/gis/gdal/feature.py::Feature::__str__	0	0	0	1	0	3
contrib/gis/gdal/feature.py::Feature::encoding	0	0	0	1	0	2
contrib/gis/gdal/feature.py::Feature::fid	0	0	0	1	0	3
contrib/gis/gdal/feature.py::Feature::fields	0	0	0	1	0	9
contrib/gis/gdal/feature.py::Feature::geom	0	0	0	1	0	5
contrib/gis/gdal/feature.py::Feature::geom_type	0	0	0	1	0	3
contrib/gis/gdal/feature.py::Feature::get	0	0	0	1	0	8
contrib/gis/gdal/feature.py::Feature::index	1	0	0	2	1	6
contrib/gis/gdal/feature.py::Feature::layer_name	0	0	0	1	0	4
contrib/gis/gdal/feature.py::Feature::num_fields	0	0	0	1	0	3
contrib/gis/gdal/field.py::Field::__init__	1	0	0	2	1	17
contrib/gis/gdal/field.py::Field::__str__	0	0	0	1	0	3
contrib/gis/gdal/field.py::Field::as_datetime	1	0	0	3	3	12
contrib/gis/gdal/field.py::Field::as_double	1	0	0	2	1	3
contrib/gis/gdal/field.py::Field::as_int	2	0	0	4	6	6
contrib/gis/gdal/field.py::Field::as_string	1	0	0	2	1	6
contrib/gis/gdal/field.py::Field::is_set	0	0	0	1	0	3
contrib/gis/gdal/field.py::Field::name	0	0	0	1	0	4
contrib/gis/gdal/field.py::Field::precision	0	0	0	1	0	3
contrib/gis/gdal/field.py::Field::type	0	0	0	1	0	3
contrib/gis/gdal/field.py::Field::type_name	0	0	0	1	0	3
contrib/gis/gdal/field.py::Field::value	0	0	0	1	0	4
contrib/gis/gdal/field.py::Field::width	0	0	0	1	0	3
contrib/gis/gdal/field.py::OFTDate::value	1	0	0	2	1	7
contrib/gis/gdal/field.py::OFTDateTime::value	1	0	0	2	1	11
contrib/gis/gdal/field.py::OFTInteger::type	0	0	0	1	0	7
contrib/gis/gdal/field.py::OFTInteger::value	0	0	0	1	0	3
contrib/gis/gdal/field.py::OFTReal::value	0	0	0	1	0	3
contrib/gis/gdal/field.py::OFTTime::value	1	0	0	2	1	7
contrib/gis/gdal/geometries.py::GeometryCollection::__getitem__	1	0	0	2	2	6
contrib/gis/gdal/geometries.py::GeometryCollection::__len__	0	0	0	1	0	3
contrib/gis/gdal/geometries.py::GeometryCollection::add	3	0	0	4	9	13
contrib/gis/gdal/geometries.py::GeometryCollection::point_count	0	0	0	1	0	4
contrib/gis/gdal/geometries.py::GeometryCollection::tuple	0	0	0	1	0	3
contrib/gis/gdal/geometries.py::LineString::__getitem__	2	0	0	3	6	14
contrib/gis/gdal/geometries.py::LineString::__len__	0	0	0	1	0	3
contrib/gis/gdal/geometries.py::LineString::_listarr	0	0	0	1	0	6
contrib/gis/gdal/geometries.py::LineString::tuple	0	0	0	1	0	3
contrib/gis/gdal/geometries.py::LineString::x	0	0	0	1	0	3
contrib/gis/gdal/geometries.py::LineString::y	0	0	0	1	0	3
contrib/gis/gdal/geometries.py::LineString::z	1	0	0	2	1	4
contrib/gis/gdal/geometries.py::OGRGeometry::__and__	0	0	0	1	0	3
contrib/gis/gdal/geometries.py::OGRGeometry::__eq__	0	0	0	2	1	3
contrib/gis/gdal/geometries.py::OGRGeometry::__getstate__	1	0	0	2	2	7
contrib/gis/gdal/geometries.py::OGRGeometry::__init__	3	0	0	9	20	55
contrib/gis/gdal/geometries.py::OGRGeometry::__or__	0	0	0	1	0	3
contrib/gis/gdal/geometries.py::OGRGeometry::__setstate__	1	0	0	2	1	7
contrib/gis/gdal/geometries.py::OGRGeometry::__str__	0	0	0	1	0	3
contrib/gis/gdal/geometries.py::OGRGeometry::__sub__	0	0	0	1	0	3
contrib/gis/gdal/geometries.py::OGRGeometry::__xor__	0	0	0	1	0	3
contrib/gis/gdal/geometries.py::OGRGeometry::_from_json	0	0	0	1	0	2
contrib/gis/gdal/geometries.py::OGRGeometry::_from_wkb	0	0	0	1	0	2
contrib/gis/gdal/geometries.py::OGRGeometry::_geomgen	1	0	0	2	2	6
contrib/gis/gdal/geometries.py::OGRGeometry::_geos_ptr	0	0	0	1	0	3
contrib/gis/gdal/geometries.py::OGRGeometry::_get_coord_dim	0	0	0	1	0	3
contrib/gis/gdal/geometries.py::OGRGeometry::_get_srid	1	0	0	2	1	5
contrib/gis/gdal/geometries.py::OGRGeometry::_get_srs	1	0	0	2	1	7
contrib/gis/gdal/geometries.py::OGRGeometry::_set_coord_dim	1	0	0	2	1	5
contrib/gis/gdal/geometries.py::OGRGeometry::_set_srid	1	0	0	3	3	5
contrib/gis/gdal/geometries.py::OGRGeometry::_set_srs	1	0	0	2	4	16
contrib/gis/gdal/geometries.py::OGRGeometry::_topology	1	0	0	2	1	9
contrib/gis/gdal/geometries.py::OGRGeometry::area	0	0	0	1	0	3
contrib/gis/gdal/geometries.py::OGRGeometry::boundary	0	0	0	1	0	3
contrib/gis/gdal/geometries.py::OGRGeometry::clone	0	0	0	1	0	3
contrib/gis/gdal/geometries.py::OGRGeometry::close_rings	0	0	0	1	0	8
contrib/gis/gdal/geometries.py::OGRGeometry::contains	0	0	0	1	0	3
contrib/gis/gdal/geometries.py::OGRGeometry::convex_hull	0	0	0	1	0	6
contrib/gis/gdal/geometries.py::OGRGeometry::crosses	0	0	0	1	0	3
contrib/gis/gdal/geometries.py::OGRGeometry::difference	0	0	0	1	0	6
contrib/gis/gdal/geometries.py::OGRGeometry::dimension	0	0	0	1	0	3
contrib/gis/gdal/geometries.py::OGRGeometry::disjoint	0	0	0	1	0	3
contrib/gis/gdal/geometries.py::OGRGeometry::empty	0	0	0	1	0	2
contrib/gis/gdal/geometries.py::OGRGeometry::envelope	0	0	0	1	0	4
contrib/gis/gdal/geometries.py::OGRGeometry::equals	0	0	0	1	0	3
contrib/gis/gdal/geometries.py::OGRGeometry::ewkt	1	0	0	3	3	7
contrib/gis/gdal/geometries.py::OGRGeometry::extent	0	0	0	1	0	3
contrib/gis/gdal/geometries.py::OGRGeometry::from_bbox	0	0	0	1	0	5
contrib/gis/gdal/geometries.py::OGRGeometry::from_gml	0	0	0	1	0	2
contrib/gis/gdal/geometries.py::OGRGeometry::from_json	0	0	0	1	0	2
contrib/gis/gdal/geometries.py::OGRGeometry::geom_count	0	0	0	1	0	3
contrib/gis/gdal/geometries.py::OGRGeometry::geom_name	0	0	0	1	0	3
contrib/gis/gdal/geometries.py::OGRGeometry::geom_type	0	0	0	1	0	3
contrib/gis/gdal/geometries.py::OGRGeometry::geos	0	0	0	1	0	4
contrib/gis/gdal/geometries.py::OGRGeometry::gml	0	0	0	1	0	3
contrib/gis/gdal/geometries.py::OGRGeometry::hex	0	0	0	1	0	3
contrib/gis/gdal/geometries.py::OGRGeometry::intersection	0	0	0	1	0	6
contrib/gis/gdal/geometries.py::OGRGeometry::intersects	0	0	0	1	0	3
contrib/gis/gdal/geometries.py::OGRGeometry::json	0	0	0	1	0	5
contrib/gis/gdal/geometries.py::OGRGeometry::kml	0	0	0	1	0	3
contrib/gis/gdal/geometries.py::OGRGeometry::num_coords	0	0	0	1	0	3
contrib/gis/gdal/geometries.py::OGRGeometry::num_points	0	0	0	1	0	3
contrib/gis/gdal/geometries.py::OGRGeometry::overlaps	0	0	0	1	0	3
contrib/gis/gdal/geometries.py::OGRGeometry::point_count	0	0	0	1	0	3
contrib/gis/gdal/geometries.py::OGRGeometry::sym_difference	0	0	0	1	0	6
contrib/gis/gdal/geometries.py::OGRGeometry::touches	0	0	0	1	0	3
contrib/gis/gdal/geometries.py::OGRGeometry::transform	1	0	0	3	5	25
contrib/gis/gdal/geometries.py::OGRGeometry::union	0	0	0	1	0	6
contrib/gis/gdal/geometries.py::OGRGeometry::within	0	0	0	1	0	3
contrib/gis/gdal/geometries.py::OGRGeometry::wkb	1	0	0	2	2	12
contrib/gis/gdal/geometries.py::OGRGeometry::wkb_size	0	0	0	1	0	3
contrib/gis/gdal/geometries.py::OGRGeometry::wkt	0	0	0	1	0	3
contrib/gis/gdal/geometries.py::Point::_create_empty	0	0	0	1	0	2
contrib/gis/gdal/geometries.py::Point::_geos_ptr	1	0	0	2	1	3
contrib/gis/gdal/geometries.py::Point::tuple	1	0	0	2	2	6
contrib/gis/gdal/geometries.py::Point::x	0	0	0	1	0	3
contrib/gis/gdal/geometries.py::Point::y	0	0	0	1	0	3
contrib/gis/gdal/geometries.py::Point::z	1	0	0	2	1	4
contrib/gis/gdal/geometries.py::Polygon::__getitem__	1	0	0	2	2	6
contrib/gis/gdal/geometries.py::Polygon::__len__	0	0	0	1	0	3
contrib/gis/gdal/geometries.py::Polygon::centroid	0	0	0	1	0	6
contrib/gis/gdal/geometries.py::Polygon::point_count	0	0	0	1	0	4
contrib/gis/gdal/geometries.py::Polygon::shell	0	0	0	1	0	3
contrib/gis/gdal/geometries.py::Polygon::tuple	0	0	0	1	0	3
contrib/gis/gdal/geomtype.py::OGRGeomType::__eq__	1	0	0	2	4	13
contrib/gis/gdal/geomtype.py::OGRGeomType::__init__	2	0	0	5	10	20
contrib/gis/gdal/geomtype.py::OGRGeomType::__str__	0	0	0	1	0	3
contrib/gis/gdal/geomtype.py::OGRGeomType::django	1	0	0	2	3	10
contrib/gis/gdal/geomtype.py::OGRGeomType::name	0	0	0	1	0	3
contrib/gis/gdal/geomtype.py::OGRGeomType::to_multi	1	0	0	2	1	7
contrib/gis/gdal/layer.py::Layer::__getitem__	2	0	0	3	5	15
contrib/gis/gdal/layer.py::Layer::__init__	1	0	0	2	1	14
contrib/gis/gdal/layer.py::Layer::__iter__	1	0	0	2	1	6
contrib/gis/gdal/layer.py::Layer::__len__	0	0	0	1	0	3
contrib/gis/gdal/layer.py::Layer::__str__	0	0	0	1	0	3
contrib/gis/gdal/layer.py::Layer::_get_spatial_filter	1	0	0	2	1	5
contrib/gis/gdal/layer.py::Layer::_make_feature	3	0	0	5	9	21
contrib/gis/gdal/layer.py::Layer::_set_spatial_filter	2	0	0	3	6	14
contrib/gis/gdal/layer.py::Layer::extent	0	0	0	1	0	5
contrib/gis/gdal/layer.py::Layer::field_precisions	0	0	0	1	0	4
contrib/gis/gdal/layer.py::Layer::field_types	0	0	0	1	0	8
contrib/gis/gdal/layer.py::Layer::field_widths	0	0	0	1	0	4
contrib/gis/gdal/layer.py::Layer::fields	0	0	0	1	0	9
contrib/gis/gdal/layer.py::Layer::geom_type	0	0	0	1	0	3
contrib/gis/gdal/layer.py::Layer::get_fields	1	0	0	2	1	8
contrib/gis/gdal/layer.py::Layer::get_geoms	1	0	0	2	2	10
contrib/gis/gdal/layer.py::Layer::name	0	0	0	1	0	4
contrib/gis/gdal/layer.py::Layer::num_feat	0	0	0	1	0	3
contrib/gis/gdal/layer.py::Layer::num_fields	0	0	0	1	0	3
contrib/gis/gdal/layer.py::Layer::srs	1	0	0	2	1	7
contrib/gis/gdal/layer.py::Layer::test_capability	0	0	0	1	0	9
contrib/gis/gdal/libgdal.py::err_handler	0	0	0	1	0	2
contrib/gis/gdal/libgdal.py::function	0	0	0	1	0	5
contrib/gis/gdal/libgdal.py::gdal_full_version	0	0	0	1	0	3
contrib/gis/gdal/libgdal.py::gdal_version	0	0	0	1	0	3
contrib/gis/gdal/libgdal.py::gdal_version_info	1	0	0	3	2	7
contrib/gis/gdal/libgdal.py::std_call	1	0	0	2	2	9
contrib/gis/gdal/prototypes/errcheck.py::arg_byref	0	0	0	1	0	3
contrib/gis/gdal/prototypes/errcheck.py::check_arg_errcode	0	0	0	1	0	7
contrib/gis/gdal/prototypes/errcheck.py::check_const_string	1	0	0	2	2	10
contrib/gis/gdal/prototypes/errcheck.py::check_envelope	0	0	0	1	0	3
contrib/gis/gdal/prototypes/errcheck.py::check_errcode	0	0	0	1	0	5
contrib/gis/gdal/prototypes/errcheck.py::check_geom	1	0	0	3	2	9
contrib/gis/gdal/prototypes/errcheck.py::check_geom_offset	0	0	0	1	0	5
contrib/gis/gdal/prototypes/errcheck.py::check_pointer	1	0	0	3	3	8
contrib/gis/gdal/prototypes/errcheck.py::check_srs	1	0	0	3	2	6
contrib/gis/gdal/prototypes/errcheck.py::check_str_arg	0	0	0	1	0	9
contrib/gis/gdal/prototypes/errcheck.py::check_string	2	0	0	4	6	27
contrib/gis/gdal/prototypes/errcheck.py::ptr_byref	0	0	0	1	0	3
contrib/gis/gdal/prototypes/generation.py::_check_const	1	0	0	3	2	5
contrib/gis/gdal/prototypes/generation.py::_check_str	1	0	0	3	2	5
contrib/gis/gdal/prototypes/generation.py::bool_output	1	0	0	2	1	7
contrib/gis/gdal/prototypes/generation.py::chararray_output	1	0	0	2	1	7
contrib/gis/gdal/prototypes/generation.py::const_string_output	1	0	0	4	4	15
contrib/gis/gdal/prototypes/generation.py::double_output	1	0	0	3	2	9
contrib/gis/gdal/prototypes/generation.py::geom_output	1	0	0	2	2	21
contrib/gis/gdal/prototypes/generation.py::geomerrcheck	0	0	0	1	0	2
contrib/gis/gdal/prototypes/generation.py::int64_output	0	0	0	1	0	5
contrib/gis/gdal/prototypes/generation.py::int_output	1	0	0	2	1	7
contrib/gis/gdal/prototypes/generation.py::srs_output	0	0	0	1	0	10
contrib/gis/gdal/prototypes/generation.py::string_output	1	0	0	4	4	26
contrib/gis/gdal/prototypes/generation.py::void_output	1	0	0	3	3	16
contrib/gis/gdal/prototypes/generation.py::voidptr_output	1	0	0	2	1	7
contrib/gis/gdal/prototypes/geom.py::env_func	0	0	0	1	0	6
contrib/gis/gdal/prototypes/geom.py::pnt_func	0	0	0	1	0	3
contrib/gis/gdal/prototypes/geom.py::topology_func	2	0	0	1	0	5
contrib/gis/gdal/prototypes/srs.py::srs_double	0	0	0	1	0	6
contrib/gis/gdal/prototypes/srs.py::units_func	0	0	0	1	0	6
contrib/gis/gdal/raster/band.py::BandList::__getitem__	1	0	0	2	1	5
contrib/gis/gdal/raster/band.py::BandList::__init__	0	0	0	1	0	3
contrib/gis/gdal/raster/band.py::BandList::__iter__	1	0	0	2	1	3
contrib/gis/gdal/raster/band.py::BandList::__len__	0	0	0	1	0	2
contrib/gis/gdal/raster/band.py::GDALBand::__init__	0	0	0	1	0	3
contrib/gis/gdal/raster/band.py::GDALBand::_flush	0	0	0	1	0	7
contrib/gis/gdal/raster/band.py::GDALBand::color_interp	1	0	0	2	1	6
contrib/gis/gdal/raster/band.py::GDALBand::data	2	0	0	13	19	54
contrib/gis/gdal/raster/band.py::GDALBand::datatype	1	0	0	2	1	8
contrib/gis/gdal/raster/band.py::GDALBand::description	0	0	0	1	0	5
contrib/gis/gdal/raster/band.py::GDALBand::height	0	0	0	1	0	5
contrib/gis/gdal/raster/band.py::GDALBand::max	0	0	0	1	0	5
contrib/gis/gdal/raster/band.py::GDALBand::mean	0	0	0	1	0	5
contrib/gis/gdal/raster/band.py::GDALBand::min	0	0	0	1	0	5
contrib/gis/gdal/raster/band.py::GDALBand::nodata_value	1	0	0	2	2	13
contrib/gis/gdal/raster/band.py::GDALBand::pixel_count	0	0	0	1	0	5
contrib/gis/gdal/raster/band.py::GDALBand::statistics	1	0	0	4	4	45
contrib/gis/gdal/raster/band.py::GDALBand::std	0	0	0	1	0	5
contrib/gis/gdal/raster/band.py::GDALBand::width	0	0	0	1	0	5
contrib/gis/gdal/raster/base.py::GDALRasterBase::metadata	2	0	0	8	11	48
contrib/gis/gdal/raster/source.py::GDALRaster::__del__	1	0	0	2	1	5
contrib/gis/gdal/raster/source.py::GDALRaster::__init__	4	1	5	24	42	125
contrib/gis/gdal/raster/source.py::GDALRaster::__repr__	0	0	0	1	0	5
contrib/gis/gdal/raster/source.py::GDALRaster::__str__	0	0	0	1	0	2
contrib/gis/gdal/raster/source.py::GDALRaster::_flush	1	0	0	2	1	11
contrib/gis/gdal/raster/source.py::GDALRaster::bands	0	0	0	1	0	2
contrib/gis/gdal/raster/source.py::GDALRaster::clone	1	0	0	2	3	20
contrib/gis/gdal/raster/source.py::GDALRaster::driver	0	0	0	1	0	6
contrib/gis/gdal/raster/source.py::GDALRaster::extent	0	0	0	1	0	14
contrib/gis/gdal/raster/source.py::GDALRaster::geotransform	0	0	0	1	0	10
contrib/gis/gdal/raster/source.py::GDALRaster::height	0	0	0	1	0	5
contrib/gis/gdal/raster/source.py::GDALRaster::info	1	0	0	2	1	8
contrib/gis/gdal/raster/source.py::GDALRaster::is_vsi_based	0	0	0	2	1	2
contrib/gis/gdal/raster/source.py::GDALRaster::name	0	0	0	1	0	6
contrib/gis/gdal/raster/source.py::GDALRaster::origin	0	0	0	1	0	5
contrib/gis/gdal/raster/source.py::GDALRaster::scale	0	0	0	1	0	5
contrib/gis/gdal/raster/source.py::GDALRaster::skew	0	0	0	1	0	5
contrib/gis/gdal/raster/source.py::GDALRaster::srid	0	0	0	1	0	5
contrib/gis/gdal/raster/source.py::GDALRaster::srs	1	0	0	3	2	11
contrib/gis/gdal/raster/source.py::GDALRaster::transform	1	0	0	7	8	47
contrib/gis/gdal/raster/source.py::GDALRaster::vsi_buffer	1	0	0	2	1	13
contrib/gis/gdal/raster/source.py::GDALRaster::warp	1	0	0	3	2	54
contrib/gis/gdal/raster/source.py::GDALRaster::width	0	0	0	1	0	5
contrib/gis/gdal/raster/source.py::TransformPoint::__init__	0	0	0	1	0	6
contrib/gis/gdal/raster/source.py::TransformPoint::x	0	0	0	1	0	2
contrib/gis/gdal/raster/source.py::TransformPoint::y	0	0	0	1	0	2
contrib/gis/gdal/srs.py::CoordTransform::__init__	1	0	0	3	2	7
contrib/gis/gdal/srs.py::CoordTransform::__str__	0	0	0	1	0	2
contrib/gis/gdal/srs.py::SpatialReference::__getitem__	1	0	0	2	2	27
contrib/gis/gdal/srs.py::SpatialReference::__init__	2	0	0	14	24	60
contrib/gis/gdal/srs.py::SpatialReference::__str__	0	0	0	1	0	3
contrib/gis/gdal/srs.py::SpatialReference::angular_name	0	0	0	1	0	4
contrib/gis/gdal/srs.py::SpatialReference::angular_units	0	0	0	1	0	4
contrib/gis/gdal/srs.py::SpatialReference::attr_value	1	0	0	3	2	8
contrib/gis/gdal/srs.py::SpatialReference::auth_code	0	0	0	1	0	3
contrib/gis/gdal/srs.py::SpatialReference::auth_name	0	0	0	1	0	3
contrib/gis/gdal/srs.py::SpatialReference::clone	0	0	0	1	0	3
contrib/gis/gdal/srs.py::SpatialReference::ellipsoid	0	0	0	1	0	6
contrib/gis/gdal/srs.py::SpatialReference::from_esri	0	0	0	1	0	3
contrib/gis/gdal/srs.py::SpatialReference::geographic	0	0	0	1	0	6
contrib/gis/gdal/srs.py::SpatialReference::identify_epsg	0	0	0	1	0	6
contrib/gis/gdal/srs.py::SpatialReference::import_epsg	0	0	0	1	0	3
contrib/gis/gdal/srs.py::SpatialReference::import_proj	0	0	0	1	0	3
contrib/gis/gdal/srs.py::SpatialReference::import_user_input	0	0	0	1	0	3
contrib/gis/gdal/srs.py::SpatialReference::import_wkt	0	0	0	1	0	3
contrib/gis/gdal/srs.py::SpatialReference::import_xml	0	0	0	1	0	3
contrib/gis/gdal/srs.py::SpatialReference::inverse_flattening	0	0	0	1	0	3
contrib/gis/gdal/srs.py::SpatialReference::linear_name	0	0	0	1	0	4
contrib/gis/gdal/srs.py::SpatialReference::linear_units	0	0	0	1	0	4
contrib/gis/gdal/srs.py::SpatialReference::local	0	0	0	1	0	3
contrib/gis/gdal/srs.py::SpatialReference::name	1	0	0	2	4	10
contrib/gis/gdal/srs.py::SpatialReference::pretty_wkt	0	0	0	1	0	3
contrib/gis/gdal/srs.py::SpatialReference::proj	0	0	0	1	0	3
contrib/gis/gdal/srs.py::SpatialReference::proj4	0	0	0	1	0	3
contrib/gis/gdal/srs.py::SpatialReference::projected	0	0	0	1	0	6
contrib/gis/gdal/srs.py::SpatialReference::semi_major	0	0	0	1	0	3
contrib/gis/gdal/srs.py::SpatialReference::semi_minor	0	0	0	1	0	3
contrib/gis/gdal/srs.py::SpatialReference::srid	1	0	0	2	1	6
contrib/gis/gdal/srs.py::SpatialReference::to_esri	0	0	0	1	0	3
contrib/gis/gdal/srs.py::SpatialReference::units	1	0	0	4	4	13
contrib/gis/gdal/srs.py::SpatialReference::validate	0	0	0	1	0	3
contrib/gis/gdal/srs.py::SpatialReference::wkt	0	0	0	1	0	3
contrib/gis/gdal/srs.py::SpatialReference::xml	0	0	0	1	0	3
contrib/gis/geoip2/base.py::GeoIP2::__del__	1	0	0	2	1	4
contrib/gis/geoip2/base.py::GeoIP2::__init__	2	0	0	11	19	69
contrib/gis/geoip2/base.py::GeoIP2::__repr__	0	0	0	1	0	9
contrib/gis/geoip2/base.py::GeoIP2::_check_query	1	0	0	8	9	21
contrib/gis/geoip2/base.py::GeoIP2::_country_or_city	1	0	0	2	2	5
contrib/gis/geoip2/base.py::GeoIP2::_reader	0	0	0	2	1	2
contrib/gis/geoip2/base.py::GeoIP2::city	0	0	0	1	0	8
contrib/gis/geoip2/base.py::GeoIP2::coords	1	0	0	2	2	6
contrib/gis/geoip2/base.py::GeoIP2::country	0	0	0	1	0	9
contrib/gis/geoip2/base.py::GeoIP2::country_code	0	0	0	1	0	4
contrib/gis/geoip2/base.py::GeoIP2::country_name	0	0	0	1	0	4
contrib/gis/geoip2/base.py::GeoIP2::geos	1	0	0	2	2	8
contrib/gis/geoip2/base.py::GeoIP2::info	0	0	0	1	0	4
contrib/gis/geoip2/base.py::GeoIP2::lat_lon	0	0	0	1	0	3
contrib/gis/geoip2/base.py::GeoIP2::lon_lat	0	0	0	1	0	3
contrib/gis/geoip2/base.py::GeoIP2::open	0	0	0	1	0	2
contrib/gis/geoip2/resources.py::City	1	0	0	2	1	15
contrib/gis/geoip2/resources.py::Country	0	0	0	1	0	5
contrib/gis/geos/collections.py::GeometryCollection::__init__	2	0	0	3	5	20
contrib/gis/geos/collections.py::GeometryCollection::__iter__	1	0	0	2	1	4
contrib/gis/geos/collections.py::GeometryCollection::__len__	0	0	0	1	0	3
contrib/gis/geos/collections.py::GeometryCollection::_create_collection	0	0	0	1	0	8
contrib/gis/geos/collections.py::GeometryCollection::_get_single_external	0	0	0	1	0	4
contrib/gis/geos/collections.py::GeometryCollection::_get_single_internal	0	0	0	1	0	2
contrib/gis/geos/collections.py::GeometryCollection::_set_list	1	0	0	2	1	8
contrib/gis/geos/collections.py::GeometryCollection::kml	0	0	0	1	0	3
contrib/gis/geos/collections.py::GeometryCollection::tuple	0	0	0	1	0	3
contrib/gis/geos/coordseq.py::GEOSCoordSeq::__getitem__	0	0	0	1	0	4
contrib/gis/geos/coordseq.py::GEOSCoordSeq::__init__	1	0	0	2	1	6
contrib/gis/geos/coordseq.py::GEOSCoordSeq::__iter__	1	0	0	2	1	4
contrib/gis/geos/coordseq.py::GEOSCoordSeq::__len__	0	0	0	1	0	3
contrib/gis/geos/coordseq.py::GEOSCoordSeq::__setitem__	1	0	0	6	8	20
contrib/gis/geos/coordseq.py::GEOSCoordSeq::__str__	0	0	0	1	0	3
contrib/gis/geos/coordseq.py::GEOSCoordSeq::_checkdim	1	0	0	3	2	4
contrib/gis/geos/coordseq.py::GEOSCoordSeq::_checkindex	1	0	0	2	1	4
contrib/gis/geos/coordseq.py::GEOSCoordSeq::_get_point_2d	0	0	0	1	0	2
contrib/gis/geos/coordseq.py::GEOSCoordSeq::_get_point_3d	0	0	0	1	0	2
contrib/gis/geos/coordseq.py::GEOSCoordSeq::_get_x	0	0	0	1	0	2
contrib/gis/geos/coordseq.py::GEOSCoordSeq::_get_y	0	0	0	1	0	2
contrib/gis/geos/coordseq.py::GEOSCoordSeq::_get_z	0	0	0	1	0	2
contrib/gis/geos/coordseq.py::GEOSCoordSeq::_point_getter	1	0	0	3	2	2
contrib/gis/geos/coordseq.py::GEOSCoordSeq::_set_point_2d	0	0	0	1	0	4
contrib/gis/geos/coordseq.py::GEOSCoordSeq::_set_point_3d	0	0	0	1	0	5
contrib/gis/geos/coordseq.py::GEOSCoordSeq::_set_x	0	0	0	1	0	2
contrib/gis/geos/coordseq.py::GEOSCoordSeq::_set_y	0	0	0	1	0	2
contrib/gis/geos/coordseq.py::GEOSCoordSeq::_set_z	0	0	0	1	0	2
contrib/gis/geos/coordseq.py::GEOSCoordSeq::clone	0	0	0	1	0	3
contrib/gis/geos/coordseq.py::GEOSCoordSeq::dims	0	0	0	1	0	3
contrib/gis/geos/coordseq.py::GEOSCoordSeq::getOrdinate	0	0	0	1	0	5
contrib/gis/geos/coordseq.py::GEOSCoordSeq::getX	0	0	0	1	0	3
contrib/gis/geos/coordseq.py::GEOSCoordSeq::getY	0	0	0	1	0	3
contrib/gis/geos/coordseq.py::GEOSCoordSeq::getZ	0	0	0	1	0	3
contrib/gis/geos/coordseq.py::GEOSCoordSeq::hasz	0	0	0	1	0	6
contrib/gis/geos/coordseq.py::GEOSCoordSeq::is_counterclockwise	2	0	0	4	4	18
contrib/gis/geos/coordseq.py::GEOSCoordSeq::kml	1	0	0	2	2	10
contrib/gis/geos/coordseq.py::GEOSCoordSeq::setOrdinate	0	0	0	1	0	5
contrib/gis/geos/coordseq.py::GEOSCoordSeq::setX	0	0	0	1	0	3
contrib/gis/geos/coordseq.py::GEOSCoordSeq::setY	0	0	0	1	0	3
contrib/gis/geos/coordseq.py::GEOSCoordSeq::setZ	0	0	0	1	0	3
contrib/gis/geos/coordseq.py::GEOSCoordSeq::size	0	0	0	1	0	3
contrib/gis/geos/coordseq.py::GEOSCoordSeq::tuple	1	0	0	2	1	7
contrib/gis/geos/factory.py::fromfile	2	0	0	6	10	25
contrib/gis/geos/factory.py::fromstr	0	0	0	1	0	3
contrib/gis/geos/geometry.py::GEOSGeometry::__init__	3	0	0	14	21	58
contrib/gis/geos/geometry.py::GEOSGeometryBase::__and__	0	0	0	1	0	3
contrib/gis/geos/geometry.py::GEOSGeometryBase::__copy__	0	0	0	1	0	6
contrib/gis/geos/geometry.py::GEOSGeometryBase::__deepcopy__	0	0	0	1	0	7
contrib/gis/geos/geometry.py::GEOSGeometryBase::__eq__	2	0	0	5	4	11
contrib/gis/geos/geometry.py::GEOSGeometryBase::__getstate__	0	0	0	1	0	4
contrib/gis/geos/geometry.py::GEOSGeometryBase::__hash__	0	0	0	1	0	2
contrib/gis/geos/geometry.py::GEOSGeometryBase::__init__	3	0	0	4	6	28
contrib/gis/geos/geometry.py::GEOSGeometryBase::__or__	0	0	0	1	0	3
contrib/gis/geos/geometry.py::GEOSGeometryBase::__repr__	0	0	0	1	0	3
contrib/gis/geos/geometry.py::GEOSGeometryBase::__setstate__	1	0	0	2	1	9
contrib/gis/geos/geometry.py::GEOSGeometryBase::__str__	0	0	0	1	0	3
contrib/gis/geos/geometry.py::GEOSGeometryBase::__sub__	0	0	0	1	0	3
contrib/gis/geos/geometry.py::GEOSGeometryBase::__xor__	0	0	0	1	0	3
contrib/gis/geos/geometry.py::GEOSGeometryBase::_from_pickle_wkb	0	0	0	1	0	2
contrib/gis/geos/geometry.py::GEOSGeometryBase::_from_wkb	0	0	0	1	0	2
contrib/gis/geos/geometry.py::GEOSGeometryBase::_from_wkt	0	0	0	1	0	2
contrib/gis/geos/geometry.py::GEOSGeometryBase::_ogr_ptr	0	0	0	1	0	2
contrib/gis/geos/geometry.py::GEOSGeometryBase::_post_init	1	0	0	2	1	5
contrib/gis/geos/geometry.py::GEOSGeometryBase::_to_pickle_wkb	0	0	0	1	0	2
contrib/gis/geos/geometry.py::GEOSGeometryBase::_topology	0	0	0	1	0	3
contrib/gis/geos/geometry.py::GEOSGeometryBase::area	0	0	0	1	0	3
contrib/gis/geos/geometry.py::GEOSGeometryBase::boundary	0	0	0	1	0	3
contrib/gis/geos/geometry.py::GEOSGeometryBase::buffer	0	0	0	1	0	9
contrib/gis/geos/geometry.py::GEOSGeometryBase::buffer_with_style	0	0	0	1	0	11
contrib/gis/geos/geometry.py::GEOSGeometryBase::centroid	0	0	0	1	0	7
contrib/gis/geos/geometry.py::GEOSGeometryBase::clone	0	0	0	1	0	3
contrib/gis/geos/geometry.py::GEOSGeometryBase::contains	0	0	0	1	0	3
contrib/gis/geos/geometry.py::GEOSGeometryBase::convex_hull	0	0	0	1	0	6
contrib/gis/geos/geometry.py::GEOSGeometryBase::coord_seq	1	0	0	2	1	4
contrib/gis/geos/geometry.py::GEOSGeometryBase::covers	0	0	0	1	0	7
contrib/gis/geos/geometry.py::GEOSGeometryBase::crosses	0	0	0	1	0	7
contrib/gis/geos/geometry.py::GEOSGeometryBase::crs	0	0	0	1	0	3
contrib/gis/geos/geometry.py::GEOSGeometryBase::difference	0	0	0	1	0	6
contrib/gis/geos/geometry.py::GEOSGeometryBase::dims	0	0	0	1	0	3
contrib/gis/geos/geometry.py::GEOSGeometryBase::disjoint	0	0	0	1	0	6
contrib/gis/geos/geometry.py::GEOSGeometryBase::distance	1	0	0	2	1	9
contrib/gis/geos/geometry.py::GEOSGeometryBase::empty	0	0	0	1	0	6
contrib/gis/geos/geometry.py::GEOSGeometryBase::envelope	0	0	0	1	0	3
contrib/gis/geos/geometry.py::GEOSGeometryBase::equals	0	0	0	1	0	6
contrib/gis/geos/geometry.py::GEOSGeometryBase::equals_exact	0	0	0	1	0	6
contrib/gis/geos/geometry.py::GEOSGeometryBase::ewkb	1	0	0	2	1	7
contrib/gis/geos/geometry.py::GEOSGeometryBase::ewkt	1	0	0	2	1	6
contrib/gis/geos/geometry.py::GEOSGeometryBase::extent	1	0	0	2	2	14
contrib/gis/geos/geometry.py::GEOSGeometryBase::from_ewkt	2	0	0	4	5	15
contrib/gis/geos/geometry.py::GEOSGeometryBase::from_gml	0	0	0	1	0	2
contrib/gis/geos/geometry.py::GEOSGeometryBase::geom_type	0	0	0	1	0	3
contrib/gis/geos/geometry.py::GEOSGeometryBase::geom_typeid	0	0	0	1	0	3
contrib/gis/geos/geometry.py::GEOSGeometryBase::hasz	0	0	0	1	0	3
contrib/gis/geos/geometry.py::GEOSGeometryBase::hex	1	0	0	2	1	9
contrib/gis/geos/geometry.py::GEOSGeometryBase::hexewkb	1	0	0	2	1	7
contrib/gis/geos/geometry.py::GEOSGeometryBase::intersection	0	0	0	1	0	3
contrib/gis/geos/geometry.py::GEOSGeometryBase::intersects	0	0	0	1	0	3
contrib/gis/geos/geometry.py::GEOSGeometryBase::json	0	0	0	1	0	5
contrib/gis/geos/geometry.py::GEOSGeometryBase::kml	0	0	0	1	0	4
contrib/gis/geos/geometry.py::GEOSGeometryBase::length	0	0	0	1	0	6
contrib/gis/geos/geometry.py::GEOSGeometryBase::normalize	0	0	0	1	0	3
contrib/gis/geos/geometry.py::GEOSGeometryBase::num_coords	0	0	0	1	0	3
contrib/gis/geos/geometry.py::GEOSGeometryBase::num_geom	0	0	0	1	0	3
contrib/gis/geos/geometry.py::GEOSGeometryBase::num_points	0	0	0	1	0	3
contrib/gis/geos/geometry.py::GEOSGeometryBase::ogr	0	0	0	1	0	3
contrib/gis/geos/geometry.py::GEOSGeometryBase::overlaps	0	0	0	1	0	6
contrib/gis/geos/geometry.py::GEOSGeometryBase::point_on_surface	0	0	0	1	0	3
contrib/gis/geos/geometry.py::GEOSGeometryBase::prepared	0	0	0	1	0	6
contrib/gis/geos/geometry.py::GEOSGeometryBase::relate	0	0	0	1	0	3
contrib/gis/geos/geometry.py::GEOSGeometryBase::relate_pattern	1	0	0	3	2	8
contrib/gis/geos/geometry.py::GEOSGeometryBase::ring	0	0	0	1	0	3
contrib/gis/geos/geometry.py::GEOSGeometryBase::simple	0	0	0	1	0	3
contrib/gis/geos/geometry.py::GEOSGeometryBase::simplify	1	0	0	2	2	16
contrib/gis/geos/geometry.py::GEOSGeometryBase::srid	1	0	0	2	2	7
contrib/gis/geos/geometry.py::GEOSGeometryBase::srs	2	0	0	3	3	8
contrib/gis/geos/geometry.py::GEOSGeometryBase::sym_difference	0	0	0	1	0	6
contrib/gis/geos/geometry.py::GEOSGeometryBase::touches	0	0	0	1	0	6
contrib/gis/geos/geometry.py::GEOSGeometryBase::transform	2	0	0	7	10	41
contrib/gis/geos/geometry.py::GEOSGeometryBase::unary_union	0	0	0	1	0	3
contrib/gis/geos/geometry.py::GEOSGeometryBase::union	0	0	0	1	0	3
contrib/gis/geos/geometry.py::GEOSGeometryBase::valid	0	0	0	1	0	3
contrib/gis/geos/geometry.py::GEOSGeometryBase::valid_reason	0	0	0	1	0	5
contrib/gis/geos/geometry.py::GEOSGeometryBase::within	0	0	0	1	0	6
contrib/gis/geos/geometry.py::GEOSGeometryBase::wkb	1	0	0	2	1	7
contrib/gis/geos/geometry.py::GEOSGeometryBase::wkt	1	0	0	2	1	3
contrib/gis/geos/geometry.py::LinearGeometryMixin::closed	0	0	0	1	0	5
contrib/gis/geos/geometry.py::LinearGeometryMixin::interpolate	0	0	0	1	0	2
contrib/gis/geos/geometry.py::LinearGeometryMixin::interpolate_normalized	0	0	0	1	0	2
contrib/gis/geos/geometry.py::LinearGeometryMixin::merged	0	0	0	1	0	5
contrib/gis/geos/geometry.py::LinearGeometryMixin::project	1	0	0	2	1	5
contrib/gis/geos/geometry.py::LinearGeometryMixin::project_normalized	1	0	0	2	1	5
contrib/gis/geos/io.py::WKBReader::read	0	0	0	1	0	3
contrib/gis/geos/io.py::WKTReader::read	0	0	0	1	0	3
contrib/gis/geos/libgeos.py::GEOSFuncFactory::__call__	0	0	0	1	0	2
contrib/gis/geos/libgeos.py::GEOSFuncFactory::__init__	1	0	0	4	3	8
contrib/gis/geos/libgeos.py::GEOSFuncFactory::func	1	0	0	3	2	8
contrib/gis/geos/libgeos.py::error_h	1	0	0	2	1	7
contrib/gis/geos/libgeos.py::geos_version	0	0	0	1	0	3
contrib/gis/geos/libgeos.py::geos_version_tuple	0	0	0	1	0	3
contrib/gis/geos/libgeos.py::load_geos	3	0	0	7	12	50
contrib/gis/geos/libgeos.py::notice_h	1	0	0	2	1	7
contrib/gis/geos/linestring.py::LineString::__init__	3	0	0	15	26	77
contrib/gis/geos/linestring.py::LineString::__iter__	1	0	0	2	1	4
contrib/gis/geos/linestring.py::LineString::__len__	0	0	0	1	0	3
contrib/gis/geos/linestring.py::LineString::_checkdim	1	0	0	2	1	3
contrib/gis/geos/linestring.py::LineString::_get_single_external	0	0	0	1	0	2
contrib/gis/geos/linestring.py::LineString::_listarr	1	0	0	2	2	10
contrib/gis/geos/linestring.py::LineString::_set_list	2	0	0	4	5	20
contrib/gis/geos/linestring.py::LineString::_set_single	0	0	0	1	0	2
contrib/gis/geos/linestring.py::LineString::array	0	0	0	1	0	3
contrib/gis/geos/linestring.py::LineString::tuple	0	0	0	1	0	3
contrib/gis/geos/linestring.py::LineString::x	0	0	0	1	0	3
contrib/gis/geos/linestring.py::LineString::y	0	0	0	1	0	3
contrib/gis/geos/linestring.py::LineString::z	1	0	0	2	2	6
contrib/gis/geos/linestring.py::LinearRing::is_counterclockwise	1	0	0	2	1	6
contrib/gis/geos/mutable_list.py::ListMixin::__add__	0	0	0	1	0	3
contrib/gis/geos/mutable_list.py::ListMixin::__delitem__	1	0	0	3	3	19
contrib/gis/geos/mutable_list.py::ListMixin::__eq__	2	0	0	4	5	11
contrib/gis/geos/mutable_list.py::ListMixin::__getitem__	1	0	0	2	2	7
contrib/gis/geos/mutable_list.py::ListMixin::__iadd__	0	0	0	1	0	4
contrib/gis/geos/mutable_list.py::ListMixin::__imul__	2	0	0	3	4	9
contrib/gis/geos/mutable_list.py::ListMixin::__init__	1	0	0	3	2	9
contrib/gis/geos/mutable_list.py::ListMixin::__lt__	2	0	0	4	6	13
contrib/gis/geos/mutable_list.py::ListMixin::__mul__	0	0	0	1	0	3
contrib/gis/geos/mutable_list.py::ListMixin::__radd__	0	0	0	1	0	3
contrib/gis/geos/mutable_list.py::ListMixin::__rmul__	0	0	0	1	0	3
contrib/gis/geos/mutable_list.py::ListMixin::__setitem__	1	0	0	2	2	8
contrib/gis/geos/mutable_list.py::ListMixin::_assign_extended_slice	1	0	0	3	2	11
contrib/gis/geos/mutable_list.py::ListMixin::_assign_extended_slice_rebuild	2	0	0	4	5	21
contrib/gis/geos/mutable_list.py::ListMixin::_assign_simple_slice	3	0	0	6	9	16
contrib/gis/geos/mutable_list.py::ListMixin::_check_allowed	2	0	0	3	3	4
contrib/gis/geos/mutable_list.py::ListMixin::_checkindex	1	0	0	3	2	7
contrib/gis/geos/mutable_list.py::ListMixin::_rebuild	1	0	0	5	4	7
contrib/gis/geos/mutable_list.py::ListMixin::_set_single_rebuild	0	0	0	1	0	2
contrib/gis/geos/mutable_list.py::ListMixin::_set_slice	1	0	0	3	3	18
contrib/gis/geos/mutable_list.py::ListMixin::append	0	0	0	1	0	3
contrib/gis/geos/mutable_list.py::ListMixin::count	2	0	0	3	3	7
contrib/gis/geos/mutable_list.py::ListMixin::extend	0	0	0	1	0	3
contrib/gis/geos/mutable_list.py::ListMixin::index	2	0	0	3	3	6
contrib/gis/geos/mutable_list.py::ListMixin::insert	1	0	0	2	1	5
contrib/gis/geos/mutable_list.py::ListMixin::newItems	2	0	0	3	4	6
contrib/gis/geos/mutable_list.py::ListMixin::pop	0	0	0	1	0	5
contrib/gis/geos/mutable_list.py::ListMixin::remove	0	0	0	1	0	3
contrib/gis/geos/mutable_list.py::ListMixin::reverse	0	0	0	1	0	3
contrib/gis/geos/mutable_list.py::ListMixin::sort	0	0	0	1	0	3
contrib/gis/geos/point.py::Point::__init__	2	0	0	4	8	28
contrib/gis/geos/point.py::Point::__iter__	1	0	0	2	1	4
contrib/gis/geos/point.py::Point::__len__	1	0	0	3	3	8
contrib/gis/geos/point.py::Point::_create_empty	0	0	0	1	0	2
contrib/gis/geos/point.py::Point::_create_point	1	0	0	5	4	18
contrib/gis/geos/point.py::Point::_from_pickle_wkb	1	0	0	2	1	2
contrib/gis/geos/point.py::Point::_get_single_external	1	0	0	2	3	7
contrib/gis/geos/point.py::Point::_ogr_ptr	1	0	0	2	1	2
contrib/gis/geos/point.py::Point::_set_list	2	0	0	3	4	12
contrib/gis/geos/point.py::Point::_set_single	0	0	0	1	0	2
contrib/gis/geos/point.py::Point::_to_pickle_wkb	1	0	0	2	1	2
contrib/gis/geos/point.py::Point::tuple	0	0	0	1	0	3
contrib/gis/geos/point.py::Point::x	0	0	0	1	0	3
contrib/gis/geos/point.py::Point::y	0	0	0	1	0	3
contrib/gis/geos/point.py::Point::z	1	0	0	2	1	3
contrib/gis/geos/polygon.py::Polygon::__init__	2	0	0	5	6	36
contrib/gis/geos/polygon.py::Polygon::__iter__	1	0	0	2	1	4
contrib/gis/geos/polygon.py::Polygon::__len__	0	0	0	1	0	3
contrib/gis/geos/polygon.py::Polygon::_clone	1	0	0	2	2	5
contrib/gis/geos/polygon.py::Polygon::_construct_ring	1	0	0	3	2	10
contrib/gis/geos/polygon.py::Polygon::_create_polygon	2	0	0	5	7	25
contrib/gis/geos/polygon.py::Polygon::_get_ext_ring	0	0	0	1	0	3
contrib/gis/geos/polygon.py::Polygon::_get_single_external	0	0	0	1	0	2
contrib/gis/geos/polygon.py::Polygon::_get_single_internal	1	0	0	2	2	17
contrib/gis/geos/polygon.py::Polygon::_set_ext_ring	0	0	0	1	0	3
contrib/gis/geos/polygon.py::Polygon::_set_list	1	0	0	2	1	9
contrib/gis/geos/polygon.py::Polygon::from_bbox	2	0	0	3	3	8
contrib/gis/geos/polygon.py::Polygon::kml	0	0	0	1	0	7
contrib/gis/geos/polygon.py::Polygon::num_interior_rings	0	0	0	1	0	4
contrib/gis/geos/polygon.py::Polygon::tuple	0	0	0	1	0	3
contrib/gis/geos/prepared.py::PreparedGeometry::__init__	1	0	0	2	1	9
contrib/gis/geos/prepared.py::PreparedGeometry::contains	0	0	0	1	0	2
contrib/gis/geos/prepared.py::PreparedGeometry::contains_properly	0	0	0	1	0	2
contrib/gis/geos/prepared.py::PreparedGeometry::covers	0	0	0	1	0	2
contrib/gis/geos/prepared.py::PreparedGeometry::crosses	0	0	0	1	0	2
contrib/gis/geos/prepared.py::PreparedGeometry::disjoint	0	0	0	1	0	2
contrib/gis/geos/prepared.py::PreparedGeometry::intersects	0	0	0	1	0	2
contrib/gis/geos/prepared.py::PreparedGeometry::overlaps	0	0	0	1	0	2
contrib/gis/geos/prepared.py::PreparedGeometry::touches	0	0	0	1	0	2
contrib/gis/geos/prepared.py::PreparedGeometry::within	0	0	0	1	0	2
contrib/gis/geos/prototypes/coordseq.py::CsOperation::__init__	1	0	0	3	4	16
contrib/gis/geos/prototypes/coordseq.py::CsOutput::errcheck	1	0	0	2	1	7
contrib/gis/geos/prototypes/coordseq.py::check_cs_get	0	0	0	1	0	5
contrib/gis/geos/prototypes/coordseq.py::check_cs_op	1	0	0	2	2	6
contrib/gis/geos/prototypes/errcheck.py::check_dbl	1	0	0	2	1	7
contrib/gis/geos/prototypes/errcheck.py::check_geom	1	0	0	2	1	5
contrib/gis/geos/prototypes/errcheck.py::check_minus_one	1	0	0	2	2	6
contrib/gis/geos/prototypes/errcheck.py::check_predicate	1	0	0	2	3	8
contrib/gis/geos/prototypes/errcheck.py::check_sized_string	1	0	0	2	1	15
contrib/gis/geos/prototypes/errcheck.py::check_string	1	0	0	2	1	13
contrib/gis/geos/prototypes/errcheck.py::last_arg_byref	0	0	0	1	0	3
contrib/gis/geos/prototypes/io.py::IOBase::__init__	0	0	0	1	0	6
contrib/gis/geos/prototypes/io.py::WKBWriter::__init__	0	0	0	1	0	3
contrib/gis/geos/prototypes/io.py::WKBWriter::_get_byteorder	0	0	0	1	0	2
contrib/gis/geos/prototypes/io.py::WKBWriter::_handle_empty_point	2	0	0	4	5	11
contrib/gis/geos/prototypes/io.py::WKBWriter::_set_byteorder	1	0	0	2	1	4
contrib/gis/geos/prototypes/io.py::WKBWriter::outdim	0	0	0	1	0	2
contrib/gis/geos/prototypes/io.py::WKBWriter::srid	0	0	0	1	0	2
contrib/gis/geos/prototypes/io.py::WKBWriter::write	1	0	0	4	2	10
contrib/gis/geos/prototypes/io.py::WKBWriter::write_hex	1	0	0	4	2	8
contrib/gis/geos/prototypes/io.py::WKTWriter::__init__	1	0	0	3	2	7
contrib/gis/geos/prototypes/io.py::WKTWriter::outdim	0	0	0	1	0	2
contrib/gis/geos/prototypes/io.py::WKTWriter::precision	0	0	0	1	0	2
contrib/gis/geos/prototypes/io.py::WKTWriter::trim	0	0	0	1	0	2
contrib/gis/geos/prototypes/io.py::WKTWriter::write	0	0	0	1	0	3
contrib/gis/geos/prototypes/io.py::_WKBReader::read	1	0	0	2	3	9
contrib/gis/geos/prototypes/io.py::_WKTReader::read	1	0	0	2	1	4
contrib/gis/geos/prototypes/io.py::ewkb_w	1	0	0	2	2	7
contrib/gis/geos/prototypes/io.py::wkb_r	0	0	0	2	1	3
contrib/gis/geos/prototypes/io.py::wkb_w	1	0	0	2	2	6
contrib/gis/geos/prototypes/io.py::wkt_r	0	0	0	2	1	3
contrib/gis/geos/prototypes/io.py::wkt_w	1	0	0	2	2	8
contrib/gis/geos/prototypes/threadsafe.py::GEOSContextHandle::__init__	0	0	0	1	0	4
contrib/gis/geos/prototypes/threadsafe.py::GEOSFunc::__call__	0	0	0	2	1	6
contrib/gis/geos/prototypes/threadsafe.py::GEOSFunc::__init__	0	0	0	1	0	7
contrib/gis/geos/prototypes/threadsafe.py::GEOSFunc::__str__	0	0	0	1	0	2
contrib/gis/geos/prototypes/threadsafe.py::GEOSFunc::_get_argtypes	0	0	0	1	0	2
contrib/gis/geos/prototypes/threadsafe.py::GEOSFunc::_get_errcheck	0	0	0	1	0	2
contrib/gis/geos/prototypes/threadsafe.py::GEOSFunc::_get_restype	0	0	0	1	0	2
contrib/gis/geos/prototypes/threadsafe.py::GEOSFunc::_set_argtypes	0	0	0	1	0	2
contrib/gis/geos/prototypes/threadsafe.py::GEOSFunc::_set_errcheck	0	0	0	1	0	2
contrib/gis/geos/prototypes/threadsafe.py::GEOSFunc::_set_restype	0	0	0	1	0	2
contrib/gis/management/commands/inspectdb.py::Command::get_field_type	1	0	0	2	1	8
contrib/gis/management/commands/ogrinspect.py::Command::add_arguments	0	0	0	1	0	55
contrib/gis/management/commands/ogrinspect.py::Command::handle	1	0	0	4	3	37
contrib/gis/management/commands/ogrinspect.py::LayerOptionAction::__call__	1	0	0	2	1	5
contrib/gis/management/commands/ogrinspect.py::ListOptionAction::__call__	1	0	0	2	2	5
contrib/gis/measure.py::Area::__truediv__	1	0	0	2	2	8
contrib/gis/measure.py::Distance::__mul__	1	0	0	2	3	15
contrib/gis/measure.py::MeasureBase::__add__	1	0	0	2	2	8
contrib/gis/measure.py::MeasureBase::__bool__	0	0	0	1	0	2
contrib/gis/measure.py::MeasureBase::__eq__	1	0	0	2	2	5
contrib/gis/measure.py::MeasureBase::__getattr__	1	0	0	2	2	5
contrib/gis/measure.py::MeasureBase::__iadd__	1	0	0	2	2	6
contrib/gis/measure.py::MeasureBase::__imul__	1	0	0	2	2	6
contrib/gis/measure.py::MeasureBase::__init__	1	0	0	3	2	5
contrib/gis/measure.py::MeasureBase::__isub__	1	0	0	2	2	6
contrib/gis/measure.py::MeasureBase::__itruediv__	1	0	0	2	2	6
contrib/gis/measure.py::MeasureBase::__lt__	1	0	0	2	2	5
contrib/gis/measure.py::MeasureBase::__mul__	1	0	0	2	2	8
contrib/gis/measure.py::MeasureBase::__repr__	0	0	0	1	0	2
contrib/gis/measure.py::MeasureBase::__rmul__	0	0	0	1	0	2
contrib/gis/measure.py::MeasureBase::__str__	0	0	0	1	0	2
contrib/gis/measure.py::MeasureBase::__sub__	1	0	0	2	2	8
contrib/gis/measure.py::MeasureBase::__truediv__	1	0	0	3	3	10
contrib/gis/measure.py::MeasureBase::_get_standard	0	0	0	1	0	2
contrib/gis/measure.py::MeasureBase::_set_standard	0	0	0	1	0	2
contrib/gis/measure.py::MeasureBase::default_units	3	0	0	5	12	29
contrib/gis/measure.py::MeasureBase::unit_attname	1	0	0	2	4	15
contrib/gis/measure.py::pretty_name	1	0	0	2	1	2
contrib/gis/ptr.py::CPointerBase::__del__	2	0	0	4	4	9
contrib/gis/ptr.py::CPointerBase::ptr	1	0	0	2	1	6
contrib/gis/serializers/geojson.py::Deserializer::__init__	0	0	0	1	0	2
contrib/gis/serializers/geojson.py::Serializer::_init_options	1	0	0	4	2	7
contrib/gis/serializers/geojson.py::Serializer::end_serialization	0	0	0	1	0	2
contrib/gis/serializers/geojson.py::Serializer::get_dump_object	3	0	0	7	10	19
contrib/gis/serializers/geojson.py::Serializer::handle_field	1	0	0	2	2	5
contrib/gis/serializers/geojson.py::Serializer::start_object	3	0	0	4	6	9
contrib/gis/serializers/geojson.py::Serializer::start_serialization	0	0	0	1	0	6
contrib/gis/shortcuts.py::compress_kml	0	0	0	1	0	7
contrib/gis/shortcuts.py::render_to_kml	0	0	0	1	0	6
contrib/gis/shortcuts.py::render_to_kmz	0	0	0	1	0	9
contrib/gis/sitemaps/kml.py::KMLSitemap::__init__	0	0	0	1	0	4
contrib/gis/sitemaps/kml.py::KMLSitemap::_build_kml_sources	4	1	4	7	16	25
contrib/gis/sitemaps/kml.py::KMLSitemap::get_urls	1	0	0	2	1	9
contrib/gis/sitemaps/kml.py::KMLSitemap::items	0	0	0	1	0	2
contrib/gis/sitemaps/kml.py::KMLSitemap::location	0	0	0	1	0	9
contrib/gis/sitemaps/views.py::kml	2	0	0	9	15	45
contrib/gis/sitemaps/views.py::kmz	0	0	0	1	0	5
contrib/gis/static/gis/js/OLMapWidget.js::GeometryTypeControl	1	0	0	4	3	33
contrib/gis/static/gis/js/OLMapWidget.js::MapWidget	2	0	0	10	12	70
contrib/gis/static/gis/js/OLMapWidget.js::clearFeatures	0	0	0	1	0	6
contrib/gis/static/gis/js/OLMapWidget.js::createInteractions	1	0	0	4	3	29
contrib/gis/static/gis/js/OLMapWidget.js::createMap	0	0	0	1	0	10
contrib/gis/static/gis/js/OLMapWidget.js::defaultCenter	1	0	0	2	1	7
contrib/gis/static/gis/js/OLMapWidget.js::deleteCondition	0	0	0	2	1	4
contrib/gis/static/gis/js/OLMapWidget.js::disableDrawing	3	0	0	4	6	12
contrib/gis/static/gis/js/OLMapWidget.js::enableDrawing	2	0	0	3	3	10
contrib/gis/static/gis/js/OLMapWidget.js::serializeFeatures	4	1	10	6	17	33
contrib/gis/static/gis/js/OLMapWidget.js::switchType	1	0	0	4	3	33
contrib/gis/utils/layermapping.py::LayerMapping::__init__	1	0	0	8	14	70
contrib/gis/utils/layermapping.py::LayerMapping::_save	4	2	8	16	42	75
contrib/gis/utils/layermapping.py::LayerMapping::check_fid_range	2	0	0	3	6	11
contrib/gis/utils/layermapping.py::LayerMapping::check_layer	5	2	8	16	45	96
contrib/gis/utils/layermapping.py::LayerMapping::check_ogr_fld	1	0	0	2	1	6
contrib/gis/utils/layermapping.py::LayerMapping::check_srs	1	0	0	3	6	17
contrib/gis/utils/layermapping.py::LayerMapping::check_unique	3	0	0	5	10	13
contrib/gis/utils/layermapping.py::LayerMapping::coord_transform	1	0	0	2	1	13
contrib/gis/utils/layermapping.py::LayerMapping::feature_kwargs	3	0	0	4	8	32
contrib/gis/utils/layermapping.py::LayerMapping::geometry_field	0	0	0	1	0	6
contrib/gis/utils/layermapping.py::LayerMapping::make_multi	0	0	0	2	1	7
contrib/gis/utils/layermapping.py::LayerMapping::save	4	2	8	27	62	156
contrib/gis/utils/layermapping.py::LayerMapping::unique_kwargs	1	0	0	2	2	10
contrib/gis/utils/layermapping.py::LayerMapping::verify_fk	1	0	0	3	2	22
contrib/gis/utils/layermapping.py::LayerMapping::verify_geom	1	0	0	4	4	26
contrib/gis/utils/layermapping.py::LayerMapping::verify_ogr_field	2	0	0	14	23	56
contrib/gis/utils/ogrinfo.py::ogrinfo	5	1	8	7	20	41
contrib/gis/utils/ogrinspect.py::_ogrinspect	3	0	0	16	39	116
contrib/gis/utils/ogrinspect.py::get_kwargs_str	1	0	0	4	4	10
contrib/gis/utils/ogrinspect.py::mapping	2	0	0	5	7	36
contrib/gis/utils/ogrinspect.py::ogrinspect	0	0	0	1	0	69
contrib/gis/utils/ogrinspect.py::process_kwarg	1	0	0	2	3	7
contrib/gis/utils/srs.py::add_srs_entry	1	0	0	11	10	72
contrib/gis/views.py::feed	1	0	0	6	5	16
contrib/humanize/templatetags/humanize.py::NaturalTimeFormatter::string_for	2	0	0	6	16	37
contrib/humanize/templatetags/humanize.py::apnumber	1	0	0	3	2	13
contrib/humanize/templatetags/humanize.py::intcomma	2	0	0	5	8	19
contrib/humanize/templatetags/humanize.py::intword	2	0	0	5	5	24
contrib/humanize/templatetags/humanize.py::naturalday	1	0	0	3	4	21
contrib/humanize/templatetags/humanize.py::naturaltime	0	0	0	1	0	6
contrib/humanize/templatetags/humanize.py::ordinal	1	0	0	3	3	38
contrib/messages/api.py::add_message	2	0	0	4	6	19
contrib/messages/api.py::debug	0	0	0	1	0	4
contrib/messages/api.py::error	0	0	0	1	0	4
contrib/messages/api.py::get_level	0	0	0	1	0	9
contrib/messages/api.py::get_messages	0	0	0	1	0	6
contrib/messages/api.py::info	0	0	0	1	0	4
contrib/messages/api.py::set_level	1	0	0	2	1	11
contrib/messages/api.py::success	0	0	0	1	0	4
contrib/messages/api.py::warning	0	0	0	1	0	4
contrib/messages/context_processors.py::messages	0	0	0	1	0	9
contrib/messages/middleware.py::MessageMiddleware::process_request	0	0	0	1	0	2
contrib/messages/middleware.py::MessageMiddleware::process_response	2	0	0	4	4	13
contrib/messages/storage/__init__.py::default_storage	0	0	0	1	0	8
contrib/messages/storage/base.py::BaseStorage::__contains__	0	0	0	2	1	2
contrib/messages/storage/base.py::BaseStorage::__init__	0	0	0	1	0	6
contrib/messages/storage/base.py::BaseStorage::__iter__	1	0	0	2	1	6
contrib/messages/storage/base.py::BaseStorage::__len__	0	0	0	1	0	2
contrib/messages/storage/base.py::BaseStorage::_get	0	0	0	1	0	14
contrib/messages/storage/base.py::BaseStorage::_get_level	1	0	0	2	1	10
contrib/messages/storage/base.py::BaseStorage::_loaded_messages	1	0	0	3	2	9
contrib/messages/storage/base.py::BaseStorage::_prepare_messages	1	0	0	2	1	6
contrib/messages/storage/base.py::BaseStorage::_set_level	1	0	0	3	3	11
contrib/messages/storage/base.py::BaseStorage::_store	0	0	0	1	0	10
contrib/messages/storage/base.py::BaseStorage::add	1	0	0	3	2	17
contrib/messages/storage/base.py::BaseStorage::update	1	0	0	2	2	13
contrib/messages/storage/base.py::Message::__eq__	1	0	0	3	2	4
contrib/messages/storage/base.py::Message::__init__	0	0	0	1	0	4
contrib/messages/storage/base.py::Message::__str__	0	0	0	1	0	2
contrib/messages/storage/base.py::Message::_prepare	1	0	0	2	1	7
contrib/messages/storage/base.py::Message::level_tag	0	0	0	1	0	2
contrib/messages/storage/base.py::Message::tags	0	0	0	1	0	2
contrib/messages/storage/cookie.py::CookieStorage::__init__	0	0	0	1	0	3
contrib/messages/storage/cookie.py::CookieStorage::_decode	2	0	0	6	6	33
contrib/messages/storage/cookie.py::CookieStorage::_encode	1	0	0	3	2	10
contrib/messages/storage/cookie.py::CookieStorage::_get	1	0	0	4	3	14
contrib/messages/storage/cookie.py::CookieStorage::_legacy_decode	2	0	0	3	3	8
contrib/messages/storage/cookie.py::CookieStorage::_legacy_hash	0	0	0	1	0	11
contrib/messages/storage/cookie.py::CookieStorage::_store	3	0	0	5	8	28
contrib/messages/storage/cookie.py::CookieStorage::_update_cookie	1	0	0	4	4	19
contrib/messages/storage/cookie.py::CookieStorage::stored_length	0	0	0	1	0	2
contrib/messages/storage/cookie.py::MessageDecoder::decode	0	0	0	1	0	3
contrib/messages/storage/cookie.py::MessageDecoder::process_messages	3	0	0	6	8	11
contrib/messages/storage/cookie.py::MessageEncoder::default	2	0	0	4	5	9
contrib/messages/storage/cookie.py::MessageSerializer::dumps	0	0	0	1	0	6
contrib/messages/storage/cookie.py::MessageSerializer::loads	0	0	0	1	0	2
contrib/messages/storage/fallback.py::FallbackStorage::__init__	0	0	0	1	0	5
contrib/messages/storage/fallback.py::FallbackStorage::_get	2	0	0	5	7	18
contrib/messages/storage/fallback.py::FallbackStorage::_store	2	0	0	3	4	17
contrib/messages/storage/session.py::SessionStorage::__init__	0	0	0	1	0	6
contrib/messages/storage/session.py::SessionStorage::_get	0	0	0	1	0	7
contrib/messages/storage/session.py::SessionStorage::_store	1	0	0	2	2	9
contrib/messages/storage/session.py::SessionStorage::deserialize_messages	1	0	0	3	2	4
contrib/messages/storage/session.py::SessionStorage::serialize_messages	0	0	0	1	0	3
contrib/messages/utils.py::get_level_tags	0	0	0	1	0	8
contrib/messages/views.py::SuccessMessageMixin::form_valid	1	0	0	2	1	6
contrib/messages/views.py::SuccessMessageMixin::get_success_message	0	0	0	1	0	2
contrib/postgres/aggregates/general.py::ArrayAgg::convert_value	1	0	0	2	1	4
contrib/postgres/aggregates/general.py::ArrayAgg::output_field	0	0	0	1	0	2
contrib/postgres/aggregates/general.py::JSONBAgg::convert_value	1	0	0	2	1	4
contrib/postgres/aggregates/general.py::StringAgg::__init__	0	0	0	1	0	3
contrib/postgres/aggregates/general.py::StringAgg::convert_value	1	0	0	2	1	4
contrib/postgres/aggregates/mixins.py::OrderableAggMixin::__init__	1	0	0	5	4	11
contrib/postgres/aggregates/mixins.py::OrderableAggMixin::_get_ordering_expressions_index	0	0	0	1	0	4
contrib/postgres/aggregates/mixins.py::OrderableAggMixin::as_sql	2	0	0	3	3	13
contrib/postgres/aggregates/mixins.py::OrderableAggMixin::get_source_expressions	0	0	0	1	0	2
contrib/postgres/aggregates/mixins.py::OrderableAggMixin::resolve_expression	0	0	0	1	0	3
contrib/postgres/aggregates/mixins.py::OrderableAggMixin::set_source_expressions	0	0	0	1	0	5
contrib/postgres/aggregates/statistics.py::CovarPop::__init__	1	0	0	2	1	3
contrib/postgres/aggregates/statistics.py::RegrCount::convert_value	1	0	0	2	1	2
contrib/postgres/aggregates/statistics.py::StatAggregate::__init__	1	0	0	3	2	4
contrib/postgres/apps.py::PostgresConfig::ready	3	0	0	4	6	22
contrib/postgres/apps.py::uninstall_if_needed	1	0	0	4	2	18
contrib/postgres/constraints.py::ExclusionConstraint::__eq__	1	0	0	8	2	12
contrib/postgres/constraints.py::ExclusionConstraint::__init__	1	0	0	19	17	55
contrib/postgres/constraints.py::ExclusionConstraint::__repr__	1	0	0	5	4	10
contrib/postgres/constraints.py::ExclusionConstraint::_get_condition_sql	1	0	0	2	1	6
contrib/postgres/constraints.py::ExclusionConstraint::_get_expression_sql	2	0	0	5	7	16
contrib/postgres/constraints.py::ExclusionConstraint::check_supported	1	0	0	3	2	5
contrib/postgres/constraints.py::ExclusionConstraint::constraint_sql	1	0	0	2	1	14
contrib/postgres/constraints.py::ExclusionConstraint::create_sql	0	0	0	1	0	7
contrib/postgres/constraints.py::ExclusionConstraint::deconstruct	1	0	0	6	5	14
contrib/postgres/constraints.py::ExclusionConstraint::remove_sql	0	0	0	1	0	6
contrib/postgres/fields/array.py::ArrayField::__init__	1	0	0	3	2	10
contrib/postgres/fields/array.py::ArrayField::_choices_is_value	0	0	0	2	1	2
contrib/postgres/fields/array.py::ArrayField::_from_db_value	1	0	0	2	1	7
contrib/postgres/fields/array.py::ArrayField::cast_db_type	0	0	0	2	1	3
contrib/postgres/fields/array.py::ArrayField::check	2	0	0	3	4	23
contrib/postgres/fields/array.py::ArrayField::db_type	0	0	0	2	1	3
contrib/postgres/fields/array.py::ArrayField::deconstruct	1	0	0	2	1	9
contrib/postgres/fields/array.py::ArrayField::description	0	0	0	1	0	2
contrib/postgres/fields/array.py::ArrayField::formfield	0	0	0	1	0	7
contrib/postgres/fields/array.py::ArrayField::get_db_prep_value	1	0	0	2	1	4
contrib/postgres/fields/array.py::ArrayField::get_placeholder	0	0	0	1	0	2
contrib/postgres/fields/array.py::ArrayField::get_transform	2	0	0	5	7	20
contrib/postgres/fields/array.py::ArrayField::model	1	0	0	2	1	5
contrib/postgres/fields/array.py::ArrayField::run_validators	2	0	0	3	3	12
contrib/postgres/fields/array.py::ArrayField::set_attributes_from_name	0	0	0	1	0	3
contrib/postgres/fields/array.py::ArrayField::to_python	1	0	0	2	1	6
contrib/postgres/fields/array.py::ArrayField::validate	2	0	0	5	6	18
contrib/postgres/fields/array.py::ArrayField::value_to_string	2	0	0	3	4	12
contrib/postgres/fields/array.py::ArrayInLookup::get_prep_lookup	2	0	0	4	5	13
contrib/postgres/fields/array.py::ArrayLenTransform::as_sql	0	0	0	1	0	7
contrib/postgres/fields/array.py::ArrayRHSMixin::__init__	3	0	0	4	6	14
contrib/postgres/fields/array.py::ArrayRHSMixin::process_rhs	0	0	0	1	0	4
contrib/postgres/fields/array.py::IndexTransform::__init__	0	0	0	1	0	4
contrib/postgres/fields/array.py::IndexTransform::as_sql	0	0	0	1	0	3
contrib/postgres/fields/array.py::IndexTransform::output_field	0	0	0	1	0	2
contrib/postgres/fields/array.py::IndexTransformFactory::__call__	0	0	0	1	0	2
contrib/postgres/fields/array.py::IndexTransformFactory::__init__	0	0	0	1	0	3
contrib/postgres/fields/array.py::SliceTransform::__init__	0	0	0	1	0	4
contrib/postgres/fields/array.py::SliceTransform::as_sql	0	0	0	1	0	3
contrib/postgres/fields/array.py::SliceTransformFactory::__call__	0	0	0	1	0	2
contrib/postgres/fields/array.py::SliceTransformFactory::__init__	0	0	0	1	0	3
contrib/postgres/fields/citext.py::CIText::db_type	0	0	0	1	0	2
contrib/postgres/fields/citext.py::CIText::get_internal_type	0	0	0	1	0	2
contrib/postgres/fields/hstore.py::HStoreField::db_type	0	0	0	1	0	2
contrib/postgres/fields/hstore.py::HStoreField::formfield	0	0	0	1	0	5
contrib/postgres/fields/hstore.py::HStoreField::get_prep_value	3	0	0	5	7	16
contrib/postgres/fields/hstore.py::HStoreField::get_transform	1	0	0	2	1	5
contrib/postgres/fields/hstore.py::HStoreField::to_python	1	0	0	2	1	4
contrib/postgres/fields/hstore.py::HStoreField::validate	2	0	0	4	4	9
contrib/postgres/fields/hstore.py::HStoreField::value_to_string	0	0	0	1	0	2
contrib/postgres/fields/hstore.py::KeyTransform::__init__	0	0	0	1	0	3
contrib/postgres/fields/hstore.py::KeyTransform::as_sql	0	0	0	1	0	3
contrib/postgres/fields/hstore.py::KeyTransformFactory::__call__	0	0	0	1	0	2
contrib/postgres/fields/hstore.py::KeyTransformFactory::__init__	0	0	0	1	0	2
contrib/postgres/fields/jsonb.py::KeyTextTransform::__init__	0	0	0	1	0	8
contrib/postgres/fields/jsonb.py::KeyTransform::__init__	0	0	0	1	0	7
contrib/postgres/fields/ranges.py::BigIntegerRangeField::db_type	0	0	0	1	0	2
contrib/postgres/fields/ranges.py::DateRangeField::db_type	0	0	0	1	0	2
contrib/postgres/fields/ranges.py::DateTimeRangeContains::as_postgresql	1	0	0	4	2	13
contrib/postgres/fields/ranges.py::DateTimeRangeContains::process_rhs	1	0	0	2	1	6
contrib/postgres/fields/ranges.py::DateTimeRangeField::db_type	0	0	0	1	0	2
contrib/postgres/fields/ranges.py::DecimalRangeField::db_type	0	0	0	1	0	2
contrib/postgres/fields/ranges.py::IntegerRangeField::db_type	0	0	0	1	0	2
contrib/postgres/fields/ranges.py::RangeBoundary::__init__	1	0	0	3	2	3
contrib/postgres/fields/ranges.py::RangeBoundary::as_sql	0	0	0	1	0	2
contrib/postgres/fields/ranges.py::RangeContainedBy::get_prep_lookup	0	0	0	1	0	2
contrib/postgres/fields/ranges.py::RangeContainedBy::process_lhs	1	0	0	2	2	7
contrib/postgres/fields/ranges.py::RangeContainedBy::process_rhs	0	0	0	1	0	6
contrib/postgres/fields/ranges.py::RangeEndsWith::output_field	0	0	0	1	0	2
contrib/postgres/fields/ranges.py::RangeField::__init__	1	0	0	2	1	5
contrib/postgres/fields/ranges.py::RangeField::_choices_is_value	0	0	0	2	1	2
contrib/postgres/fields/ranges.py::RangeField::formfield	0	0	0	1	0	3
contrib/postgres/fields/ranges.py::RangeField::get_prep_value	1	0	0	2	3	8
contrib/postgres/fields/ranges.py::RangeField::model	1	0	0	2	1	5
contrib/postgres/fields/ranges.py::RangeField::set_attributes_from_name	0	0	0	1	0	3
contrib/postgres/fields/ranges.py::RangeField::to_python	3	0	0	4	7	11
contrib/postgres/fields/ranges.py::RangeField::value_to_string	2	0	0	5	6	16
contrib/postgres/fields/ranges.py::RangeStartsWith::output_field	0	0	0	1	0	2
contrib/postgres/fields/utils.py::AttributeSetter::__init__	0	0	0	1	0	2
contrib/postgres/forms/array.py::SimpleArrayField::__init__	1	0	0	3	2	10
contrib/postgres/forms/array.py::SimpleArrayField::clean	0	0	0	1	0	3
contrib/postgres/forms/array.py::SimpleArrayField::has_changed	1	0	0	4	4	9
contrib/postgres/forms/array.py::SimpleArrayField::prepare_value	1	0	0	2	1	4
contrib/postgres/forms/array.py::SimpleArrayField::run_validators	2	0	0	4	4	15
contrib/postgres/forms/array.py::SimpleArrayField::to_python	2	0	0	5	7	22
contrib/postgres/forms/array.py::SimpleArrayField::validate	2	0	0	4	4	15
contrib/postgres/forms/array.py::SplitArrayField::__init__	0	0	0	1	0	7
contrib/postgres/forms/array.py::SplitArrayField::_remove_trailing_nulls	3	0	0	5	9	11
contrib/postgres/forms/array.py::SplitArrayField::clean	2	0	0	7	8	27
contrib/postgres/forms/array.py::SplitArrayField::has_changed	1	0	0	4	4	10
contrib/postgres/forms/array.py::SplitArrayField::to_python	0	0	0	1	0	3
contrib/postgres/forms/array.py::SplitArrayWidget::__deepcopy__	0	0	0	1	0	4
contrib/postgres/forms/array.py::SplitArrayWidget::__init__	1	0	0	2	1	4
contrib/postgres/forms/array.py::SplitArrayWidget::get_context	2	0	0	7	8	20
contrib/postgres/forms/array.py::SplitArrayWidget::id_for_label	1	0	0	2	1	5
contrib/postgres/forms/array.py::SplitArrayWidget::is_hidden	0	0	0	1	0	2
contrib/postgres/forms/array.py::SplitArrayWidget::media	0	0	0	1	0	2
contrib/postgres/forms/array.py::SplitArrayWidget::needs_multipart_form	0	0	0	1	0	2
contrib/postgres/forms/array.py::SplitArrayWidget::value_from_datadict	0	0	0	1	0	3
contrib/postgres/forms/array.py::SplitArrayWidget::value_omitted_from_data	0	0	0	1	0	5
contrib/postgres/forms/hstore.py::HStoreField::has_changed	0	0	0	1	0	9
contrib/postgres/forms/hstore.py::HStoreField::prepare_value	1	0	0	2	1	4
contrib/postgres/forms/hstore.py::HStoreField::to_python	2	0	0	7	8	24
contrib/postgres/forms/jsonb.py::JSONField::__init__	0	0	0	1	0	7
contrib/postgres/forms/ranges.py::BaseRangeField::__init__	1	0	0	3	2	8
contrib/postgres/forms/ranges.py::BaseRangeField::compress	1	0	0	6	5	18
contrib/postgres/forms/ranges.py::BaseRangeField::prepare_value	1	0	0	3	2	13
contrib/postgres/forms/ranges.py::HiddenRangeWidget::__init__	0	0	0	1	0	2
contrib/postgres/forms/ranges.py::RangeWidget::__init__	0	0	0	1	0	3
contrib/postgres/forms/ranges.py::RangeWidget::decompress	1	0	0	2	1	4
contrib/postgres/indexes.py::BTreeIndex::__init__	0	0	0	1	0	3
contrib/postgres/indexes.py::BTreeIndex::deconstruct	1	0	0	2	1	5
contrib/postgres/indexes.py::BTreeIndex::get_with_params	1	0	0	2	1	5
contrib/postgres/indexes.py::BloomIndex::__init__	1	0	0	7	6	20
contrib/postgres/indexes.py::BloomIndex::deconstruct	1	0	0	3	2	7
contrib/postgres/indexes.py::BloomIndex::get_with_params	1	0	0	3	2	10
contrib/postgres/indexes.py::BrinIndex::__init__	1	0	0	3	2	6
contrib/postgres/indexes.py::BrinIndex::check_supported	1	0	0	3	2	3
contrib/postgres/indexes.py::BrinIndex::deconstruct	1	0	0	3	2	7
contrib/postgres/indexes.py::BrinIndex::get_with_params	2	0	0	4	4	7
contrib/postgres/indexes.py::GinIndex::__init__	0	0	0	1	0	4
contrib/postgres/indexes.py::GinIndex::deconstruct	1	0	0	3	2	7
contrib/postgres/indexes.py::GinIndex::get_with_params	2	0	0	4	4	7
contrib/postgres/indexes.py::GistIndex::__init__	0	0	0	1	0	4
contrib/postgres/indexes.py::GistIndex::check_supported	1	0	0	3	2	3
contrib/postgres/indexes.py::GistIndex::deconstruct	1	0	0	3	2	7
contrib/postgres/indexes.py::GistIndex::get_with_params	2	0	0	4	4	7
contrib/postgres/indexes.py::HashIndex::__init__	0	0	0	1	0	3
contrib/postgres/indexes.py::HashIndex::deconstruct	1	0	0	2	1	5
contrib/postgres/indexes.py::HashIndex::get_with_params	1	0	0	2	1	5
contrib/postgres/indexes.py::PostgresIndex::check_supported	0	0	0	1	0	2
contrib/postgres/indexes.py::PostgresIndex::create_sql	1	0	0	2	1	10
contrib/postgres/indexes.py::PostgresIndex::get_with_params	0	0	0	1	0	2
contrib/postgres/indexes.py::PostgresIndex::max_name_length	0	0	0	1	0	6
contrib/postgres/indexes.py::SpGistIndex::__init__	0	0	0	1	0	3
contrib/postgres/indexes.py::SpGistIndex::deconstruct	1	0	0	2	1	5
contrib/postgres/indexes.py::SpGistIndex::get_with_params	1	0	0	2	1	5
contrib/postgres/lookups.py::HasKeys::get_prep_lookup	0	0	0	1	0	2
contrib/postgres/lookups.py::SearchLookup::process_lhs	1	0	0	2	1	6
contrib/postgres/operations.py::AddIndexConcurrently::database_backwards	1	0	0	2	1	5
contrib/postgres/operations.py::AddIndexConcurrently::database_forwards	1	0	0	2	1	5
contrib/postgres/operations.py::AddIndexConcurrently::describe	0	0	0	1	0	6
contrib/postgres/operations.py::BloomExtension::__init__	0	0	0	1	0	2
contrib/postgres/operations.py::BtreeGinExtension::__init__	0	0	0	1	0	2
contrib/postgres/operations.py::BtreeGistExtension::__init__	0	0	0	1	0	2
contrib/postgres/operations.py::CITextExtension::__init__	0	0	0	1	0	2
contrib/postgres/operations.py::CollationOperation::__init__	0	0	0	1	0	5
contrib/postgres/operations.py::CollationOperation::create_collation	1	0	0	7	6	22
contrib/postgres/operations.py::CollationOperation::deconstruct	1	0	0	4	3	11
contrib/postgres/operations.py::CollationOperation::remove_collation	0	0	0	1	0	4
contrib/postgres/operations.py::CollationOperation::state_forwards	0	0	0	1	0	2
contrib/postgres/operations.py::CreateCollation::database_backwards	1	0	0	2	1	4
contrib/postgres/operations.py::CreateCollation::database_forwards	1	0	0	3	2	7
contrib/postgres/operations.py::CreateCollation::describe	0	0	0	1	0	2
contrib/postgres/operations.py::CreateCollation::migration_name_fragment	0	0	0	1	0	2
contrib/postgres/operations.py::CreateExtension::__init__	0	0	0	1	0	2
contrib/postgres/operations.py::CreateExtension::database_backwards	1	0	0	3	2	10
contrib/postgres/operations.py::CreateExtension::database_forwards	1	0	0	4	3	17
contrib/postgres/operations.py::CreateExtension::describe	0	0	0	1	0	2
contrib/postgres/operations.py::CreateExtension::extension_exists	0	0	0	1	0	7
contrib/postgres/operations.py::CreateExtension::migration_name_fragment	0	0	0	1	0	2
contrib/postgres/operations.py::CreateExtension::state_forwards	0	0	0	1	0	2
contrib/postgres/operations.py::CryptoExtension::__init__	0	0	0	1	0	2
contrib/postgres/operations.py::HStoreExtension::__init__	0	0	0	1	0	2
contrib/postgres/operations.py::NotInTransactionMixin::_ensure_not_in_transaction	1	0	0	2	1	7
contrib/postgres/operations.py::RemoveCollation::database_backwards	1	0	0	2	1	4
contrib/postgres/operations.py::RemoveCollation::database_forwards	1	0	0	3	2	7
contrib/postgres/operations.py::RemoveCollation::describe	0	0	0	1	0	2
contrib/postgres/operations.py::RemoveCollation::migration_name_fragment	0	0	0	1	0	2
contrib/postgres/operations.py::RemoveIndexConcurrently::database_backwards	1	0	0	2	1	7
contrib/postgres/operations.py::RemoveIndexConcurrently::database_forwards	1	0	0	2	1	7
contrib/postgres/operations.py::RemoveIndexConcurrently::describe	0	0	0	1	0	2
contrib/postgres/operations.py::TrigramExtension::__init__	0	0	0	1	0	2
contrib/postgres/operations.py::UnaccentExtension::__init__	0	0	0	1	0	2
contrib/postgres/search.py::CombinedSearchQuery::__init__	0	0	0	1	0	3
contrib/postgres/search.py::CombinedSearchQuery::__str__	0	0	0	1	0	2
contrib/postgres/search.py::CombinedSearchVector::__init__	0	0	0	1	0	3
contrib/postgres/search.py::SearchConfig::__init__	1	0	0	2	1	5
contrib/postgres/search.py::SearchConfig::as_sql	0	0	0	1	0	3
contrib/postgres/search.py::SearchConfig::from_parameter	1	0	0	3	2	4
contrib/postgres/search.py::SearchConfig::get_source_expressions	0	0	0	1	0	2
contrib/postgres/search.py::SearchConfig::set_source_expressions	0	0	0	1	0	2
contrib/postgres/search.py::SearchHeadline::__init__	1	0	0	3	2	26
contrib/postgres/search.py::SearchHeadline::as_sql	1	0	0	2	1	17
contrib/postgres/search.py::SearchQuery::__init__	1	0	0	4	3	12
contrib/postgres/search.py::SearchQuery::__invert__	0	0	0	1	0	4
contrib/postgres/search.py::SearchQuery::__str__	1	0	0	2	1	3
contrib/postgres/search.py::SearchQuery::as_sql	1	0	0	2	1	5
contrib/postgres/search.py::SearchQueryCombinable::__and__	0	0	0	1	0	2
contrib/postgres/search.py::SearchQueryCombinable::__or__	0	0	0	1	0	2
contrib/postgres/search.py::SearchQueryCombinable::__rand__	0	0	0	1	0	2
contrib/postgres/search.py::SearchQueryCombinable::__ror__	0	0	0	1	0	2
contrib/postgres/search.py::SearchQueryCombinable::_combine	1	0	0	3	2	9
contrib/postgres/search.py::SearchQueryField::db_type	0	0	0	1	0	2
contrib/postgres/search.py::SearchRank::__init__	2	0	0	8	9	20
contrib/postgres/search.py::SearchVector::__init__	1	0	0	3	2	6
contrib/postgres/search.py::SearchVector::as_sql	2	0	0	5	6	27
contrib/postgres/search.py::SearchVector::resolve_expression	1	0	0	2	1	5
contrib/postgres/search.py::SearchVectorCombinable::_combine	1	0	0	3	2	9
contrib/postgres/search.py::SearchVectorExact::as_sql	0	0	0	1	0	5
contrib/postgres/search.py::SearchVectorExact::process_rhs	1	0	0	2	1	6
contrib/postgres/search.py::SearchVectorField::db_type	0	0	0	1	0	2
contrib/postgres/search.py::TrigramBase::__init__	1	0	0	2	1	4
contrib/postgres/serializers.py::RangeSerializer::serialize	1	0	0	2	1	6
contrib/postgres/signals.py::get_citext_oids	0	0	0	1	0	5
contrib/postgres/signals.py::get_hstore_oids	1	0	0	2	1	15
contrib/postgres/signals.py::register_type_handlers	1	0	0	5	4	28
contrib/postgres/utils.py::prefix_validation_error	3	0	0	3	2	24
contrib/postgres/validators.py::KeysValidator::__call__	2	0	0	4	4	17
contrib/postgres/validators.py::KeysValidator::__eq__	0	0	0	4	1	7
contrib/postgres/validators.py::KeysValidator::__init__	1	0	0	2	1	5
contrib/postgres/validators.py::RangeMaxValueValidator::compare	0	0	0	2	1	2
contrib/postgres/validators.py::RangeMinValueValidator::compare	0	0	0	2	1	2
contrib/redirects/middleware.py::RedirectFallbackMiddleware::__init__	1	0	0	2	1	7
contrib/redirects/middleware.py::RedirectFallbackMiddleware::process_response	2	0	0	9	9	28
contrib/redirects/models.py::Redirect::__str__	0	0	0	1	0	2
contrib/sessions/backends/base.py::SessionBase::__contains__	0	0	0	1	0	2
contrib/sessions/backends/base.py::SessionBase::__delitem__	0	0	0	1	0	3
contrib/sessions/backends/base.py::SessionBase::__getitem__	1	0	0	2	1	9
contrib/sessions/backends/base.py::SessionBase::__init__	0	0	0	1	0	5
contrib/sessions/backends/base.py::SessionBase::__setitem__	0	0	0	1	0	3
contrib/sessions/backends/base.py::SessionBase::_get_new_session_key	2	0	0	3	3	6
contrib/sessions/backends/base.py::SessionBase::_get_or_create_session_key	1	0	0	2	1	4
contrib/sessions/backends/base.py::SessionBase::_get_session	2	0	0	4	5	14
contrib/sessions/backends/base.py::SessionBase::_get_session_key	0	0	0	1	0	2
contrib/sessions/backends/base.py::SessionBase::_hash	0	0	0	1	0	4
contrib/sessions/backends/base.py::SessionBase::_legacy_decode	2	0	0	4	5	18
contrib/sessions/backends/base.py::SessionBase::_legacy_encode	0	0	0	1	0	5
contrib/sessions/backends/base.py::SessionBase::_set_session_key	1	0	0	2	2	8
contrib/sessions/backends/base.py::SessionBase::_validate_session_key	0	0	0	2	1	6
contrib/sessions/backends/base.py::SessionBase::clear	0	0	0	1	0	7
contrib/sessions/backends/base.py::SessionBase::clear_expired	0	0	0	1	0	9
contrib/sessions/backends/base.py::SessionBase::create	0	0	0	1	0	7
contrib/sessions/backends/base.py::SessionBase::cycle_key	1	0	0	2	1	10
contrib/sessions/backends/base.py::SessionBase::decode	2	0	0	4	4	16
contrib/sessions/backends/base.py::SessionBase::delete	0	0	0	1	0	6
contrib/sessions/backends/base.py::SessionBase::delete_test_cookie	0	0	0	1	0	2
contrib/sessions/backends/base.py::SessionBase::encode	1	0	0	2	1	9
contrib/sessions/backends/base.py::SessionBase::exists	0	0	0	1	0	5
contrib/sessions/backends/base.py::SessionBase::flush	0	0	0	1	0	8
contrib/sessions/backends/base.py::SessionBase::get	0	0	0	1	0	2
contrib/sessions/backends/base.py::SessionBase::get_expire_at_browser_close	1	0	0	2	1	10
contrib/sessions/backends/base.py::SessionBase::get_expiry_age	1	0	0	5	4	24
contrib/sessions/backends/base.py::SessionBase::get_expiry_date	1	0	0	5	4	20
contrib/sessions/backends/base.py::SessionBase::get_session_cookie_age	0	0	0	1	0	2
contrib/sessions/backends/base.py::SessionBase::has_key	0	0	0	1	0	2
contrib/sessions/backends/base.py::SessionBase::is_empty	1	0	0	3	2	6
contrib/sessions/backends/base.py::SessionBase::items	0	0	0	1	0	2
contrib/sessions/backends/base.py::SessionBase::key_salt	0	0	0	1	0	2
contrib/sessions/backends/base.py::SessionBase::keys	0	0	0	1	0	2
contrib/sessions/backends/base.py::SessionBase::load	0	0	0	1	0	5
contrib/sessions/backends/base.py::SessionBase::pop	1	0	0	3	2	4
contrib/sessions/backends/base.py::SessionBase::save	0	0	0	1	0	7
contrib/sessions/backends/base.py::SessionBase::set_expiry	2	0	0	4	4	25
contrib/sessions/backends/base.py::SessionBase::set_test_cookie	0	0	0	1	0	2
contrib/sessions/backends/base.py::SessionBase::setdefault	1	0	0	2	2	7
contrib/sessions/backends/base.py::SessionBase::test_cookie_worked	0	0	0	1	0	2
contrib/sessions/backends/base.py::SessionBase::update	0	0	0	1	0	3
contrib/sessions/backends/base.py::SessionBase::values	0	0	0	1	0	2
contrib/sessions/backends/cache.py::SessionStore::__init__	0	0	0	1	0	3
contrib/sessions/backends/cache.py::SessionStore::cache_key	0	0	0	1	0	2
contrib/sessions/backends/cache.py::SessionStore::clear_expired	0	0	0	1	0	2
contrib/sessions/backends/cache.py::SessionStore::create	2	0	0	3	3	17
contrib/sessions/backends/cache.py::SessionStore::delete	2	0	0	3	3	6
contrib/sessions/backends/cache.py::SessionStore::exists	0	0	0	2	1	2
contrib/sessions/backends/cache.py::SessionStore::load	1	0	0	3	2	11
contrib/sessions/backends/cache.py::SessionStore::save	1	0	0	5	6	14
contrib/sessions/backends/cached_db.py::SessionStore::__init__	0	0	0	1	0	3
contrib/sessions/backends/cached_db.py::SessionStore::cache_key	0	0	0	1	0	2
contrib/sessions/backends/cached_db.py::SessionStore::delete	2	0	0	3	3	7
contrib/sessions/backends/cached_db.py::SessionStore::exists	0	0	0	3	2	2
contrib/sessions/backends/cached_db.py::SessionStore::flush	0	0	0	1	0	8
contrib/sessions/backends/cached_db.py::SessionStore::load	2	0	0	4	5	16
contrib/sessions/backends/cached_db.py::SessionStore::save	0	0	0	1	0	3
contrib/sessions/backends/db.py::SessionStore::__init__	0	0	0	1	0	2
contrib/sessions/backends/db.py::SessionStore::_get_session_from_db	2	0	0	3	3	11
contrib/sessions/backends/db.py::SessionStore::clear_expired	0	0	0	1	0	2
contrib/sessions/backends/db.py::SessionStore::create	2	0	0	3	3	12
contrib/sessions/backends/db.py::SessionStore::create_model_instance	0	0	0	1	0	11
contrib/sessions/backends/db.py::SessionStore::delete	2	0	0	4	4	9
contrib/sessions/backends/db.py::SessionStore::exists	0	0	0	1	0	2
contrib/sessions/backends/db.py::SessionStore::get_model_class	0	0	0	1	0	5
contrib/sessions/backends/db.py::SessionStore::load	1	0	0	2	1	3
contrib/sessions/backends/db.py::SessionStore::model	0	0	0	1	0	2
contrib/sessions/backends/db.py::SessionStore::save	2	0	0	6	7	22
contrib/sessions/backends/file.py::SessionStore::__init__	0	0	0	1	0	4
contrib/sessions/backends/file.py::SessionStore::_expiry_date	0	0	0	2	1	7
contrib/sessions/backends/file.py::SessionStore::_get_storage_path	2	0	0	4	4	14
contrib/sessions/backends/file.py::SessionStore::_key_to_file	1	0	0	3	2	15
contrib/sessions/backends/file.py::SessionStore::_last_modification	1	0	0	2	1	9
contrib/sessions/backends/file.py::SessionStore::clean	0	0	0	1	0	2
contrib/sessions/backends/file.py::SessionStore::clear_expired	3	0	0	3	3	14
contrib/sessions/backends/file.py::SessionStore::create	2	0	0	3	3	9
contrib/sessions/backends/file.py::SessionStore::delete	2	0	0	4	4	9
contrib/sessions/backends/file.py::SessionStore::exists	0	0	0	1	0	2
contrib/sessions/backends/file.py::SessionStore::load	3	0	0	6	9	25
contrib/sessions/backends/file.py::SessionStore::save	2	0	0	9	10	60
contrib/sessions/backends/signed_cookies.py::SessionStore::_get_session_key	0	0	0	1	0	10
contrib/sessions/backends/signed_cookies.py::SessionStore::clear_expired	0	0	0	1	0	2
contrib/sessions/backends/signed_cookies.py::SessionStore::create	0	0	0	1	0	6
contrib/sessions/backends/signed_cookies.py::SessionStore::cycle_key	0	0	0	1	0	6
contrib/sessions/backends/signed_cookies.py::SessionStore::delete	0	0	0	1	0	9
contrib/sessions/backends/signed_cookies.py::SessionStore::exists	0	0	0	1	0	7
contrib/sessions/backends/signed_cookies.py::SessionStore::load	1	0	0	2	1	19
contrib/sessions/backends/signed_cookies.py::SessionStore::save	0	0	0	1	0	8
contrib/sessions/base_session.py::AbstractBaseSession::__str__	0	0	0	1	0	2
contrib/sessions/base_session.py::AbstractBaseSession::get_decoded	0	0	0	1	0	3
contrib/sessions/base_session.py::AbstractBaseSession::get_session_store_class	0	0	0	1	0	2
contrib/sessions/base_session.py::BaseSessionManager::encode	0	0	0	1	0	6
contrib/sessions/base_session.py::BaseSessionManager::save	1	0	0	2	2	7
contrib/sessions/management/commands/clearsessions.py::Command::handle	1	0	0	2	1	9
contrib/sessions/middleware.py::SessionMiddleware::__init__	0	0	0	1	0	4
contrib/sessions/middleware.py::SessionMiddleware::process_request	0	0	0	1	0	3
contrib/sessions/middleware.py::SessionMiddleware::process_response	4	1	6	13	23	54
contrib/sessions/models.py::Session::get_session_store_class	0	0	0	1	0	3
contrib/sessions/serializers.py::PickleSerializer::dumps	0	0	0	1	0	2
contrib/sessions/serializers.py::PickleSerializer::loads	0	0	0	1	0	2
contrib/sitemaps/__init__.py::GenericSitemap::__init__	0	0	0	4	3	6
contrib/sitemaps/__init__.py::GenericSitemap::items	0	0	0	1	0	3
contrib/sitemaps/__init__.py::GenericSitemap::lastmod	1	0	0	2	1	4
contrib/sitemaps/__init__.py::Sitemap::_get	2	0	0	4	4	12
contrib/sitemaps/__init__.py::Sitemap::_items	1	0	0	2	1	11
contrib/sitemaps/__init__.py::Sitemap::_languages	1	0	0	2	1	4
contrib/sitemaps/__init__.py::Sitemap::_location	1	0	0	3	2	7
contrib/sitemaps/__init__.py::Sitemap::_urls	3	0	0	13	21	49
contrib/sitemaps/__init__.py::Sitemap::get_domain	3	0	0	5	8	15
contrib/sitemaps/__init__.py::Sitemap::get_protocol	0	0	0	3	1	3
contrib/sitemaps/__init__.py::Sitemap::get_urls	0	0	0	1	0	4
contrib/sitemaps/__init__.py::Sitemap::items	0	0	0	1	0	2
contrib/sitemaps/__init__.py::Sitemap::location	0	0	0	1	0	2
contrib/sitemaps/__init__.py::Sitemap::paginator	0	0	0	1	0	2
contrib/sitemaps/__init__.py::_get_sitemap_full_url	3	0	0	7	9	22
contrib/sitemaps/__init__.py::ping_google	0	0	0	1	0	10
contrib/sitemaps/management/commands/ping_google.py::Command::add_arguments	0	0	0	1	0	3
contrib/sitemaps/management/commands/ping_google.py::Command::handle	0	0	0	1	0	5
contrib/sitemaps/views.py::index	2	0	0	5	7	23
contrib/sitemaps/views.py::inner	0	0	0	1	0	4
contrib/sitemaps/views.py::sitemap	4	2	3	13	27	44
contrib/sitemaps/views.py::x_robots_tag	0	0	0	1	0	7
contrib/sites/apps.py::SitesConfig::ready	0	0	0	1	0	3
contrib/sites/checks.py::check_site_id	1	0	0	3	2	9
contrib/sites/management.py::create_default_site	3	0	0	8	13	28
contrib/sites/managers.py::CurrentSiteManager::__init__	0	0	0	1	0	3
contrib/sites/managers.py::CurrentSiteManager::_check_field_name	1	0	0	4	3	25
contrib/sites/managers.py::CurrentSiteManager::_get_field_name	2	0	0	3	4	11
contrib/sites/managers.py::CurrentSiteManager::check	0	0	0	1	0	4
contrib/sites/managers.py::CurrentSiteManager::get_queryset	0	0	0	1	0	2
contrib/sites/middleware.py::CurrentSiteMiddleware::process_request	0	0	0	1	0	2
contrib/sites/models.py::Site::__str__	0	0	0	1	0	2
contrib/sites/models.py::Site::natural_key	0	0	0	1	0	2
contrib/sites/models.py::SiteManager::_get_site_by_id	1	0	0	2	1	5
contrib/sites/models.py::SiteManager::_get_site_by_request	2	0	0	4	4	13
contrib/sites/models.py::SiteManager::clear_cache	0	0	0	1	0	4
contrib/sites/models.py::SiteManager::get_by_natural_key	0	0	0	1	0	2
contrib/sites/models.py::SiteManager::get_current	1	0	0	2	2	20
contrib/sites/models.py::_simple_domain_name_validator	1	0	0	2	1	11
contrib/sites/models.py::clear_site_cache	1	0	0	3	2	14
contrib/sites/requests.py::RequestSite::__init__	0	0	0	1	0	2
contrib/sites/requests.py::RequestSite::__str__	0	0	0	1	0	2
contrib/sites/requests.py::RequestSite::delete	0	0	0	1	0	2
contrib/sites/requests.py::RequestSite::save	0	0	0	1	0	2
contrib/sites/shortcuts.py::get_current_site	1	0	0	2	2	13
contrib/staticfiles/apps.py::StaticFilesConfig::ready	0	0	0	1	0	2
contrib/staticfiles/checks.py::check_finders	2	0	0	3	4	11
contrib/staticfiles/finders.py::AppDirectoriesFinder::__init__	3	0	0	5	7	17
contrib/staticfiles/finders.py::AppDirectoriesFinder::find	3	0	0	5	8	15
contrib/staticfiles/finders.py::AppDirectoriesFinder::find_in_app	2	0	0	4	4	10
contrib/staticfiles/finders.py::AppDirectoriesFinder::list	3	0	0	4	6	8
contrib/staticfiles/finders.py::BaseFinder::check	0	0	0	1	0	5
contrib/staticfiles/finders.py::BaseFinder::find	0	0	0	1	0	8
contrib/staticfiles/finders.py::BaseFinder::list	0	0	0	1	0	6
contrib/staticfiles/finders.py::BaseStorageFinder::__init__	1	0	0	4	3	11
contrib/staticfiles/finders.py::BaseStorageFinder::find	2	0	0	5	6	17
contrib/staticfiles/finders.py::BaseStorageFinder::list	1	0	0	2	1	6
contrib/staticfiles/finders.py::DefaultStorageFinder::__init__	1	0	0	2	1	7
contrib/staticfiles/finders.py::FileSystemFinder::__init__	2	0	0	5	7	17
contrib/staticfiles/finders.py::FileSystemFinder::check	3	0	0	7	10	24
contrib/staticfiles/finders.py::FileSystemFinder::find	3	0	0	5	8	14
contrib/staticfiles/finders.py::FileSystemFinder::find_location	2	0	0	4	4	13
contrib/staticfiles/finders.py::FileSystemFinder::list	2	0	0	3	3	8
contrib/staticfiles/finders.py::find	2	0	0	7	8	20
contrib/staticfiles/finders.py::get_finder	1	0	0	2	1	10
contrib/staticfiles/finders.py::get_finders	1	0	0	2	1	3
contrib/staticfiles/handlers.py::ASGIStaticFilesHandler::__call__	1	0	0	3	2	8
contrib/staticfiles/handlers.py::ASGIStaticFilesHandler::__init__	0	0	0	1	0	3
contrib/staticfiles/handlers.py::StaticFilesHandler::__call__	1	0	0	2	1	4
contrib/staticfiles/handlers.py::StaticFilesHandler::__init__	0	0	0	1	0	4
contrib/staticfiles/handlers.py::StaticFilesHandlerMixin::_should_handle	0	0	0	2	1	7
contrib/staticfiles/handlers.py::StaticFilesHandlerMixin::file_path	0	0	0	1	0	6
contrib/staticfiles/handlers.py::StaticFilesHandlerMixin::get_base_url	0	0	0	1	0	3
contrib/staticfiles/handlers.py::StaticFilesHandlerMixin::get_response	1	0	0	2	1	5
contrib/staticfiles/handlers.py::StaticFilesHandlerMixin::get_response_async	1	0	0	2	1	5
contrib/staticfiles/handlers.py::StaticFilesHandlerMixin::load_middleware	0	0	0	1	0	4
contrib/staticfiles/handlers.py::StaticFilesHandlerMixin::serve	0	0	0	1	0	3
contrib/staticfiles/management/commands/collectstatic.py::Command::__init__	0	0	0	1	0	8
contrib/staticfiles/management/commands/collectstatic.py::Command::add_arguments	0	0	0	1	0	32
contrib/staticfiles/management/commands/collectstatic.py::Command::clear_dir	3	0	0	8	15	26
contrib/staticfiles/management/commands/collectstatic.py::Command::collect	3	0	0	14	27	61
contrib/staticfiles/management/commands/collectstatic.py::Command::copy_file	1	0	0	4	4	20
contrib/staticfiles/management/commands/collectstatic.py::Command::delete_file	3	0	0	9	19	49
contrib/staticfiles/management/commands/collectstatic.py::Command::handle	2	0	0	16	23	58
contrib/staticfiles/management/commands/collectstatic.py::Command::is_local_storage	0	0	0	1	0	2
contrib/staticfiles/management/commands/collectstatic.py::Command::link_file	2	0	0	9	13	35
contrib/staticfiles/management/commands/collectstatic.py::Command::local	1	0	0	2	1	6
contrib/staticfiles/management/commands/collectstatic.py::Command::log	1	0	0	2	1	6
contrib/staticfiles/management/commands/collectstatic.py::Command::set_options	1	0	0	2	1	14
contrib/staticfiles/management/commands/findstatic.py::Command::add_arguments	0	0	0	1	0	6
contrib/staticfiles/management/commands/findstatic.py::Command::handle_label	2	0	0	7	13	26
contrib/staticfiles/management/commands/runserver.py::Command::add_arguments	0	0	0	1	0	10
contrib/staticfiles/management/commands/runserver.py::Command::get_handler	1	0	0	4	3	11
contrib/staticfiles/storage.py::ConfiguredStorage::_setup	0	0	0	1	0	2
contrib/staticfiles/storage.py::HashedFilesMixin::__init__	3	0	0	4	7	12
contrib/staticfiles/storage.py::HashedFilesMixin::_post_process	6	1	7	15	43	71
contrib/staticfiles/storage.py::HashedFilesMixin::_stored_name	1	0	0	2	1	11
contrib/staticfiles/storage.py::HashedFilesMixin::_url	3	0	0	11	17	30
contrib/staticfiles/storage.py::HashedFilesMixin::clean_name	0	0	0	1	0	2
contrib/staticfiles/storage.py::HashedFilesMixin::converter	2	0	0	8	10	44
contrib/staticfiles/storage.py::HashedFilesMixin::file_hash	1	0	0	3	2	10
contrib/staticfiles/storage.py::HashedFilesMixin::hash_key	0	0	0	1	0	2
contrib/staticfiles/storage.py::HashedFilesMixin::hashed_name	2	0	0	10	11	32
contrib/staticfiles/storage.py::HashedFilesMixin::path_level	0	0	0	1	0	2
contrib/staticfiles/storage.py::HashedFilesMixin::post_process	2	0	0	8	9	47
contrib/staticfiles/storage.py::HashedFilesMixin::stored_name	2	0	0	4	5	22
contrib/staticfiles/storage.py::HashedFilesMixin::url	0	0	0	1	0	5
contrib/staticfiles/storage.py::HashedFilesMixin::url_converter	2	0	0	9	11	53
contrib/staticfiles/storage.py::ManifestFilesMixin::__init__	0	0	0	1	0	3
contrib/staticfiles/storage.py::ManifestFilesMixin::load_manifest	1	0	0	4	4	14
contrib/staticfiles/storage.py::ManifestFilesMixin::post_process	1	0	0	2	1	5
contrib/staticfiles/storage.py::ManifestFilesMixin::read_manifest	1	0	0	2	1	6
contrib/staticfiles/storage.py::ManifestFilesMixin::save_manifest	1	0	0	2	1	6
contrib/staticfiles/storage.py::ManifestFilesMixin::stored_name	2	0	0	5	5	16
contrib/staticfiles/storage.py::StaticFilesStorage::__init__	1	0	0	4	3	12
contrib/staticfiles/storage.py::StaticFilesStorage::path	1	0	0	2	1	6
contrib/staticfiles/urls.py::staticfiles_urlpatterns	1	0	0	2	1	7
contrib/staticfiles/utils.py::check_settings	1	0	0	11	8	22
contrib/staticfiles/utils.py::get_files	3	0	0	9	14	24
contrib/staticfiles/utils.py::matches_patterns	0	0	0	1	0	6
contrib/staticfiles/views.py::serve	2	0	0	6	6	25
contrib/syndication/views.py::Feed::__call__	1	0	0	4	3	14
contrib/syndication/views.py::Feed::_get_dynamic_attr	2	0	0	5	7	18
contrib/syndication/views.py::Feed::feed_extra_kwargs	0	0	0	1	0	6
contrib/syndication/views.py::Feed::get_context_data	0	0	0	1	0	9
contrib/syndication/views.py::Feed::get_feed	2	0	0	15	24	98
contrib/syndication/views.py::Feed::get_object	0	0	0	1	0	2
contrib/syndication/views.py::Feed::item_description	0	0	0	1	0	2
contrib/syndication/views.py::Feed::item_enclosures	1	0	0	2	1	10
contrib/syndication/views.py::Feed::item_extra_kwargs	0	0	0	1	0	6
contrib/syndication/views.py::Feed::item_link	1	0	0	2	1	8
contrib/syndication/views.py::Feed::item_title	0	0	0	1	0	3
contrib/syndication/views.py::add_domain	1	0	0	3	3	8
core/asgi.py::get_asgi_application	0	0	0	1	0	9
core/cache/__init__.py::CacheHandler::create_connection	1	0	0	2	1	11
core/cache/__init__.py::close_caches	1	0	0	2	1	5
core/cache/backends/base.py::BaseCache::__contains__	0	0	0	1	0	8
core/cache/backends/base.py::BaseCache::__init__	2	0	0	5	5	25
core/cache/backends/base.py::BaseCache::add	0	0	0	1	0	9
core/cache/backends/base.py::BaseCache::clear	0	0	0	1	0	3
core/cache/backends/base.py::BaseCache::close	0	0	0	1	0	3
core/cache/backends/base.py::BaseCache::decr	0	0	0	1	0	6
core/cache/backends/base.py::BaseCache::decr_version	0	0	0	1	0	6
core/cache/backends/base.py::BaseCache::delete	0	0	0	1	0	6
core/cache/backends/base.py::BaseCache::delete_many	1	0	0	2	1	8
core/cache/backends/base.py::BaseCache::get	0	0	0	1	0	6
core/cache/backends/base.py::BaseCache::get_backend_timeout	1	0	0	3	3	11
core/cache/backends/base.py::BaseCache::get_many	2	0	0	3	3	14
core/cache/backends/base.py::BaseCache::get_or_set	2	0	0	3	3	18
core/cache/backends/base.py::BaseCache::has_key	0	0	0	1	0	5
core/cache/backends/base.py::BaseCache::incr	1	0	0	2	1	11
core/cache/backends/base.py::BaseCache::incr_version	1	0	0	3	2	15
core/cache/backends/base.py::BaseCache::make_key	1	0	0	2	1	12
core/cache/backends/base.py::BaseCache::set	0	0	0	1	0	6
core/cache/backends/base.py::BaseCache::set_many	1	0	0	2	1	15
core/cache/backends/base.py::BaseCache::touch	0	0	0	1	0	6
core/cache/backends/base.py::BaseCache::validate_key	1	0	0	2	1	8
core/cache/backends/base.py::default_key_func	0	0	0	1	0	9
core/cache/backends/base.py::get_key_func	2	0	0	3	4	12
core/cache/backends/base.py::memcache_key_warnings	2	0	0	5	5	13
core/cache/backends/db.py::BaseDatabaseCache::__init__	0	0	0	1	0	7
core/cache/backends/db.py::DatabaseCache::_base_delete_many	1	0	0	2	1	19
core/cache/backends/db.py::DatabaseCache::_base_set	2	0	0	11	17	86
core/cache/backends/db.py::DatabaseCache::_cull	3	0	0	4	7	21
core/cache/backends/db.py::DatabaseCache::add	0	0	0	1	0	4
core/cache/backends/db.py::DatabaseCache::clear	0	0	0	1	0	6
core/cache/backends/db.py::DatabaseCache::delete	0	0	0	1	0	3
core/cache/backends/db.py::DatabaseCache::delete_many	1	0	0	2	1	6
core/cache/backends/db.py::DatabaseCache::get	0	0	0	1	0	2
core/cache/backends/db.py::DatabaseCache::get_many	2	0	0	6	8	43
core/cache/backends/db.py::DatabaseCache::has_key	1	0	0	2	2	24
core/cache/backends/db.py::DatabaseCache::set	0	0	0	1	0	4
core/cache/backends/db.py::DatabaseCache::touch	0	0	0	1	0	4
core/cache/backends/db.py::Options::__init__	0	0	0	1	0	11
core/cache/backends/dummy.py::DummyCache::__init__	0	0	0	1	0	2
core/cache/backends/dummy.py::DummyCache::add	0	0	0	1	0	4
core/cache/backends/dummy.py::DummyCache::clear	0	0	0	1	0	2
core/cache/backends/dummy.py::DummyCache::delete	0	0	0	1	0	4
core/cache/backends/dummy.py::DummyCache::get	0	0	0	1	0	4
core/cache/backends/dummy.py::DummyCache::has_key	0	0	0	1	0	4
core/cache/backends/dummy.py::DummyCache::set	0	0	0	1	0	3
core/cache/backends/dummy.py::DummyCache::touch	0	0	0	1	0	3
core/cache/backends/filebased.py::FileBasedCache::__init__	0	0	0	1	0	4
core/cache/backends/filebased.py::FileBasedCache::_createdir	0	0	0	1	0	8
core/cache/backends/filebased.py::FileBasedCache::_cull	1	0	0	4	3	17
core/cache/backends/filebased.py::FileBasedCache::_delete	1	0	0	4	3	9
core/cache/backends/filebased.py::FileBasedCache::_is_expired	1	0	0	4	3	13
core/cache/backends/filebased.py::FileBasedCache::_key_to_file	0	0	0	1	0	9
core/cache/backends/filebased.py::FileBasedCache::_list_cache_files	0	0	0	1	0	9
core/cache/backends/filebased.py::FileBasedCache::_write_content	0	0	0	1	0	4
core/cache/backends/filebased.py::FileBasedCache::add	1	0	0	2	1	5
core/cache/backends/filebased.py::FileBasedCache::clear	1	0	0	2	1	6
core/cache/backends/filebased.py::FileBasedCache::delete	0	0	0	1	0	2
core/cache/backends/filebased.py::FileBasedCache::get	1	0	0	3	2	9
core/cache/backends/filebased.py::FileBasedCache::has_key	1	0	0	2	1	6
core/cache/backends/filebased.py::FileBasedCache::set	1	0	0	2	1	14
core/cache/backends/filebased.py::FileBasedCache::touch	1	0	0	3	3	16
core/cache/backends/locmem.py::LocMemCache::__init__	0	0	0	1	0	5
core/cache/backends/locmem.py::LocMemCache::_cull	2	0	0	3	4	9
core/cache/backends/locmem.py::LocMemCache::_delete	1	0	0	2	1	7
core/cache/backends/locmem.py::LocMemCache::_has_expired	0	0	0	2	1	3
core/cache/backends/locmem.py::LocMemCache::_set	1	0	0	2	1	6
core/cache/backends/locmem.py::LocMemCache::add	1	0	0	2	1	9
core/cache/backends/locmem.py::LocMemCache::clear	0	0	0	1	0	4
core/cache/backends/locmem.py::LocMemCache::delete	0	0	0	1	0	5
core/cache/backends/locmem.py::LocMemCache::get	1	0	0	2	1	10
core/cache/backends/locmem.py::LocMemCache::has_key	1	0	0	2	1	8
core/cache/backends/locmem.py::LocMemCache::incr	1	0	0	2	1	14
core/cache/backends/locmem.py::LocMemCache::set	0	0	0	1	0	6
core/cache/backends/locmem.py::LocMemCache::touch	1	0	0	2	1	8
core/cache/backends/memcached.py::BaseMemcachedCache::__init__	1	0	0	3	3	14
core/cache/backends/memcached.py::BaseMemcachedCache::_cache	0	0	0	1	0	5
core/cache/backends/memcached.py::BaseMemcachedCache::add	0	0	0	1	0	4
core/cache/backends/memcached.py::BaseMemcachedCache::clear	0	0	0	1	0	2
core/cache/backends/memcached.py::BaseMemcachedCache::client_servers	0	0	0	1	0	2
core/cache/backends/memcached.py::BaseMemcachedCache::close	0	0	0	1	0	3
core/cache/backends/memcached.py::BaseMemcachedCache::decr	1	0	0	4	3	16
core/cache/backends/memcached.py::BaseMemcachedCache::delete	0	0	0	1	0	4
core/cache/backends/memcached.py::BaseMemcachedCache::delete_many	1	0	0	2	1	5
core/cache/backends/memcached.py::BaseMemcachedCache::get	0	0	0	1	0	4
core/cache/backends/memcached.py::BaseMemcachedCache::get_backend_timeout	1	0	0	4	4	26
core/cache/backends/memcached.py::BaseMemcachedCache::get_many	1	0	0	2	1	6
core/cache/backends/memcached.py::BaseMemcachedCache::incr	1	0	0	4	3	16
core/cache/backends/memcached.py::BaseMemcachedCache::set	1	0	0	2	1	6
core/cache/backends/memcached.py::BaseMemcachedCache::set_many	1	0	0	2	1	10
core/cache/backends/memcached.py::BaseMemcachedCache::touch	0	0	0	1	0	4
core/cache/backends/memcached.py::BaseMemcachedCache::validate_key	1	0	0	2	1	3
core/cache/backends/memcached.py::MemcachedCache::__init__	0	0	0	1	0	11
core/cache/backends/memcached.py::MemcachedCache::delete	0	0	0	1	0	7
core/cache/backends/memcached.py::MemcachedCache::get	1	0	0	2	1	10
core/cache/backends/memcached.py::PyLibMCCache::__init__	0	0	0	1	0	3
core/cache/backends/memcached.py::PyLibMCCache::client_servers	2	0	0	3	3	5
core/cache/backends/memcached.py::PyLibMCCache::close	0	0	0	1	0	4
core/cache/backends/memcached.py::PyLibMCCache::touch	1	0	0	2	1	6
core/cache/backends/memcached.py::PyMemcacheCache::__init__	0	0	0	1	0	10
core/cache/utils.py::make_template_fragment_key	2	0	0	3	3	7
core/checks/async_checks.py::check_async_unsafe	1	0	0	2	1	4
core/checks/caches.py::check_cache_location_not_exposed	3	0	0	7	17	33
core/checks/caches.py::check_default_cache_is_configured	1	0	0	2	1	4
core/checks/caches.py::check_file_based_cache_is_absolute	2	0	0	4	5	13
core/checks/database.py::check_database_backends	1	0	0	3	2	8
core/checks/messages.py::CheckMessage::__eq__	0	0	0	2	1	6
core/checks/messages.py::CheckMessage::__init__	0	0	0	1	0	7
core/checks/messages.py::CheckMessage::__repr__	0	0	0	1	0	3
core/checks/messages.py::CheckMessage::__str__	1	0	0	4	5	14
core/checks/messages.py::CheckMessage::is_serious	0	0	0	1	0	2
core/checks/messages.py::CheckMessage::is_silenced	0	0	0	1	0	3
core/checks/messages.py::Critical::__init__	0	0	0	1	0	2
core/checks/messages.py::Debug::__init__	0	0	0	1	0	2
core/checks/messages.py::Error::__init__	0	0	0	1	0	2
core/checks/messages.py::Info::__init__	0	0	0	1	0	2
core/checks/messages.py::Warning::__init__	0	0	0	1	0	2
core/checks/model_checks.py::_check_lazy_references	2	0	0	7	8	117
core/checks/model_checks.py::app_model_error	1	0	0	2	1	7
core/checks/model_checks.py::build_error	1	0	0	2	1	4
core/checks/model_checks.py::check_all_models	3	0	0	20	39	75
core/checks/model_checks.py::check_lazy_references	0	0	0	1	0	2
core/checks/model_checks.py::default_error	0	0	0	1	0	8
core/checks/model_checks.py::extract_operation	1	0	0	2	1	16
core/checks/model_checks.py::field_error	0	0	0	1	0	11
core/checks/model_checks.py::signal_connect_error	1	0	0	2	3	22
core/checks/registry.py::CheckRegistry::__init__	0	0	0	1	0	3
core/checks/registry.py::CheckRegistry::get_checks	1	0	0	2	1	5
core/checks/registry.py::CheckRegistry::inner	1	0	0	3	2	9
core/checks/registry.py::CheckRegistry::register	2	0	0	5	6	32
core/checks/registry.py::CheckRegistry::run_checks	1	0	0	3	2	17
core/checks/registry.py::CheckRegistry::tag_exists	0	0	0	1	0	2
core/checks/registry.py::CheckRegistry::tags_available	0	0	0	1	0	4
core/checks/security/base.py::_security_middleware	0	0	0	1	0	2
core/checks/security/base.py::_xframe_middleware	0	0	0	1	0	2
core/checks/security/base.py::check_allowed_hosts	1	0	0	2	1	2
core/checks/security/base.py::check_content_type_nosniff	1	0	0	3	2	6
core/checks/security/base.py::check_debug	1	0	0	2	1	3
core/checks/security/base.py::check_default_hashing_algorithm	1	0	0	2	1	4
core/checks/security/base.py::check_referrer_policy	2	0	0	5	8	12
core/checks/security/base.py::check_secret_key	1	0	0	5	4	12
core/checks/security/base.py::check_security_middleware	1	0	0	2	1	3
core/checks/security/base.py::check_ssl_redirect	1	0	0	3	2	6
core/checks/security/base.py::check_sts	1	0	0	3	2	3
core/checks/security/base.py::check_sts_include_subdomains	1	0	0	4	2	7
core/checks/security/base.py::check_sts_preload	1	0	0	4	2	7
core/checks/security/base.py::check_xframe_deny	1	0	0	3	2	6
core/checks/security/base.py::check_xframe_options_middleware	1	0	0	2	1	3
core/checks/security/csrf.py::_csrf_middleware	0	0	0	1	0	2
core/checks/security/csrf.py::check_csrf_cookie_secure	1	0	0	4	2	7
core/checks/security/csrf.py::check_csrf_failure_view	1	0	0	3	3	22
core/checks/security/csrf.py::check_csrf_middleware	1	0	0	2	1	3
core/checks/security/sessions.py::_session_app	0	0	0	1	0	2
core/checks/security/sessions.py::_session_middleware	0	0	0	1	0	2
core/checks/security/sessions.py::add_httponly_message	0	0	0	1	0	5
core/checks/security/sessions.py::add_session_cookie_message	0	0	0	1	0	5
core/checks/security/sessions.py::check_session_cookie_httponly	2	0	0	5	7	10
core/checks/security/sessions.py::check_session_cookie_secure	2	0	0	5	7	10
core/checks/templates.py::check_setting_app_dirs_loaders	1	0	0	3	2	5
core/checks/templates.py::check_string_if_invalid_is_string	2	0	0	3	3	9
core/checks/translation.py::check_language_settings_consistent	1	0	0	2	2	8
core/checks/translation.py::check_setting_language_code	1	0	0	3	2	6
core/checks/translation.py::check_setting_languages	0	0	0	2	1	6
core/checks/translation.py::check_setting_languages_bidi	0	0	0	2	1	6
core/checks/urls.py::E006	0	0	0	1	0	5
core/checks/urls.py::_load_all_namespaces	2	0	0	3	3	16
core/checks/urls.py::check_resolver	1	0	0	2	3	11
core/checks/urls.py::check_url_config	1	0	0	2	1	6
core/checks/urls.py::check_url_namespaces_unique	1	0	0	3	2	20
core/checks/urls.py::check_url_settings	2	0	0	4	4	7
core/checks/urls.py::get_warning_for_invalid_pattern	1	0	0	2	3	23
core/exceptions.py::ValidationError::__eq__	1	0	0	2	1	4
core/exceptions.py::ValidationError::__hash__	1	0	0	3	2	10
core/exceptions.py::ValidationError::__init__	3	0	0	9	22	42
core/exceptions.py::ValidationError::__iter__	3	0	0	5	9	10
core/exceptions.py::ValidationError::__repr__	0	0	0	1	0	2
core/exceptions.py::ValidationError::__str__	1	0	0	2	1	4
core/exceptions.py::ValidationError::message_dict	0	0	0	1	0	6
core/exceptions.py::ValidationError::messages	1	0	0	2	1	4
core/exceptions.py::ValidationError::update_error_dict	2	0	0	3	4	7
core/files/base.py::ContentFile::__bool__	0	0	0	1	0	2
core/files/base.py::ContentFile::__init__	1	0	0	2	1	4
core/files/base.py::ContentFile::__str__	0	0	0	1	0	2
core/files/base.py::ContentFile::close	0	0	0	1	0	2
core/files/base.py::ContentFile::open	0	0	0	1	0	3
core/files/base.py::ContentFile::write	0	0	0	1	0	3
core/files/base.py::File::__bool__	0	0	0	1	0	2
core/files/base.py::File::__enter__	0	0	0	1	0	2
core/files/base.py::File::__exit__	0	0	0	1	0	2
core/files/base.py::File::__init__	1	0	0	3	2	7
core/files/base.py::File::__iter__	4	1	9	8	17	26
core/files/base.py::File::__len__	0	0	0	1	0	2
core/files/base.py::File::__repr__	0	0	0	2	1	2
core/files/base.py::File::__str__	0	0	0	2	1	2
core/files/base.py::File::chunks	2	0	0	5	5	16
core/files/base.py::File::close	0	0	0	1	0	2
core/files/base.py::File::multiple_chunks	0	0	0	2	1	9
core/files/base.py::File::open	1	0	0	4	5	8
core/files/base.py::File::size	2	0	0	6	6	15
core/files/base.py::endswith_cr	1	0	0	2	1	3
core/files/base.py::endswith_lf	1	0	0	2	1	3
core/files/base.py::equals_lf	1	0	0	2	1	3
core/files/images.py::ImageFile::_get_image_dimensions	1	0	0	2	1	6
core/files/images.py::ImageFile::height	0	0	0	1	0	2
core/files/images.py::ImageFile::width	0	0	0	1	0	2
core/files/images.py::get_image_dimensions	3	0	0	10	19	52
core/files/locks.py::_fd	1	0	0	2	1	3
core/files/locks.py::lock	0	0	0	1	0	5
core/files/locks.py::unlock	0	0	0	1	0	5
core/files/move.py::_samefile	2	0	0	3	3	11
core/files/move.py::file_move_safe	2	0	0	11	12	58
core/files/storage.py::DefaultStorage::_setup	0	0	0	1	0	2
core/files/storage.py::FileSystemStorage::__init__	0	0	0	1	0	7
core/files/storage.py::FileSystemStorage::_clear_cached_properties	1	0	0	2	4	11
core/files/storage.py::FileSystemStorage::_datetime_from_timestamp	1	0	0	2	2	10
core/files/storage.py::FileSystemStorage::_open	0	0	0	1	0	2
core/files/storage.py::FileSystemStorage::_save	5	1	3	11	27	62
core/files/storage.py::FileSystemStorage::_value_or_setting	1	0	0	2	1	2
core/files/storage.py::FileSystemStorage::base_location	0	0	0	1	0	2
core/files/storage.py::FileSystemStorage::base_url	1	0	0	3	2	4
core/files/storage.py::FileSystemStorage::delete	1	0	0	3	3	13
core/files/storage.py::FileSystemStorage::directory_permissions_mode	0	0	0	1	0	2
core/files/storage.py::FileSystemStorage::exists	0	0	0	1	0	2
core/files/storage.py::FileSystemStorage::file_permissions_mode	0	0	0	1	0	2
core/files/storage.py::FileSystemStorage::get_accessed_time	0	0	0	1	0	2
core/files/storage.py::FileSystemStorage::get_created_time	0	0	0	1	0	2
core/files/storage.py::FileSystemStorage::get_modified_time	0	0	0	1	0	2
core/files/storage.py::FileSystemStorage::listdir	2	0	0	3	4	9
core/files/storage.py::FileSystemStorage::location	0	0	0	1	0	2
core/files/storage.py::FileSystemStorage::path	0	0	0	1	0	2
core/files/storage.py::FileSystemStorage::size	0	0	0	1	0	2
core/files/storage.py::FileSystemStorage::url	1	0	0	3	2	7
core/files/storage.py::Storage::delete	0	0	0	1	0	5
core/files/storage.py::Storage::exists	0	0	0	1	0	6
core/files/storage.py::Storage::generate_filename	0	0	0	1	0	8
core/files/storage.py::Storage::get_accessed_time	0	0	0	1	0	6
core/files/storage.py::Storage::get_alternative_name	0	0	0	1	0	7
core/files/storage.py::Storage::get_available_name	3	0	0	7	10	29
core/files/storage.py::Storage::get_created_time	0	0	0	1	0	6
core/files/storage.py::Storage::get_modified_time	0	0	0	1	0	6
core/files/storage.py::Storage::get_valid_name	0	0	0	1	0	6
core/files/storage.py::Storage::listdir	0	0	0	1	0	6
core/files/storage.py::Storage::open	0	0	0	1	0	3
core/files/storage.py::Storage::path	0	0	0	1	0	7
core/files/storage.py::Storage::save	1	0	0	3	2	15
core/files/storage.py::Storage::size	0	0	0	1	0	5
core/files/storage.py::Storage::url	0	0	0	1	0	6
core/files/storage.py::get_storage_class	0	0	0	2	1	2
core/files/temp.py::TemporaryFile::__del__	0	0	0	1	0	2
core/files/temp.py::TemporaryFile::__enter__	0	0	0	1	0	3
core/files/temp.py::TemporaryFile::__exit__	0	0	0	1	0	2
core/files/temp.py::TemporaryFile::__init__	0	0	0	1	0	5
core/files/temp.py::TemporaryFile::close	2	0	0	4	5	11
core/files/uploadedfile.py::InMemoryUploadedFile::__init__	0	0	0	1	0	3
core/files/uploadedfile.py::InMemoryUploadedFile::chunks	0	0	0	1	0	3
core/files/uploadedfile.py::InMemoryUploadedFile::multiple_chunks	0	0	0	1	0	3
core/files/uploadedfile.py::InMemoryUploadedFile::open	0	0	0	1	0	3
core/files/uploadedfile.py::SimpleUploadedFile::__init__	0	0	0	2	1	3
core/files/uploadedfile.py::SimpleUploadedFile::from_dict	0	0	0	1	0	10
core/files/uploadedfile.py::TemporaryUploadedFile::__init__	0	0	0	1	0	4
core/files/uploadedfile.py::TemporaryUploadedFile::close	1	0	0	2	1	8
core/files/uploadedfile.py::TemporaryUploadedFile::temporary_file_path	0	0	0	1	0	3
core/files/uploadedfile.py::UploadedFile::__init__	0	0	0	1	0	6
core/files/uploadedfile.py::UploadedFile::__repr__	0	0	0	1	0	2
core/files/uploadedfile.py::UploadedFile::_get_name	0	0	0	1	0	2
core/files/uploadedfile.py::UploadedFile::_set_name	2	0	0	3	3	13
core/files/uploadhandler.py::FileUploadHandler::__init__	0	0	0	1	0	7
core/files/uploadhandler.py::FileUploadHandler::file_complete	0	0	0	1	0	8
core/files/uploadhandler.py::FileUploadHandler::handle_raw_input	0	0	0	1	0	17
core/files/uploadhandler.py::FileUploadHandler::new_file	0	0	0	1	0	13
core/files/uploadhandler.py::FileUploadHandler::receive_data_chunk	0	0	0	1	0	6
core/files/uploadhandler.py::FileUploadHandler::upload_complete	0	0	0	1	0	6
core/files/uploadhandler.py::FileUploadHandler::upload_interrupted	0	0	0	1	0	6
core/files/uploadhandler.py::MemoryFileUploadHandler::file_complete	1	0	0	2	1	15
core/files/uploadhandler.py::MemoryFileUploadHandler::handle_raw_input	0	0	0	1	0	8
core/files/uploadhandler.py::MemoryFileUploadHandler::new_file	1	0	0	2	1	5
core/files/uploadhandler.py::MemoryFileUploadHandler::receive_data_chunk	1	0	0	2	2	6
core/files/uploadhandler.py::StopUpload::__init__	0	0	0	1	0	7
core/files/uploadhandler.py::StopUpload::__str__	1	0	0	2	2	5
core/files/uploadhandler.py::TemporaryFileUploadHandler::file_complete	0	0	0	1	0	4
core/files/uploadhandler.py::TemporaryFileUploadHandler::new_file	0	0	0	1	0	6
core/files/uploadhandler.py::TemporaryFileUploadHandler::receive_data_chunk	0	0	0	1	0	2
core/files/uploadhandler.py::TemporaryFileUploadHandler::upload_interrupted	2	0	0	3	3	8
core/files/uploadhandler.py::load_handler	0	0	0	1	0	11
core/files/utils.py::FileProxyMixin::__iter__	0	0	0	1	0	2
core/files/utils.py::FileProxyMixin::closed	0	0	0	2	1	2
core/files/utils.py::FileProxyMixin::readable	1	0	0	3	2	6
core/files/utils.py::FileProxyMixin::seekable	1	0	0	3	2	6
core/files/utils.py::FileProxyMixin::writable	1	0	0	3	2	6
core/handlers/asgi.py::ASGIHandler::__call__	1	0	0	5	4	33
core/handlers/asgi.py::ASGIHandler::__init__	0	0	0	1	0	3
core/handlers/asgi.py::ASGIHandler::chunk_bytes	1	0	0	3	2	15
core/handlers/asgi.py::ASGIHandler::create_request	1	0	0	3	2	16
core/handlers/asgi.py::ASGIHandler::get_script_prefix	1	0	0	3	2	7
core/handlers/asgi.py::ASGIHandler::handle_uncaught_exception	2	0	0	3	3	11
core/handlers/asgi.py::ASGIHandler::read_body	2	0	0	5	7	17
core/handlers/asgi.py::ASGIHandler::send_response	3	0	0	9	15	46
core/handlers/asgi.py::ASGIRequest::COOKIES	0	0	0	1	0	2
core/handlers/asgi.py::ASGIRequest::GET	0	0	0	1	0	2
core/handlers/asgi.py::ASGIRequest::__init__	2	0	0	10	16	66
core/handlers/asgi.py::ASGIRequest::_get_files	1	0	0	2	1	4
core/handlers/asgi.py::ASGIRequest::_get_post	1	0	0	2	1	4
core/handlers/asgi.py::ASGIRequest::_get_scheme	0	0	0	2	1	2
core/handlers/asgi.py::ASGIRequest::_set_post	0	0	0	1	0	2
core/handlers/base.py::BaseHandler::_get_response	3	0	0	12	20	51
core/handlers/base.py::BaseHandler::_get_response_async	3	0	0	14	24	64
core/handlers/base.py::BaseHandler::adapt_method_mode	3	0	0	9	13	26
core/handlers/base.py::BaseHandler::check_response	2	0	0	6	8	25
core/handlers/base.py::BaseHandler::get_response	1	0	0	2	1	13
core/handlers/base.py::BaseHandler::get_response_async	1	0	0	2	1	19
core/handlers/base.py::BaseHandler::load_middleware	4	1	4	13	27	72
core/handlers/base.py::BaseHandler::make_view_atomic	3	0	0	5	7	10
core/handlers/base.py::BaseHandler::process_exception_by_middleware	2	0	0	3	3	10
core/handlers/base.py::BaseHandler::resolve_request	1	0	0	2	2	16
core/handlers/base.py::reset_urlconf	0	0	0	1	0	3
core/handlers/exception.py::convert_exception_to_response	2	0	0	4	6	31
core/handlers/exception.py::get_exception_response	1	0	0	2	1	9
core/handlers/exception.py::handle_uncaught_exception	1	0	0	3	2	14
core/handlers/exception.py::inner	1	0	0	2	1	6
core/handlers/exception.py::response_for_exception	2	0	0	8	20	73
core/handlers/wsgi.py::LimitedStream::__init__	0	0	0	1	0	5
core/handlers/wsgi.py::LimitedStream::_read_limited	1	0	0	4	3	8
core/handlers/wsgi.py::LimitedStream::read	1	0	0	2	3	11
core/handlers/wsgi.py::LimitedStream::readline	2	0	0	7	10	18
core/handlers/wsgi.py::WSGIHandler::__call__	1	0	0	3	2	21
core/handlers/wsgi.py::WSGIHandler::__init__	0	0	0	1	0	3
core/handlers/wsgi.py::WSGIRequest::COOKIES	0	0	0	1	0	3
core/handlers/wsgi.py::WSGIRequest::FILES	1	0	0	2	1	4
core/handlers/wsgi.py::WSGIRequest::GET	0	0	0	1	0	4
core/handlers/wsgi.py::WSGIRequest::__init__	1	0	0	3	2	25
core/handlers/wsgi.py::WSGIRequest::_get_post	1	0	0	2	1	4
core/handlers/wsgi.py::WSGIRequest::_get_scheme	0	0	0	1	0	2
core/handlers/wsgi.py::WSGIRequest::_set_post	0	0	0	1	0	2
core/handlers/wsgi.py::get_bytes_from_wsgi	0	0	0	1	0	11
core/handlers/wsgi.py::get_path_info	0	0	0	1	0	5
core/handlers/wsgi.py::get_script_name	2	0	0	6	8	29
core/handlers/wsgi.py::get_str_from_wsgi	0	0	0	1	0	8
core/mail/__init__.py::get_connection	0	0	0	2	1	10
core/mail/__init__.py::mail_admins	1	0	0	5	4	15
core/mail/__init__.py::mail_managers	1	0	0	5	4	15
core/mail/__init__.py::send_mail	1	0	0	3	2	24
core/mail/__init__.py::send_mass_mail	0	0	0	2	1	24
core/mail/backends/base.py::BaseEmailBackend::__enter__	1	0	0	2	1	7
core/mail/backends/base.py::BaseEmailBackend::__exit__	0	0	0	1	0	2
core/mail/backends/base.py::BaseEmailBackend::__init__	0	0	0	1	0	2
core/mail/backends/base.py::BaseEmailBackend::close	0	0	0	1	0	3
core/mail/backends/base.py::BaseEmailBackend::open	0	0	0	1	0	18
core/mail/backends/base.py::BaseEmailBackend::send_messages	0	0	0	1	0	6
core/mail/backends/console.py::EmailBackend::__init__	0	0	0	1	0	4
core/mail/backends/console.py::EmailBackend::send_messages	2	0	0	6	6	18
core/mail/backends/console.py::EmailBackend::write_message	1	0	0	2	1	8
core/mail/backends/dummy.py::EmailBackend::send_messages	0	0	0	1	0	2
core/mail/backends/filebased.py::EmailBackend::__init__	1	0	0	5	5	25
core/mail/backends/filebased.py::EmailBackend::_get_filename	1	0	0	2	1	7
core/mail/backends/filebased.py::EmailBackend::close	1	0	0	2	1	6
core/mail/backends/filebased.py::EmailBackend::open	1	0	0	2	1	5
core/mail/backends/filebased.py::EmailBackend::write_message	0	0	0	1	0	4
core/mail/backends/locmem.py::EmailBackend::__init__	1	0	0	2	1	4
core/mail/backends/locmem.py::EmailBackend::send_messages	1	0	0	2	1	8
core/mail/backends/smtp.py::EmailBackend::__init__	1	0	0	12	11	20
core/mail/backends/smtp.py::EmailBackend::_send	2	0	0	5	5	15
core/mail/backends/smtp.py::EmailBackend::close	2	0	0	5	5	18
core/mail/backends/smtp.py::EmailBackend::connection_class	1	0	0	2	1	2
core/mail/backends/smtp.py::EmailBackend::open	2	0	0	10	10	33
core/mail/backends/smtp.py::EmailBackend::send_messages	2	0	0	7	7	21
core/mail/message.py::EmailMessage::__init__	3	0	0	15	26	43
core/mail/message.py::EmailMessage::_create_attachment	2	0	0	3	3	13
core/mail/message.py::EmailMessage::_create_attachments	3	0	0	7	11	13
core/mail/message.py::EmailMessage::_create_message	0	0	0	1	0	2
core/mail/message.py::EmailMessage::_create_mime_attachment	2	0	0	5	8	29
core/mail/message.py::EmailMessage::_set_list_header_if_not_empty	2	0	0	3	3	11
core/mail/message.py::EmailMessage::attach	4	1	4	7	12	31
core/mail/message.py::EmailMessage::attach_file	0	0	0	1	0	15
core/mail/message.py::EmailMessage::get_connection	1	0	0	2	1	5
core/mail/message.py::EmailMessage::message	2	0	0	6	6	26
core/mail/message.py::EmailMessage::recipients	0	0	0	1	0	6
core/mail/message.py::EmailMessage::send	1	0	0	2	1	7
core/mail/message.py::EmailMultiAlternatives::__init__	0	0	0	2	1	12
core/mail/message.py::EmailMultiAlternatives::_create_alternatives	2	0	0	5	6	10
core/mail/message.py::EmailMultiAlternatives::_create_message	0	0	0	1	0	2
core/mail/message.py::EmailMultiAlternatives::attach_alternative	0	0	0	1	0	5
core/mail/message.py::MIMEMixin::as_bytes	0	0	0	1	0	12
core/mail/message.py::MIMEMixin::as_string	0	0	0	1	0	12
core/mail/message.py::SafeMIMEMessage::__setitem__	0	0	0	1	0	4
core/mail/message.py::SafeMIMEMultipart::__init__	0	0	0	1	0	3
core/mail/message.py::SafeMIMEMultipart::__setitem__	0	0	0	1	0	3
core/mail/message.py::SafeMIMEText::__init__	0	0	0	1	0	3
core/mail/message.py::SafeMIMEText::__setitem__	0	0	0	1	0	3
core/mail/message.py::SafeMIMEText::set_payload	2	0	0	4	4	10
core/mail/message.py::forbid_multi_line_headers	2	0	0	7	9	17
core/mail/message.py::sanitize_address	2	0	0	10	13	43
core/mail/utils.py::CachedDnsName::__str__	0	0	0	1	0	2
core/mail/utils.py::CachedDnsName::get_fqdn	1	0	0	2	1	4
core/management/__init__.py::ManagementUtility::__init__	1	0	0	3	2	6
core/management/__init__.py::ManagementUtility::autocomplete	3	0	0	9	15	73
core/management/__init__.py::ManagementUtility::execute	4	1	2	13	25	80
core/management/__init__.py::ManagementUtility::fetch_command	2	0	0	5	8	31
core/management/__init__.py::ManagementUtility::main_help_text	3	0	0	7	15	32
core/management/__init__.py::call_command	3	0	0	17	32	104
core/management/__init__.py::execute_from_command_line	0	0	0	1	0	4
core/management/__init__.py::find_commands	0	0	0	2	1	8
core/management/__init__.py::get_actions	3	0	0	4	7	8
core/management/__init__.py::get_commands	1	0	0	3	2	32
core/management/__init__.py::load_command_class	0	0	0	1	0	8
core/management/base.py::AppCommand::add_arguments	0	0	0	1	0	2
core/management/base.py::AppCommand::handle	2	0	0	4	4	12
core/management/base.py::AppCommand::handle_app_config	0	0	0	1	0	8
core/management/base.py::BaseCommand::__init__	2	0	0	10	11	23
core/management/base.py::BaseCommand::add_arguments	0	0	0	1	0	5
core/management/base.py::BaseCommand::check	4	2	4	19	31	68
core/management/base.py::BaseCommand::check_migrations	1	0	0	3	2	26
core/management/base.py::BaseCommand::create_parser	1	0	0	3	2	47
core/management/base.py::BaseCommand::execute	2	0	0	12	15	36
core/management/base.py::BaseCommand::get_version	0	0	0	1	0	7
core/management/base.py::BaseCommand::handle	0	0	0	1	0	6
core/management/base.py::BaseCommand::print_help	0	0	0	1	0	7
core/management/base.py::BaseCommand::run_from_argv	4	1	1	5	7	35
core/management/base.py::CommandError::__init__	0	0	0	1	0	3
core/management/base.py::CommandParser::__init__	0	0	0	1	0	4
core/management/base.py::CommandParser::error	1	0	0	2	2	5
core/management/base.py::CommandParser::parse_args	1	0	0	4	3	6
core/management/base.py::DjangoHelpFormatter::_reordered_actions	2	0	0	1	0	5
core/management/base.py::DjangoHelpFormatter::add_arguments	0	0	0	1	0	2
core/management/base.py::DjangoHelpFormatter::add_usage	0	0	0	1	0	2
core/management/base.py::LabelCommand::add_arguments	0	0	0	1	0	2
core/management/base.py::LabelCommand::handle	2	0	0	3	3	7
core/management/base.py::LabelCommand::handle_label	0	0	0	1	0	6
core/management/base.py::OutputWrapper::__getattr__	0	0	0	1	0	2
core/management/base.py::OutputWrapper::__init__	0	0	0	1	0	4
core/management/base.py::OutputWrapper::flush	1	0	0	2	1	3
core/management/base.py::OutputWrapper::isatty	0	0	0	2	1	2
core/management/base.py::OutputWrapper::style_func	0	0	0	1	0	2
core/management/base.py::OutputWrapper::write	1	0	0	5	4	6
core/management/base.py::handle_default_options	1	0	0	3	2	10
core/management/base.py::no_translations	1	0	0	2	1	13
core/management/base.py::wrapped	1	0	0	2	1	10
core/management/color.py::color_style	1	0	0	3	2	7
core/management/color.py::make_style	2	0	0	3	4	28
core/management/color.py::no_style	0	0	0	1	0	5
core/management/color.py::style_func	0	0	0	1	0	2
core/management/color.py::supports_color	1	0	0	10	7	37
core/management/color.py::vt_codes_enabled_in_windows_registry	1	0	0	3	4	18
core/management/commands/check.py::Command::add_arguments	0	0	0	1	0	27
core/management/commands/check.py::Command::handle	2	0	0	5	7	31
core/management/commands/compilemessages.py::Command::add_arguments	0	0	0	1	0	20
core/management/commands/compilemessages.py::Command::compile_messages	4	1	4	13	26	53
core/management/commands/compilemessages.py::Command::handle	3	0	0	16	25	58
core/management/commands/compilemessages.py::has_bom	0	0	0	1	0	4
core/management/commands/compilemessages.py::is_writable	1	0	0	2	1	9
core/management/commands/createcachetable.py::Command::add_arguments	0	0	0	1	0	15
core/management/commands/createcachetable.py::Command::create_table	3	0	0	16	24	63
core/management/commands/createcachetable.py::Command::handle	3	0	0	5	9	13
core/management/commands/dbshell.py::Command::add_arguments	0	0	0	1	0	7
core/management/commands/dbshell.py::Command::handle	1	0	0	3	2	21
core/management/commands/diffsettings.py::Command::add_arguments	0	0	0	1	0	25
core/management/commands/diffsettings.py::Command::handle	1	0	0	3	2	15
core/management/commands/diffsettings.py::Command::output_hash	2	0	0	3	5	11
core/management/commands/diffsettings.py::Command::output_unified	2	0	0	3	5	11
core/management/commands/diffsettings.py::module_to_dict	2	0	0	2	1	3
core/management/commands/dumpdata.py::Command::add_arguments	0	0	0	1	0	46
core/management/commands/dumpdata.py::Command::get_objects	3	0	0	13	28	37
core/management/commands/dumpdata.py::Command::handle	4	3	6	41	81	136
core/management/commands/flush.py::Command::add_arguments	0	0	0	1	0	9
core/management/commands/flush.py::Command::handle	2	0	0	8	12	56
core/management/commands/inspectdb.py::Command::add_arguments	0	0	0	1	0	15
core/management/commands/inspectdb.py::Command::get_field_type	3	0	0	11	16	34
core/management/commands/inspectdb.py::Command::get_meta	3	0	0	8	14	34
core/management/commands/inspectdb.py::Command::handle	1	0	0	3	2	6
core/management/commands/inspectdb.py::Command::handle_inspection	4	5	16	30	72	136
core/management/commands/inspectdb.py::Command::normalize_col_name	2	0	0	16	20	55
core/management/commands/inspectdb.py::Command::table2model	0	0	0	1	0	2
core/management/commands/loaddata.py::Command::add_arguments	0	0	0	1	0	23
core/management/commands/loaddata.py::Command::find_fixtures	3	0	0	15	22	56
core/management/commands/loaddata.py::Command::fixture_dirs	2	0	0	7	9	28
core/management/commands/loaddata.py::Command::handle	1	0	0	2	1	17
core/management/commands/loaddata.py::Command::load_label	4	2	12	15	33	65
core/management/commands/loaddata.py::Command::loaddata	3	0	0	14	22	71
core/management/commands/loaddata.py::Command::parse_name	2	0	0	7	11	31
core/management/commands/loaddata.py::SingleZipReader::__init__	1	0	0	2	1	4
core/management/commands/loaddata.py::SingleZipReader::read	0	0	0	1	0	2
core/management/commands/loaddata.py::humanize	1	0	0	2	1	2
core/management/commands/makemessages.py::BuildFile::__init__	0	0	0	1	0	4
core/management/commands/makemessages.py::BuildFile::cleanup	2	0	0	3	3	10
core/management/commands/makemessages.py::BuildFile::is_templatized	1	0	0	2	2	7
core/management/commands/makemessages.py::BuildFile::path	0	0	0	1	0	2
core/management/commands/makemessages.py::BuildFile::postprocess_messages	2	0	0	3	3	25
core/management/commands/makemessages.py::BuildFile::preprocess	1	0	0	3	3	18
core/management/commands/makemessages.py::BuildFile::work_path	1	0	0	2	1	13
core/management/commands/makemessages.py::Command::add_arguments	0	0	0	1	0	66
core/management/commands/makemessages.py::Command::build_potfiles	3	0	0	5	9	25
core/management/commands/makemessages.py::Command::copy_plural_forms	5	2	7	10	23	30
core/management/commands/makemessages.py::Command::find_files	5	3	8	15	34	34
core/management/commands/makemessages.py::Command::gettext_version	1	0	0	2	2	12
core/management/commands/makemessages.py::Command::handle	2	0	0	27	35	118
core/management/commands/makemessages.py::Command::process_files	1	0	0	3	2	11
core/management/commands/makemessages.py::Command::process_locale_dir	3	0	0	14	25	94
core/management/commands/makemessages.py::Command::remove_potfiles	2	0	0	3	3	5
core/management/commands/makemessages.py::Command::settings_available	2	0	0	3	3	8
core/management/commands/makemessages.py::Command::write_po_file	3	0	0	8	17	40
core/management/commands/makemessages.py::TranslatableFile::__eq__	0	0	0	1	0	2
core/management/commands/makemessages.py::TranslatableFile::__init__	0	0	0	1	0	4
core/management/commands/makemessages.py::TranslatableFile::__lt__	0	0	0	1	0	2
core/management/commands/makemessages.py::TranslatableFile::__repr__	0	0	0	1	0	5
core/management/commands/makemessages.py::TranslatableFile::path	0	0	0	1	0	2
core/management/commands/makemessages.py::check_programs	2	0	0	3	3	7
core/management/commands/makemessages.py::normalize_eols	1	0	0	3	2	13
core/management/commands/makemessages.py::write_pot_file	4	1	3	8	16	25
core/management/commands/makemigrations.py::Command::add_arguments	0	0	0	1	0	33
core/management/commands/makemigrations.py::Command::all_items_equal	0	0	0	1	0	2
core/management/commands/makemigrations.py::Command::handle	4	1	4	28	43	131
core/management/commands/makemigrations.py::Command::handle_merge	4	3	8	15	40	87
core/management/commands/makemigrations.py::Command::write_migration_files	5	4	13	11	33	44
core/management/commands/migrate.py::Command::add_arguments	0	0	0	1	0	45
core/management/commands/migrate.py::Command::describe_operation	2	0	0	9	15	22
core/management/commands/migrate.py::Command::handle	4	1	1	37	74	199
core/management/commands/migrate.py::Command::migration_progress_callback	3	0	0	11	34	33
core/management/commands/migrate.py::Command::model_installed	0	0	0	3	2	7
core/management/commands/migrate.py::Command::sync_apps	3	0	0	11	17	48
core/management/commands/runserver.py::Command::add_arguments	0	0	0	1	0	17
core/management/commands/runserver.py::Command::execute	1	0	0	2	1	7
core/management/commands/runserver.py::Command::get_handler	0	0	0	1	0	3
core/management/commands/runserver.py::Command::handle	3	0	0	13	20	30
core/management/commands/runserver.py::Command::inner_run	2	0	0	7	8	52
core/management/commands/runserver.py::Command::run	1	0	0	2	2	8
core/management/commands/sendtestemail.py::Command::add_arguments	0	0	0	1	0	13
core/management/commands/sendtestemail.py::Command::handle	1	0	0	3	2	15
core/management/commands/shell.py::Command::add_arguments	0	0	0	1	0	13
core/management/commands/shell.py::Command::bpython	0	0	0	1	0	3
core/management/commands/shell.py::Command::handle	2	0	0	8	7	20
core/management/commands/shell.py::Command::ipython	0	0	0	1	0	3
core/management/commands/shell.py::Command::python	3	0	0	9	17	41
core/management/commands/showmigrations.py::Command::_validate_app_names	2	0	0	4	4	10
core/management/commands/showmigrations.py::Command::add_arguments	0	0	0	1	0	29
core/management/commands/showmigrations.py::Command::handle	1	0	0	2	2	11
core/management/commands/showmigrations.py::Command::print_deps	1	0	0	3	2	7
core/management/commands/showmigrations.py::Command::show_list	6	1	15	11	32	39
core/management/commands/showmigrations.py::Command::show_plan	3	0	0	11	17	43
core/management/commands/sqlflush.py::Command::add_arguments	0	0	0	1	0	6
core/management/commands/sqlflush.py::Command::handle	1	0	0	3	2	5
core/management/commands/sqlmigrate.py::Command::add_arguments	0	0	0	1	0	11
core/management/commands/sqlmigrate.py::Command::execute	0	0	0	1	0	6
core/management/commands/sqlmigrate.py::Command::handle	1	0	0	8	7	38
core/management/commands/sqlsequencereset.py::Command::add_arguments	0	0	0	1	0	6
core/management/commands/sqlsequencereset.py::Command::handle_app_config	1	0	0	4	3	9
core/management/commands/squashmigrations.py::Command::add_arguments	0	0	0	1	0	29
core/management/commands/squashmigrations.py::Command::find_migration	1	0	0	3	2	13
core/management/commands/squashmigrations.py::Command::handle	4	2	9	31	63	160
core/management/commands/startapp.py::Command::handle	0	0	0	1	0	4
core/management/commands/startproject.py::Command::handle	0	0	0	1	0	8
core/management/commands/test.py::Command::add_arguments	1	0	0	2	1	23
core/management/commands/test.py::Command::handle	1	0	0	3	2	10
core/management/commands/test.py::Command::run_from_argv	0	0	0	1	0	8
core/management/commands/testserver.py::Command::add_arguments	0	0	0	1	0	17
core/management/commands/testserver.py::Command::handle	0	0	0	1	0	26
core/management/sql.py::emit_post_migrate_signal	2	0	0	4	5	15
core/management/sql.py::emit_pre_migrate_signal	2	0	0	4	5	15
core/management/sql.py::sql_flush	0	0	0	1	0	11
core/management/templates.py::TemplateCommand::add_arguments	0	0	0	1	0	17
core/management/templates.py::TemplateCommand::cleanup_url	1	0	0	2	2	8
core/management/templates.py::TemplateCommand::download	2	0	0	10	12	53
core/management/templates.py::TemplateCommand::extract	1	0	0	3	2	16
core/management/templates.py::TemplateCommand::handle	4	1	3	28	58	126
core/management/templates.py::TemplateCommand::handle_template	2	0	0	6	11	25
core/management/templates.py::TemplateCommand::is_url	1	0	0	2	1	6
core/management/templates.py::TemplateCommand::make_writeable	1	0	0	2	1	9
core/management/templates.py::TemplateCommand::splitext	1	0	0	2	1	9
core/management/templates.py::TemplateCommand::validate_name	1	0	0	4	4	32
core/management/utils.py::find_command	3	0	0	10	14	23
core/management/utils.py::get_command_line_option	1	0	0	2	2	14
core/management/utils.py::get_random_secret_key	0	0	0	1	0	6
core/management/utils.py::handle_extensions	2	0	0	4	4	20
core/management/utils.py::ignore	0	0	0	2	1	2
core/management/utils.py::is_ignored_path	0	0	0	2	1	11
core/management/utils.py::normalize_path_patterns	3	0	0	4	7	13
core/management/utils.py::parse_apps_and_model_labels	3	0	0	5	10	25
core/management/utils.py::popen_wrapper	1	0	0	2	1	15
core/paginator.py::Page::__getitem__	1	0	0	3	2	11
core/paginator.py::Page::__init__	0	0	0	1	0	4
core/paginator.py::Page::__len__	0	0	0	1	0	2
core/paginator.py::Page::__repr__	0	0	0	1	0	2
core/paginator.py::Page::end_index	1	0	0	2	1	9
core/paginator.py::Page::has_next	0	0	0	1	0	2
core/paginator.py::Page::has_other_pages	0	0	0	2	1	2
core/paginator.py::Page::has_previous	0	0	0	1	0	2
core/paginator.py::Page::next_page_number	0	0	0	1	0	2
core/paginator.py::Page::previous_page_number	0	0	0	1	0	2
core/paginator.py::Page::start_index	1	0	0	2	1	9
core/paginator.py::Paginator::__init__	0	0	0	1	0	7
core/paginator.py::Paginator::__iter__	1	0	0	2	1	3
core/paginator.py::Paginator::_check_object_list_is_ordered	2	0	0	4	4	17
core/paginator.py::Paginator::_get_page	0	0	0	1	0	8
core/paginator.py::Paginator::count	1	0	0	4	2	6
core/paginator.py::Paginator::get_elided_page_range	1	0	0	4	5	30
core/paginator.py::Paginator::get_page	1	0	0	3	2	12
core/paginator.py::Paginator::num_pages	1	0	0	3	2	6
core/paginator.py::Paginator::page	1	0	0	2	1	8
core/paginator.py::Paginator::page_range	0	0	0	1	0	6
core/paginator.py::Paginator::validate_number	2	0	0	8	9	16
core/serializers/__init__.py::BadSerializer::__call__	0	0	0	1	0	2
core/serializers/__init__.py::BadSerializer::__init__	0	0	0	1	0	2
core/serializers/__init__.py::_load_serializers	2	0	0	4	4	14
core/serializers/__init__.py::deserialize	0	0	0	1	0	9
core/serializers/__init__.py::get_deserializer	1	0	0	3	2	6
core/serializers/__init__.py::get_public_serializer_formats	1	0	0	2	1	4
core/serializers/__init__.py::get_serializer	1	0	0	3	2	6
core/serializers/__init__.py::get_serializer_formats	1	0	0	2	1	4
core/serializers/__init__.py::register_serializer	1	0	0	5	5	30
core/serializers/__init__.py::serialize	0	0	0	1	0	8
core/serializers/__init__.py::sort_dependencies	5	4	11	20	53	86
core/serializers/__init__.py::unregister_serializer	1	0	0	3	2	7
core/serializers/base.py::DeserializationError::WithData	0	0	0	1	0	6
core/serializers/base.py::DeserializedObject::__init__	0	0	0	1	0	4
core/serializers/base.py::DeserializedObject::__repr__	0	0	0	1	0	6
core/serializers/base.py::DeserializedObject::save	2	0	0	4	4	12
core/serializers/base.py::DeserializedObject::save_deferred_fields	3	0	0	5	10	18
core/serializers/base.py::Deserializer::__init__	1	0	0	2	2	9
core/serializers/base.py::Deserializer::__iter__	0	0	0	1	0	2
core/serializers/base.py::Deserializer::__next__	0	0	0	1	0	3
core/serializers/base.py::M2MDeserializationError::__init__	0	0	0	1	0	3
core/serializers/base.py::ProgressBar::__init__	0	0	0	1	0	4
core/serializers/base.py::ProgressBar::update	1	0	0	5	4	13
core/serializers/base.py::Serializer::end_object	0	0	0	1	0	5
core/serializers/base.py::Serializer::end_serialization	0	0	0	1	0	5
core/serializers/base.py::Serializer::getvalue	1	0	0	2	1	7
core/serializers/base.py::Serializer::handle_field	0	0	0	1	0	5
core/serializers/base.py::Serializer::handle_fk_field	0	0	0	1	0	5
core/serializers/base.py::Serializer::handle_m2m_field	0	0	0	1	0	5
core/serializers/base.py::Serializer::serialize	5	2	8	19	43	45
core/serializers/base.py::Serializer::start_object	0	0	0	1	0	5
core/serializers/base.py::Serializer::start_serialization	0	0	0	1	0	5
core/serializers/base.py::build_instance	2	0	0	5	4	19
core/serializers/base.py::deserialize_fk_value	3	0	0	8	11	22
core/serializers/base.py::deserialize_m2m_values	2	0	0	9	13	26
core/serializers/base.py::m2m_convert	1	0	0	3	3	5
core/serializers/json.py::Deserializer	1	0	0	5	4	13
core/serializers/json.py::DjangoJSONEncoder::default	2	0	0	6	14	24
core/serializers/json.py::Serializer::_init_options	1	0	0	2	1	10
core/serializers/json.py::Serializer::end_object	2	0	0	4	4	11
core/serializers/json.py::Serializer::end_serialization	1	0	0	3	2	6
core/serializers/json.py::Serializer::getvalue	0	0	0	1	0	3
core/serializers/json.py::Serializer::start_serialization	0	0	0	1	0	3
core/serializers/jsonl.py::Deserializer	2	0	0	7	9	16
core/serializers/jsonl.py::Serializer::_init_options	0	0	0	1	0	9
core/serializers/jsonl.py::Serializer::end_object	0	0	0	1	0	5
core/serializers/jsonl.py::Serializer::getvalue	0	0	0	1	0	3
core/serializers/jsonl.py::Serializer::start_serialization	0	0	0	1	0	2
core/serializers/python.py::Deserializer	4	5	14	18	49	70
core/serializers/python.py::Serializer::_value_from_field	1	0	0	2	1	6
core/serializers/python.py::Serializer::end_object	0	0	0	1	0	3
core/serializers/python.py::Serializer::end_serialization	0	0	0	1	0	2
core/serializers/python.py::Serializer::get_dump_object	1	0	0	3	2	6
core/serializers/python.py::Serializer::getvalue	0	0	0	1	0	2
core/serializers/python.py::Serializer::handle_field	0	0	0	1	0	2
core/serializers/python.py::Serializer::handle_fk_field	2	0	0	4	6	10
core/serializers/python.py::Serializer::handle_m2m_field	2	0	0	4	5	13
core/serializers/python.py::Serializer::m2m_value	0	0	0	1	0	2
core/serializers/python.py::Serializer::start_object	0	0	0	1	0	2
core/serializers/python.py::Serializer::start_serialization	0	0	0	1	0	3
core/serializers/python.py::_get_model	1	0	0	2	1	6
core/serializers/pyyaml.py::Deserializer	1	0	0	5	5	14
core/serializers/pyyaml.py::DjangoSafeDumper::represent_decimal	0	0	0	1	0	2
core/serializers/pyyaml.py::DjangoSafeDumper::represent_ordered_dict	0	0	0	1	0	2
core/serializers/pyyaml.py::Serializer::end_serialization	0	0	0	1	0	3
core/serializers/pyyaml.py::Serializer::getvalue	0	0	0	1	0	3
core/serializers/pyyaml.py::Serializer::handle_field	1	0	0	3	3	11
core/serializers/xml_serializer.py::DTDForbidden::__init__	0	0	0	1	0	5
core/serializers/xml_serializer.py::DTDForbidden::__str__	0	0	0	1	0	3
core/serializers/xml_serializer.py::DefusedExpatParser::__init__	0	0	0	1	0	4
core/serializers/xml_serializer.py::DefusedExpatParser::entity_decl	0	0	0	1	0	3
core/serializers/xml_serializer.py::DefusedExpatParser::external_entity_ref_handler	0	0	0	1	0	2
core/serializers/xml_serializer.py::DefusedExpatParser::reset	0	0	0	1	0	7
core/serializers/xml_serializer.py::DefusedExpatParser::start_doctype_decl	0	0	0	1	0	2
core/serializers/xml_serializer.py::DefusedExpatParser::unparsed_entity_decl	0	0	0	1	0	3
core/serializers/xml_serializer.py::DefusedXmlException::__repr__	0	0	0	1	0	2
core/serializers/xml_serializer.py::Deserializer::__init__	0	0	0	1	0	6
core/serializers/xml_serializer.py::Deserializer::__next__	2	0	0	4	4	6
core/serializers/xml_serializer.py::Deserializer::_get_model_from_node	1	0	0	3	2	16
core/serializers/xml_serializer.py::Deserializer::_handle_fk_field_node	5	2	7	7	23	34
core/serializers/xml_serializer.py::Deserializer::_handle_m2m_field_node	2	0	0	7	12	31
core/serializers/xml_serializer.py::Deserializer::_handle_object	4	1	2	13	29	69
core/serializers/xml_serializer.py::Deserializer::_make_parser	0	0	0	1	0	3
core/serializers/xml_serializer.py::Deserializer::m2m_convert	1	0	0	2	2	10
core/serializers/xml_serializer.py::EntitiesForbidden::__init__	0	0	0	1	0	8
core/serializers/xml_serializer.py::EntitiesForbidden::__str__	0	0	0	1	0	3
core/serializers/xml_serializer.py::ExternalReferenceForbidden::__init__	0	0	0	1	0	6
core/serializers/xml_serializer.py::ExternalReferenceForbidden::__str__	0	0	0	1	0	3
core/serializers/xml_serializer.py::Serializer::_start_relational_field	0	0	0	1	0	8
core/serializers/xml_serializer.py::Serializer::end_object	0	0	0	1	0	6
core/serializers/xml_serializer.py::Serializer::end_serialization	0	0	0	1	0	7
core/serializers/xml_serializer.py::Serializer::handle_field	2	0	0	4	6	27
core/serializers/xml_serializer.py::Serializer::handle_fk_field	3	0	0	5	9	22
core/serializers/xml_serializer.py::Serializer::handle_m2m	1	0	0	2	1	9
core/serializers/xml_serializer.py::Serializer::handle_m2m_field	3	0	0	6	10	32
core/serializers/xml_serializer.py::Serializer::indent	1	0	0	2	1	3
core/serializers/xml_serializer.py::Serializer::start_object	2	0	0	5	5	15
core/serializers/xml_serializer.py::Serializer::start_serialization	0	0	0	1	0	7
core/serializers/xml_serializer.py::getInnerText	2	0	0	4	6	12
core/servers/basehttp.py::ServerHandler::__init__	1	0	0	2	1	12
core/servers/basehttp.py::ServerHandler::cleanup_headers	1	0	0	3	3	14
core/servers/basehttp.py::ServerHandler::close	0	0	0	1	0	3
core/servers/basehttp.py::ServerHandler::handle_error	1	0	0	2	1	4
core/servers/basehttp.py::WSGIRequestHandler::address_string	0	0	0	1	0	3
core/servers/basehttp.py::WSGIRequestHandler::get_environ	2	0	0	3	3	10
core/servers/basehttp.py::WSGIRequestHandler::handle	1	0	0	3	2	9
core/servers/basehttp.py::WSGIRequestHandler::handle_one_request	1	0	0	3	2	18
core/servers/basehttp.py::WSGIRequestHandler::log_message	2	0	0	6	10	29
core/servers/basehttp.py::WSGIServer::__init__	1	0	0	2	1	5
core/servers/basehttp.py::WSGIServer::handle_error	1	0	0	2	2	5
core/servers/basehttp.py::get_internal_wsgi_application	1	0	0	3	2	25
core/servers/basehttp.py::is_broken_pipe_error	0	0	0	1	0	7
core/servers/basehttp.py::run	1	0	0	3	3	17
core/signing.py::JSONSerializer::dumps	0	0	0	1	0	2
core/signing.py::JSONSerializer::loads	0	0	0	1	0	2
core/signing.py::Signer::__init__	1	0	0	5	4	12
core/signing.py::Signer::_legacy_signature	0	0	0	1	0	3
core/signing.py::Signer::sign	0	0	0	1	0	2
core/signing.py::Signer::sign_object	2	0	0	4	4	24
core/signing.py::Signer::signature	0	0	0	1	0	2
core/signing.py::Signer::unsign	1	0	0	5	4	12
core/signing.py::Signer::unsign_object	1	0	0	3	2	12
core/signing.py::TimestampSigner::sign	0	0	0	1	0	3
core/signing.py::TimestampSigner::timestamp	0	0	0	1	0	2
core/signing.py::TimestampSigner::unsign	2	0	0	4	5	17
core/signing.py::b64_decode	0	0	0	1	0	3
core/signing.py::b64_encode	0	0	0	1	0	2
core/signing.py::base64_hmac	0	0	0	1	0	2
core/signing.py::dumps	0	0	0	1	0	18
core/signing.py::get_cookie_signer	0	0	0	1	0	4
core/signing.py::loads	0	0	0	1	0	7
core/validators.py::BaseValidator::__call__	1	0	0	3	2	6
core/validators.py::BaseValidator::__eq__	1	0	0	4	2	8
core/validators.py::BaseValidator::__init__	1	0	0	2	1	4
core/validators.py::BaseValidator::clean	0	0	0	1	0	2
core/validators.py::BaseValidator::compare	0	0	0	1	0	2
core/validators.py::DecimalValidator::__call__	2	0	0	11	12	40
core/validators.py::DecimalValidator::__eq__	0	0	0	3	1	6
core/validators.py::DecimalValidator::__init__	0	0	0	1	0	3
core/validators.py::EmailValidator::__call__	2	0	0	8	10	20
core/validators.py::EmailValidator::__eq__	0	0	0	4	1	7
core/validators.py::EmailValidator::__init__	1	0	0	5	4	14
core/validators.py::EmailValidator::domain_whitelist	0	0	0	1	0	8
core/validators.py::EmailValidator::validate_domain_part	2	0	0	4	4	13
core/validators.py::FileExtensionValidator::__call__	1	0	0	3	2	12
core/validators.py::FileExtensionValidator::__eq__	0	0	0	4	1	7
core/validators.py::FileExtensionValidator::__init__	1	0	0	4	3	8
core/validators.py::MaxLengthValidator::clean	0	0	0	1	0	2
core/validators.py::MaxLengthValidator::compare	0	0	0	1	0	2
core/validators.py::MaxValueValidator::compare	0	0	0	1	0	2
core/validators.py::MinLengthValidator::clean	0	0	0	1	0	2
core/validators.py::MinLengthValidator::compare	0	0	0	1	0	2
core/validators.py::MinValueValidator::compare	0	0	0	1	0	2
core/validators.py::ProhibitNullCharactersValidator::__call__	1	0	0	2	1	3
core/validators.py::ProhibitNullCharactersValidator::__eq__	0	0	0	3	1	6
core/validators.py::ProhibitNullCharactersValidator::__init__	1	0	0	3	2	5
core/validators.py::RegexValidator::__call__	1	0	0	3	2	9
core/validators.py::RegexValidator::__eq__	0	0	0	6	1	9
core/validators.py::RegexValidator::__init__	1	0	0	8	7	15
core/validators.py::URLValidator::__call__	3	0	0	10	17	42
core/validators.py::URLValidator::__init__	1	0	0	2	1	4
core/validators.py::get_available_image_extensions	1	0	0	2	2	8
core/validators.py::int_list_validator	1	0	0	2	1	6
core/validators.py::ip_address_validators	1	0	0	4	3	13
core/validators.py::validate_image_file_extension	0	0	0	1	0	2
core/validators.py::validate_integer	0	0	0	1	0	2
core/validators.py::validate_ipv46_address	2	0	0	3	3	8
core/validators.py::validate_ipv4_address	1	0	0	2	1	5
core/validators.py::validate_ipv6_address	1	0	0	2	1	3
core/wsgi.py::get_wsgi_application	0	0	0	1	0	9
db/__init__.py::close_old_connections	1	0	0	2	1	3
db/__init__.py::reset_queries	1	0	0	2	1	3
db/backends/base/base.py::BaseDatabaseWrapper::__init__	0	0	0	1	0	61
db/backends/base/base.py::BaseDatabaseWrapper::_close	1	0	0	2	1	4
db/backends/base/base.py::BaseDatabaseWrapper::_commit	1	0	0	2	1	4
db/backends/base/base.py::BaseDatabaseWrapper::_cursor	0	0	0	1	0	4
db/backends/base/base.py::BaseDatabaseWrapper::_nodb_cursor	0	0	0	1	0	14
db/backends/base/base.py::BaseDatabaseWrapper::_prepare_cursor	1	0	0	2	2	10
db/backends/base/base.py::BaseDatabaseWrapper::_rollback	1	0	0	2	1	4
db/backends/base/base.py::BaseDatabaseWrapper::_savepoint	0	0	0	1	0	3
db/backends/base/base.py::BaseDatabaseWrapper::_savepoint_allowed	0	0	0	2	1	3
db/backends/base/base.py::BaseDatabaseWrapper::_savepoint_commit	0	0	0	1	0	3
db/backends/base/base.py::BaseDatabaseWrapper::_savepoint_rollback	0	0	0	1	0	3
db/backends/base/base.py::BaseDatabaseWrapper::_set_autocommit	0	0	0	1	0	5
db/backends/base/base.py::BaseDatabaseWrapper::allow_thread_sharing	0	0	0	1	0	3
db/backends/base/base.py::BaseDatabaseWrapper::check_constraints	0	0	0	1	0	7
db/backends/base/base.py::BaseDatabaseWrapper::check_settings	1	0	0	3	2	6
db/backends/base/base.py::BaseDatabaseWrapper::chunked_cursor	0	0	0	1	0	6
db/backends/base/base.py::BaseDatabaseWrapper::clean_savepoints	0	0	0	1	0	5
db/backends/base/base.py::BaseDatabaseWrapper::close	1	0	0	4	4	18
db/backends/base/base.py::BaseDatabaseWrapper::close_if_unusable_or_obsolete	3	0	0	7	12	24
db/backends/base/base.py::BaseDatabaseWrapper::commit	0	0	0	1	0	8
db/backends/base/base.py::BaseDatabaseWrapper::connect	1	0	0	2	1	21
db/backends/base/base.py::BaseDatabaseWrapper::constraint_checks_disabled	1	0	0	2	1	10
db/backends/base/base.py::BaseDatabaseWrapper::copy	1	0	0	2	1	10
db/backends/base/base.py::BaseDatabaseWrapper::create_cursor	0	0	0	1	0	3
db/backends/base/base.py::BaseDatabaseWrapper::cursor	0	0	0	1	0	3
db/backends/base/base.py::BaseDatabaseWrapper::dec_thread_sharing	1	0	0	2	1	5
db/backends/base/base.py::BaseDatabaseWrapper::disable_constraint_checking	0	0	0	1	0	7
db/backends/base/base.py::BaseDatabaseWrapper::enable_constraint_checking	0	0	0	1	0	6
db/backends/base/base.py::BaseDatabaseWrapper::ensure_connection	1	0	0	2	1	5
db/backends/base/base.py::BaseDatabaseWrapper::ensure_timezone	0	0	0	1	0	6
db/backends/base/base.py::BaseDatabaseWrapper::execute_wrapper	0	0	0	1	0	10
db/backends/base/base.py::BaseDatabaseWrapper::get_autocommit	0	0	0	1	0	4
db/backends/base/base.py::BaseDatabaseWrapper::get_connection_params	0	0	0	1	0	3
db/backends/base/base.py::BaseDatabaseWrapper::get_new_connection	0	0	0	1	0	3
db/backends/base/base.py::BaseDatabaseWrapper::get_rollback	1	0	0	2	1	6
db/backends/base/base.py::BaseDatabaseWrapper::inc_thread_sharing	0	0	0	1	0	3
db/backends/base/base.py::BaseDatabaseWrapper::init_connection_state	0	0	0	1	0	3
db/backends/base/base.py::BaseDatabaseWrapper::is_usable	0	0	0	1	0	11
db/backends/base/base.py::BaseDatabaseWrapper::make_cursor	0	0	0	1	0	3
db/backends/base/base.py::BaseDatabaseWrapper::make_debug_cursor	0	0	0	1	0	3
db/backends/base/base.py::BaseDatabaseWrapper::on_commit	1	0	0	3	4	12
db/backends/base/base.py::BaseDatabaseWrapper::prepare_database	0	0	0	1	0	6
db/backends/base/base.py::BaseDatabaseWrapper::queries	1	0	0	2	1	6
db/backends/base/base.py::BaseDatabaseWrapper::queries_logged	0	0	0	2	1	2
db/backends/base/base.py::BaseDatabaseWrapper::rollback	0	0	0	1	0	9
db/backends/base/base.py::BaseDatabaseWrapper::run_and_clear_commit_hooks	1	0	0	2	1	7
db/backends/base/base.py::BaseDatabaseWrapper::savepoint	1	0	0	2	1	19
db/backends/base/base.py::BaseDatabaseWrapper::savepoint_commit	1	0	0	2	1	9
db/backends/base/base.py::BaseDatabaseWrapper::savepoint_rollback	1	0	0	2	1	14
db/backends/base/base.py::BaseDatabaseWrapper::schema_editor	1	0	0	2	1	8
db/backends/base/base.py::BaseDatabaseWrapper::set_autocommit	1	0	0	6	5	30
db/backends/base/base.py::BaseDatabaseWrapper::set_rollback	1	0	0	2	1	8
db/backends/base/base.py::BaseDatabaseWrapper::temporary_connection	1	0	0	2	1	15
db/backends/base/base.py::BaseDatabaseWrapper::timezone	1	0	0	2	3	21
db/backends/base/base.py::BaseDatabaseWrapper::timezone_name	1	0	0	2	3	10
db/backends/base/base.py::BaseDatabaseWrapper::validate_no_atomic_block	1	0	0	2	1	5
db/backends/base/base.py::BaseDatabaseWrapper::validate_no_broken_transaction	1	0	0	2	1	5
db/backends/base/base.py::BaseDatabaseWrapper::validate_thread_sharing	1	0	0	3	2	15
db/backends/base/base.py::BaseDatabaseWrapper::wrap_database_errors	0	0	0	1	0	6
db/backends/base/client.py::BaseDatabaseClient::__init__	0	0	0	1	0	3
db/backends/base/client.py::BaseDatabaseClient::runshell	1	0	0	2	1	5
db/backends/base/client.py::BaseDatabaseClient::settings_to_cmd_args_env	0	0	0	1	0	5
db/backends/base/creation.py::BaseDatabaseCreation::__init__	0	0	0	1	0	2
db/backends/base/creation.py::BaseDatabaseCreation::_clone_test_db	0	0	0	1	0	7
db/backends/base/creation.py::BaseDatabaseCreation::_create_test_db	3	0	0	8	15	40
db/backends/base/creation.py::BaseDatabaseCreation::_destroy_test_db	0	0	0	1	0	11
db/backends/base/creation.py::BaseDatabaseCreation::_execute_create_test_db	0	0	0	1	0	2
db/backends/base/creation.py::BaseDatabaseCreation::_get_database_display_str	1	0	0	2	1	8
db/backends/base/creation.py::BaseDatabaseCreation::_get_test_db_name	1	0	0	2	1	10
db/backends/base/creation.py::BaseDatabaseCreation::_nodb_cursor	0	0	0	1	0	2
db/backends/base/creation.py::BaseDatabaseCreation::clone_test_db	2	0	0	3	3	18
db/backends/base/creation.py::BaseDatabaseCreation::create_test_db	2	0	0	7	7	69
db/backends/base/creation.py::BaseDatabaseCreation::deserialize_db_from_string	1	0	0	2	1	18
db/backends/base/creation.py::BaseDatabaseCreation::destroy_test_db	2	0	0	6	7	29
db/backends/base/creation.py::BaseDatabaseCreation::get_objects	4	1	8	8	12	18
db/backends/base/creation.py::BaseDatabaseCreation::get_test_db_clone_settings	0	0	0	1	0	9
db/backends/base/creation.py::BaseDatabaseCreation::log	0	0	0	1	0	2
db/backends/base/creation.py::BaseDatabaseCreation::mark_expected_failures_and_skips	3	0	0	6	9	22
db/backends/base/creation.py::BaseDatabaseCreation::serialize_db_to_string	4	1	8	8	12	29
db/backends/base/creation.py::BaseDatabaseCreation::set_as_test_mirror	0	0	0	1	0	6
db/backends/base/creation.py::BaseDatabaseCreation::sql_table_creation_suffix	0	0	0	1	0	5
db/backends/base/creation.py::BaseDatabaseCreation::test_db_signature	0	0	0	1	0	13
db/backends/base/features.py::BaseDatabaseFeatures::__init__	0	0	0	1	0	2
db/backends/base/features.py::BaseDatabaseFeatures::allows_group_by_selected_pks_on_model	1	0	0	2	1	4
db/backends/base/features.py::BaseDatabaseFeatures::supports_explaining_query_execution	0	0	0	1	0	3
db/backends/base/features.py::BaseDatabaseFeatures::supports_transactions	0	0	0	1	0	12
db/backends/base/introspection.py::BaseDatabaseIntrospection::__init__	0	0	0	1	0	2
db/backends/base/introspection.py::BaseDatabaseIntrospection::django_table_names	2	0	0	4	4	25
db/backends/base/introspection.py::BaseDatabaseIntrospection::get_constraints	0	0	0	1	0	20
db/backends/base/introspection.py::BaseDatabaseIntrospection::get_field_type	0	0	0	1	0	9
db/backends/base/introspection.py::BaseDatabaseIntrospection::get_key_columns	0	0	0	1	0	7
db/backends/base/introspection.py::BaseDatabaseIntrospection::get_migratable_models	0	0	0	1	0	9
db/backends/base/introspection.py::BaseDatabaseIntrospection::get_names	0	0	0	2	1	3
db/backends/base/introspection.py::BaseDatabaseIntrospection::get_primary_key_column	2	0	0	3	3	8
db/backends/base/introspection.py::BaseDatabaseIntrospection::get_relations	0	0	0	1	0	10
db/backends/base/introspection.py::BaseDatabaseIntrospection::get_sequences	0	0	0	1	0	7
db/backends/base/introspection.py::BaseDatabaseIntrospection::get_table_description	0	0	0	1	0	9
db/backends/base/introspection.py::BaseDatabaseIntrospection::get_table_list	0	0	0	1	0	6
db/backends/base/introspection.py::BaseDatabaseIntrospection::identifier_converter	0	0	0	1	0	7
db/backends/base/introspection.py::BaseDatabaseIntrospection::installed_models	0	0	0	1	0	10
db/backends/base/introspection.py::BaseDatabaseIntrospection::sequence_list	3	0	0	7	11	20
db/backends/base/introspection.py::BaseDatabaseIntrospection::table_names	1	0	0	3	2	14
db/backends/base/operations.py::BaseDatabaseOperations::__init__	0	0	0	1	0	3
db/backends/base/operations.py::BaseDatabaseOperations::_get_limit_offset_params	1	0	0	3	3	7
db/backends/base/operations.py::BaseDatabaseOperations::adapt_datefield_value	1	0	0	2	1	8
db/backends/base/operations.py::BaseDatabaseOperations::adapt_datetimefield_value	1	0	0	2	1	8
db/backends/base/operations.py::BaseDatabaseOperations::adapt_decimalfield_value	0	0	0	1	0	6
db/backends/base/operations.py::BaseDatabaseOperations::adapt_ipaddressfield_value	0	0	0	2	1	6
db/backends/base/operations.py::BaseDatabaseOperations::adapt_timefield_value	1	0	0	3	2	10
db/backends/base/operations.py::BaseDatabaseOperations::adapt_unknown_value	1	0	0	2	5	18
db/backends/base/operations.py::BaseDatabaseOperations::autoinc_sql	0	0	0	1	0	8
db/backends/base/operations.py::BaseDatabaseOperations::binary_placeholder_sql	0	0	0	1	0	6
db/backends/base/operations.py::BaseDatabaseOperations::bulk_batch_size	0	0	0	1	0	7
db/backends/base/operations.py::BaseDatabaseOperations::cache_key_culling_sql	0	0	0	1	0	9
db/backends/base/operations.py::BaseDatabaseOperations::check_expression_support	0	0	0	1	0	10
db/backends/base/operations.py::BaseDatabaseOperations::combine_duration_expression	0	0	0	1	0	2
db/backends/base/operations.py::BaseDatabaseOperations::combine_expression	0	0	0	1	0	9
db/backends/base/operations.py::BaseDatabaseOperations::compiler	1	0	0	2	1	9
db/backends/base/operations.py::BaseDatabaseOperations::conditional_expression_supported_in_where_clause	0	0	0	1	0	6
db/backends/base/operations.py::BaseDatabaseOperations::convert_durationfield_value	1	0	0	2	1	3
db/backends/base/operations.py::BaseDatabaseOperations::date_extract_sql	0	0	0	1	0	6
db/backends/base/operations.py::BaseDatabaseOperations::date_trunc_sql	0	0	0	1	0	10
db/backends/base/operations.py::BaseDatabaseOperations::datetime_cast_date_sql	0	0	0	1	0	8
db/backends/base/operations.py::BaseDatabaseOperations::datetime_cast_time_sql	0	0	0	1	0	5
db/backends/base/operations.py::BaseDatabaseOperations::datetime_extract_sql	0	0	0	1	0	7
db/backends/base/operations.py::BaseDatabaseOperations::datetime_trunc_sql	0	0	0	1	0	7
db/backends/base/operations.py::BaseDatabaseOperations::deferrable_sql	0	0	0	1	0	6
db/backends/base/operations.py::BaseDatabaseOperations::distinct_sql	1	0	0	2	2	10
db/backends/base/operations.py::BaseDatabaseOperations::end_transaction_sql	1	0	0	2	1	5
db/backends/base/operations.py::BaseDatabaseOperations::execute_sql_flush	1	0	0	2	1	9
db/backends/base/operations.py::BaseDatabaseOperations::explain_query_prefix	3	0	0	6	8	14
db/backends/base/operations.py::BaseDatabaseOperations::fetch_returned_insert_columns	0	0	0	1	0	6
db/backends/base/operations.py::BaseDatabaseOperations::field_cast_sql	0	0	0	1	0	8
db/backends/base/operations.py::BaseDatabaseOperations::for_update_sql	1	0	0	5	4	10
db/backends/base/operations.py::BaseDatabaseOperations::force_no_ordering	0	0	0	1	0	6
db/backends/base/operations.py::BaseDatabaseOperations::get_db_converters	0	0	0	1	0	8
db/backends/base/operations.py::BaseDatabaseOperations::ignore_conflicts_suffix_sql	0	0	0	1	0	2
db/backends/base/operations.py::BaseDatabaseOperations::insert_statement	0	0	0	1	0	2
db/backends/base/operations.py::BaseDatabaseOperations::integer_field_range	0	0	0	1	0	7
db/backends/base/operations.py::BaseDatabaseOperations::last_executed_query	1	0	0	2	3	21
db/backends/base/operations.py::BaseDatabaseOperations::last_insert_id	0	0	0	1	0	8
db/backends/base/operations.py::BaseDatabaseOperations::limit_offset_sql	1	0	0	3	2	7
db/backends/base/operations.py::BaseDatabaseOperations::lookup_cast	0	0	0	1	0	7
db/backends/base/operations.py::BaseDatabaseOperations::max_in_list_size	0	0	0	1	0	6
db/backends/base/operations.py::BaseDatabaseOperations::max_name_length	0	0	0	1	0	6
db/backends/base/operations.py::BaseDatabaseOperations::modify_insert_params	0	0	0	1	0	6
db/backends/base/operations.py::BaseDatabaseOperations::no_limit_value	0	0	0	1	0	6
db/backends/base/operations.py::BaseDatabaseOperations::pk_default_value	0	0	0	1	0	6
db/backends/base/operations.py::BaseDatabaseOperations::prep_for_like_query	0	0	0	1	0	3
db/backends/base/operations.py::BaseDatabaseOperations::prepare_sql_script	0	0	0	1	0	13
db/backends/base/operations.py::BaseDatabaseOperations::process_clob	0	0	0	1	0	6
db/backends/base/operations.py::BaseDatabaseOperations::quote_name	0	0	0	1	0	6
db/backends/base/operations.py::BaseDatabaseOperations::regex_lookup	0	0	0	1	0	10
db/backends/base/operations.py::BaseDatabaseOperations::return_insert_columns	0	0	0	1	0	7
db/backends/base/operations.py::BaseDatabaseOperations::savepoint_commit_sql	0	0	0	1	0	5
db/backends/base/operations.py::BaseDatabaseOperations::savepoint_create_sql	0	0	0	1	0	7
db/backends/base/operations.py::BaseDatabaseOperations::savepoint_rollback_sql	0	0	0	1	0	5
db/backends/base/operations.py::BaseDatabaseOperations::sequence_reset_by_name_sql	0	0	0	1	0	9
db/backends/base/operations.py::BaseDatabaseOperations::sequence_reset_sql	0	0	0	1	0	9
db/backends/base/operations.py::BaseDatabaseOperations::set_time_zone_sql	0	0	0	1	0	7
db/backends/base/operations.py::BaseDatabaseOperations::sql_flush	0	0	0	1	0	17
db/backends/base/operations.py::BaseDatabaseOperations::start_transaction_sql	0	0	0	1	0	3
db/backends/base/operations.py::BaseDatabaseOperations::subtract_temporals	1	0	0	2	1	6
db/backends/base/operations.py::BaseDatabaseOperations::tablespace_sql	0	0	0	1	0	10
db/backends/base/operations.py::BaseDatabaseOperations::time_extract_sql	0	0	0	1	0	6
db/backends/base/operations.py::BaseDatabaseOperations::time_trunc_sql	0	0	0	1	0	10
db/backends/base/operations.py::BaseDatabaseOperations::to_string	0	0	0	1	0	2
db/backends/base/operations.py::BaseDatabaseOperations::unification_cast_sql	0	0	0	1	0	7
db/backends/base/operations.py::BaseDatabaseOperations::validate_autopk_value	0	0	0	1	0	7
db/backends/base/operations.py::BaseDatabaseOperations::window_frame_end	2	0	0	3	5	9
db/backends/base/operations.py::BaseDatabaseOperations::window_frame_range_start_end	1	0	0	6	5	11
db/backends/base/operations.py::BaseDatabaseOperations::window_frame_rows_start_end	1	0	0	2	1	7
db/backends/base/operations.py::BaseDatabaseOperations::window_frame_start	2	0	0	3	5	9
db/backends/base/operations.py::BaseDatabaseOperations::year_lookup_bounds_for_date_field	0	0	0	1	0	13
db/backends/base/operations.py::BaseDatabaseOperations::year_lookup_bounds_for_datetime_field	1	0	0	2	1	17
db/backends/base/schema.py::BaseDatabaseSchemaEditor::__enter__	1	0	0	2	1	6
db/backends/base/schema.py::BaseDatabaseSchemaEditor::__exit__	2	0	0	4	4	6
db/backends/base/schema.py::BaseDatabaseSchemaEditor::__init__	1	0	0	3	2	6
db/backends/base/schema.py::BaseDatabaseSchemaEditor::_alter_column_collation_sql	1	0	0	2	1	9
db/backends/base/schema.py::BaseDatabaseSchemaEditor::_alter_column_default_sql	1	0	0	3	3	30
db/backends/base/schema.py::BaseDatabaseSchemaEditor::_alter_column_null_sql	2	0	0	4	5	21
db/backends/base/schema.py::BaseDatabaseSchemaEditor::_alter_column_type_sql	0	0	0	1	0	20
db/backends/base/schema.py::BaseDatabaseSchemaEditor::_alter_field	3	0	0	79	97	254
db/backends/base/schema.py::BaseDatabaseSchemaEditor::_alter_many_to_many	1	0	0	2	1	20
db/backends/base/schema.py::BaseDatabaseSchemaEditor::_check_sql	0	0	0	1	0	5
db/backends/base/schema.py::BaseDatabaseSchemaEditor::_collate_sql	0	0	0	1	0	2
db/backends/base/schema.py::BaseDatabaseSchemaEditor::_column_default_sql	0	0	0	1	0	6
db/backends/base/schema.py::BaseDatabaseSchemaEditor::_constraint_names	3	0	0	19	33	29
db/backends/base/schema.py::BaseDatabaseSchemaEditor::_create_check_sql	0	0	0	1	0	7
db/backends/base/schema.py::BaseDatabaseSchemaEditor::_create_fk_sql	0	0	0	1	0	16
db/backends/base/schema.py::BaseDatabaseSchemaEditor::_create_index_name	1	0	0	6	5	28
db/backends/base/schema.py::BaseDatabaseSchemaEditor::_create_index_sql	1	0	0	3	2	29
db/backends/base/schema.py::BaseDatabaseSchemaEditor::_create_primary_key_sql	0	0	0	1	0	9
db/backends/base/schema.py::BaseDatabaseSchemaEditor::_create_unique_sql	1	0	0	11	10	36
db/backends/base/schema.py::BaseDatabaseSchemaEditor::_deferrable_constraint_sql	1	0	0	4	3	7
db/backends/base/schema.py::BaseDatabaseSchemaEditor::_delete_check_sql	0	0	0	1	0	2
db/backends/base/schema.py::BaseDatabaseSchemaEditor::_delete_composed_index	1	0	0	2	1	15
db/backends/base/schema.py::BaseDatabaseSchemaEditor::_delete_constraint_sql	0	0	0	1	0	6
db/backends/base/schema.py::BaseDatabaseSchemaEditor::_delete_fk_sql	0	0	0	1	0	2
db/backends/base/schema.py::BaseDatabaseSchemaEditor::_delete_index_sql	0	0	0	2	1	6
db/backends/base/schema.py::BaseDatabaseSchemaEditor::_delete_primary_key	1	0	0	4	3	9
db/backends/base/schema.py::BaseDatabaseSchemaEditor::_delete_primary_key_sql	0	0	0	1	0	2
db/backends/base/schema.py::BaseDatabaseSchemaEditor::_delete_unique_sql	1	0	0	10	8	18
db/backends/base/schema.py::BaseDatabaseSchemaEditor::_effective_default	2	0	0	7	13	21
db/backends/base/schema.py::BaseDatabaseSchemaEditor::_field_became_primary_key	0	0	0	2	1	2
db/backends/base/schema.py::BaseDatabaseSchemaEditor::_field_indexes_sql	1	0	0	2	1	8
db/backends/base/schema.py::BaseDatabaseSchemaEditor::_field_should_be_altered	1	0	0	3	2	28
db/backends/base/schema.py::BaseDatabaseSchemaEditor::_field_should_be_indexed	0	0	0	2	1	2
db/backends/base/schema.py::BaseDatabaseSchemaEditor::_fk_constraint_name	0	0	0	1	0	12
db/backends/base/schema.py::BaseDatabaseSchemaEditor::_get_index_tablespace_sql	2	0	0	5	6	9
db/backends/base/schema.py::BaseDatabaseSchemaEditor::_index_columns	0	0	0	1	0	2
db/backends/base/schema.py::BaseDatabaseSchemaEditor::_index_condition_sql	1	0	0	2	1	4
db/backends/base/schema.py::BaseDatabaseSchemaEditor::_index_include_sql	1	0	0	3	2	7
db/backends/base/schema.py::BaseDatabaseSchemaEditor::_model_indexes_sql	1	0	0	7	5	18
db/backends/base/schema.py::BaseDatabaseSchemaEditor::_rename_field_sql	0	0	0	1	0	7
db/backends/base/schema.py::BaseDatabaseSchemaEditor::_unique_should_be_added	0	0	0	5	3	4
db/backends/base/schema.py::BaseDatabaseSchemaEditor::_unique_sql	2	0	0	7	6	31
db/backends/base/schema.py::BaseDatabaseSchemaEditor::add_constraint	1	0	0	2	1	5
db/backends/base/schema.py::BaseDatabaseSchemaEditor::add_field	3	0	0	13	15	56
db/backends/base/schema.py::BaseDatabaseSchemaEditor::add_index	0	0	0	1	0	3
db/backends/base/schema.py::BaseDatabaseSchemaEditor::alter_db_table	2	0	0	6	6	14
db/backends/base/schema.py::BaseDatabaseSchemaEditor::alter_db_tablespace	0	0	0	1	0	7
db/backends/base/schema.py::BaseDatabaseSchemaEditor::alter_field	1	0	0	17	13	42
db/backends/base/schema.py::BaseDatabaseSchemaEditor::alter_index_together	1	0	0	3	2	20
db/backends/base/schema.py::BaseDatabaseSchemaEditor::alter_unique_together	1	0	0	3	2	15
db/backends/base/schema.py::BaseDatabaseSchemaEditor::column_sql	3	0	0	17	20	52
db/backends/base/schema.py::BaseDatabaseSchemaEditor::create_fk_name	0	0	0	1	0	2
db/backends/base/schema.py::BaseDatabaseSchemaEditor::create_index_name	1	0	0	2	1	5
db/backends/base/schema.py::BaseDatabaseSchemaEditor::create_model	2	0	0	4	4	16
db/backends/base/schema.py::BaseDatabaseSchemaEditor::create_unique_name	0	0	0	1	0	2
db/backends/base/schema.py::BaseDatabaseSchemaEditor::delete_model	2	0	0	6	7	15
db/backends/base/schema.py::BaseDatabaseSchemaEditor::effective_default	0	0	0	1	0	3
db/backends/base/schema.py::BaseDatabaseSchemaEditor::execute	2	0	0	7	9	22
db/backends/base/schema.py::BaseDatabaseSchemaEditor::prepare_default	0	0	0	1	0	8
db/backends/base/schema.py::BaseDatabaseSchemaEditor::quote_name	0	0	0	1	0	2
db/backends/base/schema.py::BaseDatabaseSchemaEditor::quote_value	0	0	0	1	0	9
db/backends/base/schema.py::BaseDatabaseSchemaEditor::remove_constraint	1	0	0	2	1	5
db/backends/base/schema.py::BaseDatabaseSchemaEditor::remove_field	2	0	0	10	11	29
db/backends/base/schema.py::BaseDatabaseSchemaEditor::remove_index	0	0	0	1	0	3
db/backends/base/schema.py::BaseDatabaseSchemaEditor::remove_procedure	0	0	0	1	0	6
db/backends/base/schema.py::BaseDatabaseSchemaEditor::skip_default	0	0	0	1	0	6
db/backends/base/schema.py::BaseDatabaseSchemaEditor::table_sql	3	0	0	13	23	56
db/backends/base/schema.py::_all_related_fields	0	0	0	1	0	2
db/backends/base/schema.py::_is_relevant_relation	1	0	0	4	3	14
db/backends/base/schema.py::_related_non_m2m_objects	0	0	0	1	0	7
db/backends/base/validation.py::BaseDatabaseValidation::__init__	0	0	0	1	0	2
db/backends/base/validation.py::BaseDatabaseValidation::check	0	0	0	1	0	2
db/backends/base/validation.py::BaseDatabaseValidation::check_field	3	0	0	5	7	17
db/backends/ddl_references.py::Columns::__init__	0	0	0	1	0	4
db/backends/ddl_references.py::Columns::__str__	1	0	0	3	2	12
db/backends/ddl_references.py::Columns::col_str	1	0	0	3	2	9
db/backends/ddl_references.py::ForeignKeyName::__init__	0	0	0	1	0	5
db/backends/ddl_references.py::ForeignKeyName::__str__	0	0	0	1	0	6
db/backends/ddl_references.py::ForeignKeyName::references_column	0	0	0	2	1	5
db/backends/ddl_references.py::ForeignKeyName::references_table	0	0	0	2	1	2
db/backends/ddl_references.py::ForeignKeyName::rename_column_references	0	0	0	1	0	3
db/backends/ddl_references.py::ForeignKeyName::rename_table_references	0	0	0	1	0	3
db/backends/ddl_references.py::IndexColumns::__init__	0	0	0	1	0	3
db/backends/ddl_references.py::IndexColumns::__str__	1	0	0	3	2	14
db/backends/ddl_references.py::IndexColumns::col_str	1	0	0	3	2	11
db/backends/ddl_references.py::IndexName::__init__	0	0	0	1	0	4
db/backends/ddl_references.py::IndexName::__str__	0	0	0	1	0	2
db/backends/ddl_references.py::Reference::__repr__	0	0	0	1	0	2
db/backends/ddl_references.py::Reference::__str__	0	0	0	1	0	2
db/backends/ddl_references.py::Reference::references_column	0	0	0	1	0	5
db/backends/ddl_references.py::Reference::references_table	0	0	0	1	0	5
db/backends/ddl_references.py::Reference::rename_column_references	0	0	0	1	0	5
db/backends/ddl_references.py::Reference::rename_table_references	0	0	0	1	0	5
db/backends/ddl_references.py::Statement::__init__	0	0	0	1	0	3
db/backends/ddl_references.py::Statement::__str__	0	0	0	1	0	2
db/backends/ddl_references.py::Statement::references_column	0	0	0	2	1	5
db/backends/ddl_references.py::Statement::references_table	0	0	0	2	1	5
db/backends/ddl_references.py::Statement::rename_column_references	2	0	0	3	3	4
db/backends/ddl_references.py::Statement::rename_table_references	2	0	0	3	3	4
db/backends/ddl_references.py::Table::__init__	0	0	0	1	0	3
db/backends/ddl_references.py::Table::__str__	0	0	0	1	0	2
db/backends/ddl_references.py::Table::references_table	0	0	0	1	0	2
db/backends/ddl_references.py::Table::rename_table_references	1	0	0	2	1	3
db/backends/ddl_references.py::TableColumns::__init__	0	0	0	1	0	3
db/backends/ddl_references.py::TableColumns::references_column	0	0	0	2	1	2
db/backends/ddl_references.py::TableColumns::rename_column_references	3	0	0	4	6	5
db/backends/dummy/base.py::DatabaseWrapper::is_usable	0	0	0	1	0	2
db/backends/dummy/base.py::complain	0	0	0	1	0	4
db/backends/dummy/base.py::ignore	0	0	0	1	0	2
db/backends/mysql/base.py::CursorWrapper::__getattr__	0	0	0	1	0	2
db/backends/mysql/base.py::CursorWrapper::__init__	0	0	0	1	0	2
db/backends/mysql/base.py::CursorWrapper::__iter__	0	0	0	1	0	2
db/backends/mysql/base.py::CursorWrapper::execute	2	0	0	3	3	10
db/backends/mysql/base.py::CursorWrapper::executemany	2	0	0	3	3	9
db/backends/mysql/base.py::DatabaseWrapper::_rollback	1	0	0	2	1	5
db/backends/mysql/base.py::DatabaseWrapper::_set_autocommit	0	0	0	1	0	3
db/backends/mysql/base.py::DatabaseWrapper::check_constraints	3	0	0	6	9	39
db/backends/mysql/base.py::DatabaseWrapper::create_cursor	0	0	0	1	0	3
db/backends/mysql/base.py::DatabaseWrapper::data_type_check_constraints	2	0	0	4	4	13
db/backends/mysql/base.py::DatabaseWrapper::disable_constraint_checking	0	0	0	1	0	9
db/backends/mysql/base.py::DatabaseWrapper::display_name	1	0	0	2	1	2
db/backends/mysql/base.py::DatabaseWrapper::enable_constraint_checking	0	0	0	1	0	12
db/backends/mysql/base.py::DatabaseWrapper::get_connection_params	2	0	0	8	9	36
db/backends/mysql/base.py::DatabaseWrapper::get_new_connection	0	0	0	1	0	2
db/backends/mysql/base.py::DatabaseWrapper::init_connection_state	1	0	0	4	3	15
db/backends/mysql/base.py::DatabaseWrapper::is_usable	1	0	0	2	2	7
db/backends/mysql/base.py::DatabaseWrapper::mysql_is_mariadb	0	0	0	1	0	2
db/backends/mysql/base.py::DatabaseWrapper::mysql_server_data	0	0	0	1	0	22
db/backends/mysql/base.py::DatabaseWrapper::mysql_server_info	0	0	0	1	0	2
db/backends/mysql/base.py::DatabaseWrapper::mysql_version	1	0	0	2	1	5
db/backends/mysql/base.py::DatabaseWrapper::sql_mode	1	0	0	2	1	3
db/backends/mysql/client.py::DatabaseClient::settings_to_cmd_args_env	2	0	0	12	13	50
db/backends/mysql/compiler.py::SQLCompiler::as_subquery_condition	0	0	0	1	0	5
db/backends/mysql/compiler.py::SQLDeleteCompiler::as_sql	1	0	0	4	3	21
db/backends/mysql/compiler.py::SQLUpdateCompiler::as_sql	2	0	0	4	5	17
db/backends/mysql/creation.py::DatabaseCreation::_clone_db	1	0	0	2	1	11
db/backends/mysql/creation.py::DatabaseCreation::_clone_test_db	2	0	0	5	7	25
db/backends/mysql/creation.py::DatabaseCreation::_execute_create_test_db	2	0	0	4	5	10
db/backends/mysql/creation.py::DatabaseCreation::sql_table_creation_suffix	1	0	0	3	2	8
db/backends/mysql/features.py::DatabaseFeatures::_mysql_storage_engine	0	0	0	1	0	3
db/backends/mysql/features.py::DatabaseFeatures::allows_auto_pk_0	0	0	0	1	0	6
db/backends/mysql/features.py::DatabaseFeatures::can_introspect_check_constraints	1	0	0	4	3	5
db/backends/mysql/features.py::DatabaseFeatures::can_introspect_foreign_keys	0	0	0	1	0	3
db/backends/mysql/features.py::DatabaseFeatures::can_introspect_json_field	1	0	0	3	2	4
db/backends/mysql/features.py::DatabaseFeatures::can_return_columns_from_insert	0	0	0	2	1	2
db/backends/mysql/features.py::DatabaseFeatures::django_test_skips	1	0	0	7	6	44
db/backends/mysql/features.py::DatabaseFeatures::has_select_for_update_nowait	1	0	0	2	1	4
db/backends/mysql/features.py::DatabaseFeatures::has_select_for_update_of	0	0	0	2	1	2
db/backends/mysql/features.py::DatabaseFeatures::has_select_for_update_skip_locked	0	0	0	2	1	2
db/backends/mysql/features.py::DatabaseFeatures::has_zoneinfo_database	0	0	0	1	0	2
db/backends/mysql/features.py::DatabaseFeatures::ignores_table_name_case	0	0	0	1	0	2
db/backends/mysql/features.py::DatabaseFeatures::introspected_field_types	0	0	0	1	0	8
db/backends/mysql/features.py::DatabaseFeatures::is_sql_auto_is_null_enabled	0	0	0	1	0	2
db/backends/mysql/features.py::DatabaseFeatures::supported_explain_formats	1	0	0	3	2	7
db/backends/mysql/features.py::DatabaseFeatures::supports_column_check_constraints	1	0	0	2	1	4
db/backends/mysql/features.py::DatabaseFeatures::supports_default_in_lead_lag	0	0	0	1	0	3
db/backends/mysql/features.py::DatabaseFeatures::supports_explain_analyze	0	0	0	2	1	2
db/backends/mysql/features.py::DatabaseFeatures::supports_index_column_ordering	0	0	0	2	1	5
db/backends/mysql/features.py::DatabaseFeatures::supports_json_field	1	0	0	2	1	4
db/backends/mysql/features.py::DatabaseFeatures::supports_over_clause	1	0	0	2	1	4
db/backends/mysql/features.py::DatabaseFeatures::supports_transactions	0	0	0	1	0	5
db/backends/mysql/features.py::DatabaseFeatures::update_can_self_select	0	0	0	2	1	2
db/backends/mysql/introspection.py::DatabaseIntrospection::_parse_constraint_columns	2	0	0	5	4	12
db/backends/mysql/introspection.py::DatabaseIntrospection::get_constraints	3	0	0	18	36	111
db/backends/mysql/introspection.py::DatabaseIntrospection::get_field_type	2	0	0	6	11	21
db/backends/mysql/introspection.py::DatabaseIntrospection::get_key_columns	0	0	0	1	0	15
db/backends/mysql/introspection.py::DatabaseIntrospection::get_relations	1	0	0	2	1	10
db/backends/mysql/introspection.py::DatabaseIntrospection::get_sequences	2	0	0	3	3	6
db/backends/mysql/introspection.py::DatabaseIntrospection::get_storage_engine	1	0	0	2	1	13
db/backends/mysql/introspection.py::DatabaseIntrospection::get_table_description	1	0	0	9	8	70
db/backends/mysql/introspection.py::DatabaseIntrospection::get_table_list	0	0	0	1	0	5
db/backends/mysql/introspection.py::DatabaseIntrospection::to_int	1	0	0	2	1	2
db/backends/mysql/operations.py::DatabaseOperations::_convert_field_to_tz	1	0	0	4	2	8
db/backends/mysql/operations.py::DatabaseOperations::_prepare_tzname_delta	1	0	0	2	2	6
db/backends/mysql/operations.py::DatabaseOperations::adapt_datetimefield_value	2	0	0	5	6	15
db/backends/mysql/operations.py::DatabaseOperations::adapt_timefield_value	1	0	0	4	3	13
db/backends/mysql/operations.py::DatabaseOperations::binary_placeholder_sql	1	0	0	3	2	2
db/backends/mysql/operations.py::DatabaseOperations::bulk_insert_sql	0	0	0	1	0	4
db/backends/mysql/operations.py::DatabaseOperations::combine_expression	2	0	0	3	5	12
db/backends/mysql/operations.py::DatabaseOperations::convert_booleanfield_value	1	0	0	2	1	4
db/backends/mysql/operations.py::DatabaseOperations::convert_datetimefield_value	1	0	0	2	1	4
db/backends/mysql/operations.py::DatabaseOperations::convert_uuidfield_value	1	0	0	2	1	4
db/backends/mysql/operations.py::DatabaseOperations::date_extract_sql	1	0	0	2	5	20
db/backends/mysql/operations.py::DatabaseOperations::date_trunc_sql	1	0	0	2	4	19
db/backends/mysql/operations.py::DatabaseOperations::datetime_cast_date_sql	0	0	0	1	0	3
db/backends/mysql/operations.py::DatabaseOperations::datetime_cast_time_sql	0	0	0	1	0	3
db/backends/mysql/operations.py::DatabaseOperations::datetime_extract_sql	0	0	0	1	0	3
db/backends/mysql/operations.py::DatabaseOperations::datetime_trunc_sql	1	0	0	4	4	25
db/backends/mysql/operations.py::DatabaseOperations::explain_query_prefix	2	0	0	10	11	16
db/backends/mysql/operations.py::DatabaseOperations::fetch_returned_insert_rows	0	0	0	1	0	6
db/backends/mysql/operations.py::DatabaseOperations::force_no_ordering	0	0	0	1	0	7
db/backends/mysql/operations.py::DatabaseOperations::format_for_duration_arithmetic	0	0	0	1	0	2
db/backends/mysql/operations.py::DatabaseOperations::get_db_converters	2	0	0	3	5	11
db/backends/mysql/operations.py::DatabaseOperations::insert_statement	1	0	0	2	1	2
db/backends/mysql/operations.py::DatabaseOperations::last_executed_query	0	0	0	1	0	6
db/backends/mysql/operations.py::DatabaseOperations::lookup_cast	2	0	0	4	4	9
db/backends/mysql/operations.py::DatabaseOperations::max_name_length	0	0	0	1	0	2
db/backends/mysql/operations.py::DatabaseOperations::no_limit_value	0	0	0	1	0	3
db/backends/mysql/operations.py::DatabaseOperations::pk_default_value	0	0	0	1	0	2
db/backends/mysql/operations.py::DatabaseOperations::quote_name	1	0	0	3	2	4
db/backends/mysql/operations.py::DatabaseOperations::regex_lookup	2	0	0	5	5	10
db/backends/mysql/operations.py::DatabaseOperations::return_insert_columns	1	0	0	2	1	12
db/backends/mysql/operations.py::DatabaseOperations::sequence_reset_by_name_sql	0	0	0	1	0	9
db/backends/mysql/operations.py::DatabaseOperations::sql_flush	1	0	0	3	3	26
db/backends/mysql/operations.py::DatabaseOperations::subtract_temporals	2	0	0	3	3	16
db/backends/mysql/operations.py::DatabaseOperations::time_trunc_sql	1	0	0	2	2	12
db/backends/mysql/operations.py::DatabaseOperations::validate_autopk_value	1	0	0	3	2	7
db/backends/mysql/schema.py::DatabaseSchemaEditor::_alter_column_type_sql	0	0	0	1	0	3
db/backends/mysql/schema.py::DatabaseSchemaEditor::_column_default_sql	1	0	0	4	2	10
db/backends/mysql/schema.py::DatabaseSchemaEditor::_delete_composed_index	2	0	0	3	3	17
db/backends/mysql/schema.py::DatabaseSchemaEditor::_field_should_be_indexed	1	0	0	6	3	14
db/backends/mysql/schema.py::DatabaseSchemaEditor::_is_limited_data_type	0	0	0	2	1	3
db/backends/mysql/schema.py::DatabaseSchemaEditor::_rename_field_sql	0	0	0	1	0	3
db/backends/mysql/schema.py::DatabaseSchemaEditor::_set_field_new_type_null_status	1	0	0	2	2	10
db/backends/mysql/schema.py::DatabaseSchemaEditor::_supports_limited_data_type_defaults	1	0	0	2	1	6
db/backends/mysql/schema.py::DatabaseSchemaEditor::add_field	1	0	0	3	2	11
db/backends/mysql/schema.py::DatabaseSchemaEditor::quote_value	1	0	0	4	3	9
db/backends/mysql/schema.py::DatabaseSchemaEditor::skip_default	1	0	0	2	1	4
db/backends/mysql/schema.py::DatabaseSchemaEditor::sql_delete_check	1	0	0	2	1	7
db/backends/mysql/schema.py::DatabaseSchemaEditor::sql_rename_column	2	0	0	3	4	9
db/backends/mysql/validation.py::DatabaseValidation::_check_sql_mode	1	0	0	2	1	20
db/backends/mysql/validation.py::DatabaseValidation::check	0	0	0	1	0	4
db/backends/mysql/validation.py::DatabaseValidation::check_field_type	1	0	0	7	5	37
db/backends/oracle/base.py::DatabaseWrapper::__init__	0	0	0	1	0	4
db/backends/oracle/base.py::DatabaseWrapper::_commit	1	0	0	2	1	4
db/backends/oracle/base.py::DatabaseWrapper::_savepoint_commit	1	0	0	2	1	6
db/backends/oracle/base.py::DatabaseWrapper::_set_autocommit	0	0	0	1	0	3
db/backends/oracle/base.py::DatabaseWrapper::check_constraints	0	0	0	1	0	8
db/backends/oracle/base.py::DatabaseWrapper::create_cursor	0	0	0	1	0	2
db/backends/oracle/base.py::DatabaseWrapper::cx_oracle_version	0	0	0	1	0	2
db/backends/oracle/base.py::DatabaseWrapper::get_connection_params	1	0	0	2	1	5
db/backends/oracle/base.py::DatabaseWrapper::get_new_connection	0	0	0	1	0	7
db/backends/oracle/base.py::DatabaseWrapper::init_connection_state	2	0	0	5	6	39
db/backends/oracle/base.py::DatabaseWrapper::is_usable	1	0	0	2	2	7
db/backends/oracle/base.py::DatabaseWrapper::oracle_version	0	0	0	1	0	3
db/backends/oracle/base.py::FormatStylePlaceholderCursor::__getattr__	0	0	0	1	0	2
db/backends/oracle/base.py::FormatStylePlaceholderCursor::__init__	0	0	0	1	0	3
db/backends/oracle/base.py::FormatStylePlaceholderCursor::__iter__	0	0	0	1	0	2
db/backends/oracle/base.py::FormatStylePlaceholderCursor::_fix_for_params	1	0	0	5	7	33
db/backends/oracle/base.py::FormatStylePlaceholderCursor::_format_params	1	0	0	2	1	5
db/backends/oracle/base.py::FormatStylePlaceholderCursor::_get_decimal_converter	2	0	0	2	1	6
db/backends/oracle/base.py::FormatStylePlaceholderCursor::_guess_input_sizes	4	2	4	10	24	19
db/backends/oracle/base.py::FormatStylePlaceholderCursor::_output_number_converter	1	0	0	2	1	2
db/backends/oracle/base.py::FormatStylePlaceholderCursor::_output_type_handler	3	0	0	4	9	31
db/backends/oracle/base.py::FormatStylePlaceholderCursor::_param_generator	1	0	0	2	2	6
db/backends/oracle/base.py::FormatStylePlaceholderCursor::arrayvar	0	0	0	1	0	2
db/backends/oracle/base.py::FormatStylePlaceholderCursor::close	1	0	0	2	1	6
db/backends/oracle/base.py::FormatStylePlaceholderCursor::execute	0	0	0	1	0	5
db/backends/oracle/base.py::FormatStylePlaceholderCursor::executemany	1	0	0	2	1	13
db/backends/oracle/base.py::FormatStylePlaceholderCursor::var	0	0	0	1	0	2
db/backends/oracle/base.py::OracleParam::__init__	2	0	0	8	14	34
db/backends/oracle/base.py::VariableWrapper::__getattr__	0	0	0	1	0	2
db/backends/oracle/base.py::VariableWrapper::__init__	0	0	0	1	0	2
db/backends/oracle/base.py::VariableWrapper::__setattr__	1	0	0	2	2	5
db/backends/oracle/base.py::VariableWrapper::bind_parameter	0	0	0	1	0	2
db/backends/oracle/base.py::_UninitializedOperatorsDescriptor::__get__	1	0	0	2	1	9
db/backends/oracle/base.py::_setup_environment	2	0	0	4	6	15
db/backends/oracle/base.py::wrap_oracle_errors	2	0	0	7	5	23
db/backends/oracle/client.py::DatabaseClient::connect_string	0	0	0	1	0	8
db/backends/oracle/client.py::DatabaseClient::settings_to_cmd_args_env	1	0	0	2	1	7
db/backends/oracle/creation.py::DatabaseCreation::_create_test_db	5	7	23	22	64	71
db/backends/oracle/creation.py::DatabaseCreation::_create_test_user	2	0	0	8	8	32
db/backends/oracle/creation.py::DatabaseCreation::_destroy_test_db	2	0	0	5	6	19
db/backends/oracle/creation.py::DatabaseCreation::_destroy_test_user	1	0	0	2	1	8
db/backends/oracle/creation.py::DatabaseCreation::_execute_allow_fail_statements	2	0	0	5	5	16
db/backends/oracle/creation.py::DatabaseCreation::_execute_statements	3	0	0	6	9	11
db/backends/oracle/creation.py::DatabaseCreation::_execute_test_db_creation	1	0	0	4	4	32
db/backends/oracle/creation.py::DatabaseCreation::_execute_test_db_destruction	1	0	0	2	1	8
db/backends/oracle/creation.py::DatabaseCreation::_get_test_db_name	0	0	0	1	0	7
db/backends/oracle/creation.py::DatabaseCreation::_get_test_db_params	0	0	0	1	0	16
db/backends/oracle/creation.py::DatabaseCreation::_handle_objects_preventing_db_destruction	3	0	0	9	20	36
db/backends/oracle/creation.py::DatabaseCreation::_maindb_connection	0	0	0	3	2	14
db/backends/oracle/creation.py::DatabaseCreation::_switch_to_test_user	0	0	0	1	0	19
db/backends/oracle/creation.py::DatabaseCreation::_test_database_create	0	0	0	1	0	2
db/backends/oracle/creation.py::DatabaseCreation::_test_database_name	0	0	0	1	0	2
db/backends/oracle/creation.py::DatabaseCreation::_test_database_oracle_managed_files	0	0	0	1	0	2
db/backends/oracle/creation.py::DatabaseCreation::_test_database_passwd	1	0	0	3	2	6
db/backends/oracle/creation.py::DatabaseCreation::_test_database_tblspace	0	0	0	1	0	2
db/backends/oracle/creation.py::DatabaseCreation::_test_database_tblspace_datafile	0	0	0	1	0	3
db/backends/oracle/creation.py::DatabaseCreation::_test_database_tblspace_extsize	0	0	0	1	0	2
db/backends/oracle/creation.py::DatabaseCreation::_test_database_tblspace_maxsize	0	0	0	1	0	2
db/backends/oracle/creation.py::DatabaseCreation::_test_database_tblspace_size	0	0	0	1	0	2
db/backends/oracle/creation.py::DatabaseCreation::_test_database_tblspace_tmp	0	0	0	1	0	4
db/backends/oracle/creation.py::DatabaseCreation::_test_database_tblspace_tmp_datafile	0	0	0	1	0	3
db/backends/oracle/creation.py::DatabaseCreation::_test_database_tblspace_tmp_extsize	0	0	0	1	0	2
db/backends/oracle/creation.py::DatabaseCreation::_test_database_tblspace_tmp_maxsize	0	0	0	1	0	2
db/backends/oracle/creation.py::DatabaseCreation::_test_database_tblspace_tmp_size	0	0	0	1	0	2
db/backends/oracle/creation.py::DatabaseCreation::_test_database_user	0	0	0	1	0	2
db/backends/oracle/creation.py::DatabaseCreation::_test_settings_get	1	0	0	3	2	10
db/backends/oracle/creation.py::DatabaseCreation::_test_user_create	0	0	0	1	0	2
db/backends/oracle/creation.py::DatabaseCreation::set_as_test_mirror	0	0	0	1	0	7
db/backends/oracle/creation.py::DatabaseCreation::test_db_signature	0	0	0	1	0	9
db/backends/oracle/features.py::DatabaseFeatures::has_json_object_function	0	0	0	1	0	3
db/backends/oracle/features.py::DatabaseFeatures::introspected_field_types	0	0	0	1	0	10
db/backends/oracle/features.py::DatabaseFeatures::supports_collation_on_charfield	2	0	0	3	3	9
db/backends/oracle/functions.py::IntervalToSeconds::__init__	0	0	0	2	1	2
db/backends/oracle/functions.py::SecondsToInterval::__init__	0	0	0	2	1	2
db/backends/oracle/introspection.py::DatabaseIntrospection::data_types_reverse	1	0	0	2	2	31
db/backends/oracle/introspection.py::DatabaseIntrospection::get_constraints	2	0	0	5	5	101
db/backends/oracle/introspection.py::DatabaseIntrospection::get_field_type	4	1	1	7	18	20
db/backends/oracle/introspection.py::DatabaseIntrospection::get_key_columns	0	0	0	1	0	13
db/backends/oracle/introspection.py::DatabaseIntrospection::get_primary_key_column	1	0	0	2	1	15
db/backends/oracle/introspection.py::DatabaseIntrospection::get_relations	0	0	0	1	0	20
db/backends/oracle/introspection.py::DatabaseIntrospection::get_sequences	2	0	0	4	4	30
db/backends/oracle/introspection.py::DatabaseIntrospection::get_table_description	1	0	0	5	4	58
db/backends/oracle/introspection.py::DatabaseIntrospection::get_table_list	0	0	0	1	0	17
db/backends/oracle/introspection.py::DatabaseIntrospection::identifier_converter	0	0	0	1	0	3
db/backends/oracle/operations.py::DatabaseOperations::__foreign_key_constraints	1	0	0	2	2	32
db/backends/oracle/operations.py::DatabaseOperations::_convert_field_to_tz	1	0	0	5	4	15
db/backends/oracle/operations.py::DatabaseOperations::_foreign_key_constraints	0	0	0	1	0	4
db/backends/oracle/operations.py::DatabaseOperations::_get_no_autofield_sequence_name	0	0	0	1	0	7
db/backends/oracle/operations.py::DatabaseOperations::_get_sequence_name	1	0	0	2	1	8
db/backends/oracle/operations.py::DatabaseOperations::_prepare_tzname_delta	1	0	0	2	2	6
db/backends/oracle/operations.py::DatabaseOperations::adapt_datefield_value	0	0	0	1	0	8
db/backends/oracle/operations.py::DatabaseOperations::adapt_datetimefield_value	2	0	0	5	6	25
db/backends/oracle/operations.py::DatabaseOperations::adapt_decimalfield_value	0	0	0	1	0	2
db/backends/oracle/operations.py::DatabaseOperations::adapt_timefield_value	1	0	0	5	4	17
db/backends/oracle/operations.py::DatabaseOperations::bulk_batch_size	1	0	0	2	1	5
db/backends/oracle/operations.py::DatabaseOperations::bulk_insert_sql	3	0	0	5	9	20
db/backends/oracle/operations.py::DatabaseOperations::cache_key_culling_sql	0	0	0	1	0	2
db/backends/oracle/operations.py::DatabaseOperations::combine_expression	1	0	0	2	7	17
db/backends/oracle/operations.py::DatabaseOperations::conditional_expression_supported_in_where_clause	1	0	0	6	5	12
db/backends/oracle/operations.py::DatabaseOperations::convert_binaryfield_value	1	0	0	2	1	4
db/backends/oracle/operations.py::DatabaseOperations::convert_booleanfield_value	1	0	0	2	1	4
db/backends/oracle/operations.py::DatabaseOperations::convert_datefield_value	1	0	0	2	1	4
db/backends/oracle/operations.py::DatabaseOperations::convert_datetimefield_value	1	0	0	2	1	4
db/backends/oracle/operations.py::DatabaseOperations::convert_empty_bytes	1	0	0	2	1	2
db/backends/oracle/operations.py::DatabaseOperations::convert_empty_string	1	0	0	2	1	2
db/backends/oracle/operations.py::DatabaseOperations::convert_textfield_value	1	0	0	2	1	4
db/backends/oracle/operations.py::DatabaseOperations::convert_timefield_value	1	0	0	2	1	4
db/backends/oracle/operations.py::DatabaseOperations::convert_uuidfield_value	1	0	0	2	1	4
db/backends/oracle/operations.py::DatabaseOperations::date_extract_sql	1	0	0	2	6	16
db/backends/oracle/operations.py::DatabaseOperations::date_trunc_sql	1	0	0	2	4	11
db/backends/oracle/operations.py::DatabaseOperations::datetime_cast_date_sql	0	0	0	1	0	3
db/backends/oracle/operations.py::DatabaseOperations::datetime_cast_time_sql	0	0	0	1	0	4
db/backends/oracle/operations.py::DatabaseOperations::datetime_extract_sql	0	0	0	1	0	3
db/backends/oracle/operations.py::DatabaseOperations::datetime_trunc_sql	1	0	0	2	7	18
db/backends/oracle/operations.py::DatabaseOperations::deferrable_sql	0	0	0	1	0	2
db/backends/oracle/operations.py::DatabaseOperations::fetch_returned_insert_columns	2	0	0	5	6	15
db/backends/oracle/operations.py::DatabaseOperations::field_cast_sql	1	0	0	4	3	5
db/backends/oracle/operations.py::DatabaseOperations::get_db_converters	2	0	0	5	12	28
db/backends/oracle/operations.py::DatabaseOperations::last_executed_query	2	0	0	4	6	14
db/backends/oracle/operations.py::DatabaseOperations::last_insert_id	0	0	0	1	0	4
db/backends/oracle/operations.py::DatabaseOperations::limit_offset_sql	1	0	0	3	2	6
db/backends/oracle/operations.py::DatabaseOperations::lookup_cast	1	0	0	4	3	6
db/backends/oracle/operations.py::DatabaseOperations::max_in_list_size	0	0	0	1	0	2
db/backends/oracle/operations.py::DatabaseOperations::max_name_length	0	0	0	1	0	2
db/backends/oracle/operations.py::DatabaseOperations::no_limit_value	0	0	0	1	0	2
db/backends/oracle/operations.py::DatabaseOperations::pk_default_value	0	0	0	1	0	2
db/backends/oracle/operations.py::DatabaseOperations::prep_for_iexact_query	0	0	0	1	0	2
db/backends/oracle/operations.py::DatabaseOperations::process_clob	1	0	0	2	1	4
db/backends/oracle/operations.py::DatabaseOperations::quote_name	1	0	0	3	2	12
db/backends/oracle/operations.py::DatabaseOperations::regex_lookup	1	0	0	2	2	6
db/backends/oracle/operations.py::DatabaseOperations::return_insert_columns	1	0	0	3	2	15
db/backends/oracle/operations.py::DatabaseOperations::sequence_reset_by_name_sql	1	0	0	3	2	15
db/backends/oracle/operations.py::DatabaseOperations::sequence_reset_sql	3	0	0	4	6	20
db/backends/oracle/operations.py::DatabaseOperations::sql_flush	3	0	0	6	8	52
db/backends/oracle/operations.py::DatabaseOperations::start_transaction_sql	0	0	0	1	0	2
db/backends/oracle/operations.py::DatabaseOperations::subtract_temporals	1	0	0	2	1	7
db/backends/oracle/operations.py::DatabaseOperations::tablespace_sql	1	0	0	2	2	5
db/backends/oracle/operations.py::DatabaseOperations::time_trunc_sql	1	0	0	2	3	12
db/backends/oracle/schema.py::DatabaseSchemaEditor::_alter_column_collation_sql	1	0	0	2	1	4
db/backends/oracle/schema.py::DatabaseSchemaEditor::_alter_column_type_sql	1	0	0	4	2	10
db/backends/oracle/schema.py::DatabaseSchemaEditor::_alter_field_type_workaround	2	0	0	4	6	45
db/backends/oracle/schema.py::DatabaseSchemaEditor::_drop_identity	0	0	0	1	0	5
db/backends/oracle/schema.py::DatabaseSchemaEditor::_field_should_be_indexed	1	0	0	3	2	6
db/backends/oracle/schema.py::DatabaseSchemaEditor::_generate_temp_name	0	0	0	1	0	4
db/backends/oracle/schema.py::DatabaseSchemaEditor::_get_default_collation	0	0	0	1	0	6
db/backends/oracle/schema.py::DatabaseSchemaEditor::_is_identity_column	1	0	0	2	1	11
db/backends/oracle/schema.py::DatabaseSchemaEditor::_unique_should_be_added	0	0	0	2	1	5
db/backends/oracle/schema.py::DatabaseSchemaEditor::alter_field	2	0	0	5	8	21
db/backends/oracle/schema.py::DatabaseSchemaEditor::delete_model	0	0	0	1	0	15
db/backends/oracle/schema.py::DatabaseSchemaEditor::normalize_name	1	0	0	3	2	9
db/backends/oracle/schema.py::DatabaseSchemaEditor::prepare_default	0	0	0	1	0	2
db/backends/oracle/schema.py::DatabaseSchemaEditor::quote_value	2	0	0	3	7	11
db/backends/oracle/schema.py::DatabaseSchemaEditor::remove_field	1	0	0	2	1	6
db/backends/oracle/utils.py::InsertVar::__init__	0	0	0	1	0	4
db/backends/oracle/utils.py::InsertVar::bind_parameter	0	0	0	1	0	3
db/backends/oracle/utils.py::InsertVar::get_value	0	0	0	1	0	2
db/backends/oracle/utils.py::Oracle_datetime::from_datetime	0	0	0	1	0	5
db/backends/oracle/utils.py::dsn	1	0	0	3	2	5
db/backends/oracle/validation.py::DatabaseValidation::check_field_type	1	0	0	3	2	17
db/backends/postgresql/base.py::CursorDebugWrapper::copy_expert	0	0	0	1	0	3
db/backends/postgresql/base.py::CursorDebugWrapper::copy_to	0	0	0	1	0	3
db/backends/postgresql/base.py::DatabaseWrapper::_nodb_cursor	3	0	0	5	7	24
db/backends/postgresql/base.py::DatabaseWrapper::_set_autocommit	0	0	0	1	0	3
db/backends/postgresql/base.py::DatabaseWrapper::check_constraints	0	0	0	1	0	8
db/backends/postgresql/base.py::DatabaseWrapper::chunked_cursor	1	0	0	4	5	30
db/backends/postgresql/base.py::DatabaseWrapper::create_cursor	1	0	0	3	3	9
db/backends/postgresql/base.py::DatabaseWrapper::ensure_timezone	1	0	0	4	3	10
db/backends/postgresql/base.py::DatabaseWrapper::get_connection_params	1	0	0	9	8	31
db/backends/postgresql/base.py::DatabaseWrapper::get_new_connection	2	0	0	3	3	22
db/backends/postgresql/base.py::DatabaseWrapper::init_connection_state	2	0	0	3	3	8
db/backends/postgresql/base.py::DatabaseWrapper::is_usable	1	0	0	2	2	9
db/backends/postgresql/base.py::DatabaseWrapper::make_debug_cursor	0	0	0	1	0	2
db/backends/postgresql/base.py::DatabaseWrapper::pg_version	0	0	0	1	0	3
db/backends/postgresql/base.py::DatabaseWrapper::tzinfo_factory	0	0	0	1	0	2
db/backends/postgresql/base.py::psycopg2_version	0	0	0	1	0	3
db/backends/postgresql/client.py::DatabaseClient::runshell	0	0	0	1	0	9
db/backends/postgresql/client.py::DatabaseClient::settings_to_cmd_args_env	1	0	0	10	9	35
db/backends/postgresql/creation.py::DatabaseCreation::_clone_test_db	2	0	0	4	5	25
db/backends/postgresql/creation.py::DatabaseCreation::_database_exists	0	0	0	1	0	3
db/backends/postgresql/creation.py::DatabaseCreation::_execute_create_test_db	2	0	0	5	6	16
db/backends/postgresql/creation.py::DatabaseCreation::_get_database_create_suffix	1	0	0	4	3	7
db/backends/postgresql/creation.py::DatabaseCreation::_quote_name	0	0	0	1	0	2
db/backends/postgresql/creation.py::DatabaseCreation::sql_table_creation_suffix	0	0	0	1	0	9
db/backends/postgresql/features.py::DatabaseFeatures::introspected_field_types	0	0	0	1	0	7
db/backends/postgresql/features.py::DatabaseFeatures::is_postgresql_10	0	0	0	1	0	2
db/backends/postgresql/features.py::DatabaseFeatures::is_postgresql_11	0	0	0	1	0	2
db/backends/postgresql/features.py::DatabaseFeatures::is_postgresql_12	0	0	0	1	0	2
db/backends/postgresql/features.py::DatabaseFeatures::is_postgresql_13	0	0	0	1	0	2
db/backends/postgresql/features.py::DatabaseFeatures::test_collations	1	0	0	2	1	8
db/backends/postgresql/introspection.py::DatabaseIntrospection::get_constraints	3	0	0	10	16	93
db/backends/postgresql/introspection.py::DatabaseIntrospection::get_field_type	2	0	0	4	6	10
db/backends/postgresql/introspection.py::DatabaseIntrospection::get_key_columns	0	0	0	1	0	15
db/backends/postgresql/introspection.py::DatabaseIntrospection::get_relations	0	0	0	1	0	6
db/backends/postgresql/introspection.py::DatabaseIntrospection::get_sequences	0	0	0	1	0	18
db/backends/postgresql/introspection.py::DatabaseIntrospection::get_table_description	0	0	0	1	0	39
db/backends/postgresql/introspection.py::DatabaseIntrospection::get_table_list	1	0	0	2	1	12
db/backends/postgresql/operations.py::DatabaseOperations::_convert_field_to_tz	1	0	0	3	2	4
db/backends/postgresql/operations.py::DatabaseOperations::_prepare_tzname_delta	1	0	0	2	2	6
db/backends/postgresql/operations.py::DatabaseOperations::adapt_datefield_value	0	0	0	1	0	2
db/backends/postgresql/operations.py::DatabaseOperations::adapt_datetimefield_value	0	0	0	1	0	2
db/backends/postgresql/operations.py::DatabaseOperations::adapt_decimalfield_value	0	0	0	1	0	2
db/backends/postgresql/operations.py::DatabaseOperations::adapt_ipaddressfield_value	1	0	0	2	1	4
db/backends/postgresql/operations.py::DatabaseOperations::adapt_timefield_value	0	0	0	1	0	2
db/backends/postgresql/operations.py::DatabaseOperations::bulk_insert_sql	0	0	0	1	0	4
db/backends/postgresql/operations.py::DatabaseOperations::date_extract_sql	1	0	0	2	4	11
db/backends/postgresql/operations.py::DatabaseOperations::date_trunc_sql	0	0	0	1	0	4
db/backends/postgresql/operations.py::DatabaseOperations::datetime_cast_date_sql	0	0	0	1	0	3
db/backends/postgresql/operations.py::DatabaseOperations::datetime_cast_time_sql	0	0	0	1	0	3
db/backends/postgresql/operations.py::DatabaseOperations::datetime_extract_sql	0	0	0	1	0	3
db/backends/postgresql/operations.py::DatabaseOperations::datetime_trunc_sql	0	0	0	1	0	4
db/backends/postgresql/operations.py::DatabaseOperations::deferrable_sql	0	0	0	1	0	2
db/backends/postgresql/operations.py::DatabaseOperations::distinct_sql	1	0	0	2	2	6
db/backends/postgresql/operations.py::DatabaseOperations::explain_query_prefix	2	0	0	5	5	13
db/backends/postgresql/operations.py::DatabaseOperations::fetch_returned_insert_rows	0	0	0	1	0	6
db/backends/postgresql/operations.py::DatabaseOperations::ignore_conflicts_suffix_sql	1	0	0	2	1	2
db/backends/postgresql/operations.py::DatabaseOperations::last_executed_query	1	0	0	2	1	6
db/backends/postgresql/operations.py::DatabaseOperations::lookup_cast	2	0	0	4	6	18
db/backends/postgresql/operations.py::DatabaseOperations::max_name_length	0	0	0	1	0	12
db/backends/postgresql/operations.py::DatabaseOperations::no_limit_value	0	0	0	1	0	2
db/backends/postgresql/operations.py::DatabaseOperations::prep_for_iexact_query	0	0	0	1	0	2
db/backends/postgresql/operations.py::DatabaseOperations::prepare_sql_script	0	0	0	1	0	2
db/backends/postgresql/operations.py::DatabaseOperations::quote_name	1	0	0	3	2	4
db/backends/postgresql/operations.py::DatabaseOperations::return_insert_columns	1	0	0	2	1	10
db/backends/postgresql/operations.py::DatabaseOperations::sequence_reset_by_name_sql	1	0	0	3	2	15
db/backends/postgresql/operations.py::DatabaseOperations::sequence_reset_sql	3	0	0	4	6	28
db/backends/postgresql/operations.py::DatabaseOperations::set_time_zone_sql	0	0	0	1	0	2
db/backends/postgresql/operations.py::DatabaseOperations::sql_flush	1	0	0	4	3	15
db/backends/postgresql/operations.py::DatabaseOperations::subtract_temporals	1	0	0	2	1	7
db/backends/postgresql/operations.py::DatabaseOperations::tablespace_sql	1	0	0	2	2	5
db/backends/postgresql/operations.py::DatabaseOperations::time_trunc_sql	0	0	0	1	0	3
db/backends/postgresql/operations.py::DatabaseOperations::unification_cast_sql	1	0	0	2	1	12
db/backends/postgresql/schema.py::DatabaseSchemaEditor::_alter_column_type_sql	2	0	0	5	8	82
db/backends/postgresql/schema.py::DatabaseSchemaEditor::_alter_field	2	0	0	18	17	27
db/backends/postgresql/schema.py::DatabaseSchemaEditor::_create_index_sql	1	0	0	2	1	11
db/backends/postgresql/schema.py::DatabaseSchemaEditor::_create_like_index_sql	2	0	0	6	8	31
db/backends/postgresql/schema.py::DatabaseSchemaEditor::_delete_index_sql	1	0	0	2	1	3
db/backends/postgresql/schema.py::DatabaseSchemaEditor::_field_base_data_types	1	0	0	2	2	6
db/backends/postgresql/schema.py::DatabaseSchemaEditor::_field_data_type	1	0	0	2	1	7
db/backends/postgresql/schema.py::DatabaseSchemaEditor::_field_indexes_sql	1	0	0	2	1	6
db/backends/postgresql/schema.py::DatabaseSchemaEditor::_index_columns	1	0	0	2	1	4
db/backends/postgresql/schema.py::DatabaseSchemaEditor::add_index	0	0	0	1	0	2
db/backends/postgresql/schema.py::DatabaseSchemaEditor::quote_value	1	0	0	3	2	8
db/backends/postgresql/schema.py::DatabaseSchemaEditor::remove_index	0	0	0	1	0	2
db/backends/sqlite3/base.py::DatabaseWrapper::_savepoint_allowed	0	0	0	1	0	7
db/backends/sqlite3/base.py::DatabaseWrapper::_set_autocommit	1	0	0	2	2	11
db/backends/sqlite3/base.py::DatabaseWrapper::_start_transaction_under_autocommit	0	0	0	1	0	8
db/backends/sqlite3/base.py::DatabaseWrapper::check_constraints	4	1	9	9	21	75
db/backends/sqlite3/base.py::DatabaseWrapper::close	1	0	0	2	1	7
db/backends/sqlite3/base.py::DatabaseWrapper::create_cursor	0	0	0	1	0	2
db/backends/sqlite3/base.py::DatabaseWrapper::disable_constraint_checking	0	0	0	1	0	8
db/backends/sqlite3/base.py::DatabaseWrapper::enable_constraint_checking	0	0	0	1	0	3
db/backends/sqlite3/base.py::DatabaseWrapper::get_connection_params	1	0	0	4	3	29
db/backends/sqlite3/base.py::DatabaseWrapper::get_new_connection	2	0	0	2	2	61
db/backends/sqlite3/base.py::DatabaseWrapper::init_connection_state	0	0	0	1	0	2
db/backends/sqlite3/base.py::DatabaseWrapper::is_in_memory_db	0	0	0	1	0	2
db/backends/sqlite3/base.py::DatabaseWrapper::is_usable	0	0	0	1	0	2
db/backends/sqlite3/base.py::SQLiteCursorWrapper::convert_query	0	0	0	1	0	2
db/backends/sqlite3/base.py::SQLiteCursorWrapper::execute	1	0	0	2	1	5
db/backends/sqlite3/base.py::SQLiteCursorWrapper::executemany	0	0	0	1	0	3
db/backends/sqlite3/base.py::_sqlite_date_trunc	1	0	0	3	6	16
db/backends/sqlite3/base.py::_sqlite_datetime_cast_date	1	0	0	2	1	5
db/backends/sqlite3/base.py::_sqlite_datetime_cast_time	1	0	0	2	1	5
db/backends/sqlite3/base.py::_sqlite_datetime_extract	1	0	0	3	7	16
db/backends/sqlite3/base.py::_sqlite_datetime_parse	4	1	1	9	14	20
db/backends/sqlite3/base.py::_sqlite_datetime_trunc	1	0	0	3	9	22
db/backends/sqlite3/base.py::_sqlite_format_dtdelta	1	0	0	5	5	18
db/backends/sqlite3/base.py::_sqlite_lpad	1	0	0	2	1	4
db/backends/sqlite3/base.py::_sqlite_regexp	0	0	0	1	0	2
db/backends/sqlite3/base.py::_sqlite_rpad	0	0	0	1	0	2
db/backends/sqlite3/base.py::_sqlite_time_diff	0	0	0	1	0	13
db/backends/sqlite3/base.py::_sqlite_time_extract	1	0	0	3	2	8
db/backends/sqlite3/base.py::_sqlite_time_trunc	2	0	0	5	8	17
db/backends/sqlite3/base.py::_sqlite_timestamp_diff	0	0	0	1	0	4
db/backends/sqlite3/base.py::check_sqlite_version	1	0	0	2	1	5
db/backends/sqlite3/base.py::decoder	2	0	0	1	0	5
db/backends/sqlite3/base.py::list_aggregate	0	0	0	1	0	6
db/backends/sqlite3/base.py::none_guard	1	0	0	2	1	11
db/backends/sqlite3/base.py::wrapper	1	0	0	2	1	2
db/backends/sqlite3/client.py::DatabaseClient::settings_to_cmd_args_env	0	0	0	1	0	9
db/backends/sqlite3/creation.py::DatabaseCreation::_clone_test_db	3	0	0	7	14	23
db/backends/sqlite3/creation.py::DatabaseCreation::_create_test_db	4	1	3	9	18	27
db/backends/sqlite3/creation.py::DatabaseCreation::_destroy_test_db	1	0	0	3	2	4
db/backends/sqlite3/creation.py::DatabaseCreation::_get_test_db_name	1	0	0	3	2	5
db/backends/sqlite3/creation.py::DatabaseCreation::get_test_db_clone_settings	1	0	0	2	2	8
db/backends/sqlite3/creation.py::DatabaseCreation::is_in_memory_db	0	0	0	3	2	4
db/backends/sqlite3/creation.py::DatabaseCreation::test_db_signature	1	0	0	2	2	15
db/backends/sqlite3/features.py::DatabaseFeatures::django_test_skips	1	0	0	3	2	29
db/backends/sqlite3/features.py::DatabaseFeatures::introspected_field_types	0	0	0	1	0	8
db/backends/sqlite3/features.py::DatabaseFeatures::supports_atomic_references_rename	1	0	0	3	2	6
db/backends/sqlite3/features.py::DatabaseFeatures::supports_json_field	1	0	0	2	1	8
db/backends/sqlite3/introspection.py::DatabaseIntrospection::_get_column_collations	3	0	0	5	8	23
db/backends/sqlite3/introspection.py::DatabaseIntrospection::_get_foreign_key_constraints	1	0	0	2	1	15
db/backends/sqlite3/introspection.py::DatabaseIntrospection::_parse_column_or_constraint_definition	5	7	24	25	78	89
db/backends/sqlite3/introspection.py::DatabaseIntrospection::_parse_table_constraints	3	0	0	9	18	29
db/backends/sqlite3/introspection.py::DatabaseIntrospection::get_constraints	3	0	0	11	18	78
db/backends/sqlite3/introspection.py::DatabaseIntrospection::get_field_type	1	0	0	4	3	9
db/backends/sqlite3/introspection.py::DatabaseIntrospection::get_key_columns	2	0	0	4	5	28
db/backends/sqlite3/introspection.py::DatabaseIntrospection::get_primary_key_column	3	0	0	6	8	22
db/backends/sqlite3/introspection.py::DatabaseIntrospection::get_relations	3	0	0	9	17	57
db/backends/sqlite3/introspection.py::DatabaseIntrospection::get_sequences	0	0	0	1	0	3
db/backends/sqlite3/introspection.py::DatabaseIntrospection::get_table_description	3	0	0	4	6	30
db/backends/sqlite3/introspection.py::DatabaseIntrospection::get_table_list	0	0	0	1	0	9
db/backends/sqlite3/introspection.py::FlexibleFieldLookupDict::__getitem__	0	0	0	1	0	3
db/backends/sqlite3/introspection.py::get_field_size	1	0	0	2	1	4
db/backends/sqlite3/operations.py::DatabaseOperations::__references_graph	0	0	0	1	0	18
db/backends/sqlite3/operations.py::DatabaseOperations::_convert_tznames_to_sql	1	0	0	3	2	4
db/backends/sqlite3/operations.py::DatabaseOperations::_quote_params_for_last_executed_query	2	0	0	3	3	26
db/backends/sqlite3/operations.py::DatabaseOperations::_references_graph	0	0	0	1	0	4
db/backends/sqlite3/operations.py::DatabaseOperations::adapt_datetimefield_value	2	0	0	5	6	16
db/backends/sqlite3/operations.py::DatabaseOperations::adapt_timefield_value	1	0	0	4	3	13
db/backends/sqlite3/operations.py::DatabaseOperations::bulk_batch_size	1	0	0	2	3	14
db/backends/sqlite3/operations.py::DatabaseOperations::bulk_insert_sql	0	0	0	1	0	5
db/backends/sqlite3/operations.py::DatabaseOperations::check_expression_support	3	0	0	8	12	27
db/backends/sqlite3/operations.py::DatabaseOperations::combine_duration_expression	1	0	0	3	2	7
db/backends/sqlite3/operations.py::DatabaseOperations::combine_expression	1	0	0	2	2	8
db/backends/sqlite3/operations.py::DatabaseOperations::convert_booleanfield_value	1	0	0	2	1	2
db/backends/sqlite3/operations.py::DatabaseOperations::convert_datefield_value	2	0	0	3	3	5
db/backends/sqlite3/operations.py::DatabaseOperations::convert_datetimefield_value	2	0	0	5	6	7
db/backends/sqlite3/operations.py::DatabaseOperations::convert_timefield_value	2	0	0	3	3	5
db/backends/sqlite3/operations.py::DatabaseOperations::convert_uuidfield_value	1	0	0	2	1	4
db/backends/sqlite3/operations.py::DatabaseOperations::converter	1	0	0	2	1	3
db/backends/sqlite3/operations.py::DatabaseOperations::date_extract_sql	0	0	0	1	0	7
db/backends/sqlite3/operations.py::DatabaseOperations::date_trunc_sql	0	0	0	1	0	6
db/backends/sqlite3/operations.py::DatabaseOperations::datetime_cast_date_sql	0	0	0	1	0	4
db/backends/sqlite3/operations.py::DatabaseOperations::datetime_cast_time_sql	0	0	0	1	0	4
db/backends/sqlite3/operations.py::DatabaseOperations::datetime_extract_sql	0	0	0	1	0	4
db/backends/sqlite3/operations.py::DatabaseOperations::datetime_trunc_sql	0	0	0	1	0	4
db/backends/sqlite3/operations.py::DatabaseOperations::format_for_duration_arithmetic	0	0	0	1	0	3
db/backends/sqlite3/operations.py::DatabaseOperations::get_db_converters	1	0	0	2	6	16
db/backends/sqlite3/operations.py::DatabaseOperations::get_decimalfield_converter	2	0	0	4	6	15
db/backends/sqlite3/operations.py::DatabaseOperations::insert_statement	1	0	0	2	1	2
db/backends/sqlite3/operations.py::DatabaseOperations::integer_field_range	0	0	0	1	0	3
db/backends/sqlite3/operations.py::DatabaseOperations::last_executed_query	2	0	0	3	5	17
db/backends/sqlite3/operations.py::DatabaseOperations::no_limit_value	0	0	0	1	0	2
db/backends/sqlite3/operations.py::DatabaseOperations::pk_default_value	0	0	0	1	0	2
db/backends/sqlite3/operations.py::DatabaseOperations::quote_name	1	0	0	3	2	4
db/backends/sqlite3/operations.py::DatabaseOperations::sequence_reset_by_name_sql	1	0	0	2	1	17
db/backends/sqlite3/operations.py::DatabaseOperations::sql_flush	1	0	0	4	3	14
db/backends/sqlite3/operations.py::DatabaseOperations::subtract_temporals	1	0	0	2	1	7
db/backends/sqlite3/operations.py::DatabaseOperations::time_extract_sql	0	0	0	1	0	2
db/backends/sqlite3/operations.py::DatabaseOperations::time_trunc_sql	0	0	0	1	0	6
db/backends/sqlite3/schema.py::DatabaseSchemaEditor::__enter__	1	0	0	2	1	12
db/backends/sqlite3/schema.py::DatabaseSchemaEditor::__exit__	0	0	0	1	0	4
db/backends/sqlite3/schema.py::DatabaseSchemaEditor::_alter_field	4	3	6	20	36	35
db/backends/sqlite3/schema.py::DatabaseSchemaEditor::_alter_many_to_many	1	0	0	2	1	34
db/backends/sqlite3/schema.py::DatabaseSchemaEditor::_collate_sql	0	0	0	1	0	2
db/backends/sqlite3/schema.py::DatabaseSchemaEditor::_is_referenced_by_fk_constraint	3	0	0	8	11	18
db/backends/sqlite3/schema.py::DatabaseSchemaEditor::_remake_table	4	1	3	21	30	166
db/backends/sqlite3/schema.py::DatabaseSchemaEditor::add_constraint	1	0	0	3	3	5
db/backends/sqlite3/schema.py::DatabaseSchemaEditor::add_field	1	0	0	3	2	9
db/backends/sqlite3/schema.py::DatabaseSchemaEditor::alter_db_table	2	0	0	5	5	14
db/backends/sqlite3/schema.py::DatabaseSchemaEditor::alter_field	2	0	0	6	6	40
db/backends/sqlite3/schema.py::DatabaseSchemaEditor::delete_model	3	0	0	5	8	12
db/backends/sqlite3/schema.py::DatabaseSchemaEditor::is_self_referential	0	0	0	2	1	2
db/backends/sqlite3/schema.py::DatabaseSchemaEditor::quote_value	1	0	0	4	8	27
db/backends/sqlite3/schema.py::DatabaseSchemaEditor::remove_constraint	1	0	0	3	3	5
db/backends/sqlite3/schema.py::DatabaseSchemaEditor::remove_field	2	0	0	4	6	17
db/backends/utils.py::CursorDebugWrapper::debug_sql	1	0	0	5	4	25
db/backends/utils.py::CursorDebugWrapper::execute	0	0	0	1	0	3
db/backends/utils.py::CursorDebugWrapper::executemany	0	0	0	1	0	3
db/backends/utils.py::CursorWrapper::__enter__	0	0	0	1	0	2
db/backends/utils.py::CursorWrapper::__exit__	1	0	0	2	1	8
db/backends/utils.py::CursorWrapper::__getattr__	1	0	0	2	2	6
db/backends/utils.py::CursorWrapper::__init__	0	0	0	1	0	3
db/backends/utils.py::CursorWrapper::__iter__	0	0	0	1	0	3
db/backends/utils.py::CursorWrapper::_execute	1	0	0	2	2	8
db/backends/utils.py::CursorWrapper::_execute_with_wrappers	1	0	0	2	1	5
db/backends/utils.py::CursorWrapper::_executemany	0	0	0	1	0	4
db/backends/utils.py::CursorWrapper::callproc	1	0	0	6	7	17
db/backends/utils.py::CursorWrapper::execute	0	0	0	1	0	2
db/backends/utils.py::CursorWrapper::executemany	0	0	0	1	0	2
db/backends/utils.py::format_number	1	0	0	4	4	16
db/backends/utils.py::names_digest	1	0	0	2	1	9
db/backends/utils.py::split_identifier	1	0	0	2	1	12
db/backends/utils.py::strip_quotes	1	0	0	3	2	8
db/backends/utils.py::truncate_name	1	0	0	4	3	15
db/backends/utils.py::typecast_date	1	0	0	2	1	2
db/backends/utils.py::typecast_time	1	0	0	3	3	9
db/backends/utils.py::typecast_timestamp	1	0	0	5	6	25
db/migrations/autodetector.py::MigrationAutodetector::__init__	0	0	0	2	1	5
db/migrations/autodetector.py::MigrationAutodetector::_build_migration_list	9	3	50	20	85	86
db/migrations/autodetector.py::MigrationAutodetector::_detect_changes	3	0	0	9	18	96
db/migrations/autodetector.py::MigrationAutodetector::_generate_added_field	2	0	0	12	10	30
db/migrations/autodetector.py::MigrationAutodetector::_generate_altered_foo_together	5	1	4	9	20	36
db/migrations/autodetector.py::MigrationAutodetector::_generate_removed_field	0	0	0	1	0	15
db/migrations/autodetector.py::MigrationAutodetector::_generate_through_model_map	3	0	0	6	7	14
db/migrations/autodetector.py::MigrationAutodetector::_get_dependencies_for_foreign_key	1	0	0	4	4	18
db/migrations/autodetector.py::MigrationAutodetector::_optimize_migrations	2	0	0	7	9	15
db/migrations/autodetector.py::MigrationAutodetector::_prepare_field_lists	0	0	0	1	0	23
db/migrations/autodetector.py::MigrationAutodetector::_resolve_dependency	1	0	0	2	1	9
db/migrations/autodetector.py::MigrationAutodetector::_sort_migrations	6	1	4	7	21	20
db/migrations/autodetector.py::MigrationAutodetector::_trim_to_apps	3	0	0	7	10	24
db/migrations/autodetector.py::MigrationAutodetector::add_operation	1	0	0	3	3	7
db/migrations/autodetector.py::MigrationAutodetector::arrange_for_graph	3	0	0	17	33	49
db/migrations/autodetector.py::MigrationAutodetector::changes	1	0	0	2	1	11
db/migrations/autodetector.py::MigrationAutodetector::check_dependency	1	0	0	24	25	62
db/migrations/autodetector.py::MigrationAutodetector::create_altered_constraints	1	0	0	2	1	17
db/migrations/autodetector.py::MigrationAutodetector::create_altered_indexes	1	0	0	2	1	17
db/migrations/autodetector.py::MigrationAutodetector::deep_deconstruct	2	0	0	3	10	39
db/migrations/autodetector.py::MigrationAutodetector::generate_added_constraints	2	0	0	3	3	10
db/migrations/autodetector.py::MigrationAutodetector::generate_added_fields	1	0	0	2	1	4
db/migrations/autodetector.py::MigrationAutodetector::generate_added_indexes	2	0	0	3	3	10
db/migrations/autodetector.py::MigrationAutodetector::generate_altered_db_table	2	0	0	3	3	16
db/migrations/autodetector.py::MigrationAutodetector::generate_altered_fields	5	2	15	21	43	82
db/migrations/autodetector.py::MigrationAutodetector::generate_altered_index_together	0	0	0	1	0	2
db/migrations/autodetector.py::MigrationAutodetector::generate_altered_managers	2	0	0	3	3	13
db/migrations/autodetector.py::MigrationAutodetector::generate_altered_options	2	0	0	3	3	35
db/migrations/autodetector.py::MigrationAutodetector::generate_altered_order_with_respect_to	3	0	0	4	6	26
db/migrations/autodetector.py::MigrationAutodetector::generate_altered_unique_together	0	0	0	1	0	2
db/migrations/autodetector.py::MigrationAutodetector::generate_created_models	5	3	14	28	67	173
db/migrations/autodetector.py::MigrationAutodetector::generate_created_proxies	3	0	0	5	7	32
db/migrations/autodetector.py::MigrationAutodetector::generate_deleted_models	4	2	5	18	39	88
db/migrations/autodetector.py::MigrationAutodetector::generate_deleted_proxies	1	0	0	2	1	12
db/migrations/autodetector.py::MigrationAutodetector::generate_removed_constraints	2	0	0	3	3	10
db/migrations/autodetector.py::MigrationAutodetector::generate_removed_fields	1	0	0	2	1	4
db/migrations/autodetector.py::MigrationAutodetector::generate_removed_indexes	2	0	0	3	3	10
db/migrations/autodetector.py::MigrationAutodetector::generate_renamed_fields	5	2	22	13	28	37
db/migrations/autodetector.py::MigrationAutodetector::generate_renamed_models	7	1	27	8	28	45
db/migrations/autodetector.py::MigrationAutodetector::only_relation_agnostic_fields	2	0	0	4	4	13
db/migrations/autodetector.py::MigrationAutodetector::parse_number	1	0	0	2	1	9
db/migrations/autodetector.py::MigrationAutodetector::swappable_first_key	1	0	0	6	3	19
db/migrations/exceptions.py::NodeNotFoundError::__init__	0	0	0	1	0	4
db/migrations/exceptions.py::NodeNotFoundError::__repr__	0	0	0	1	0	2
db/migrations/exceptions.py::NodeNotFoundError::__str__	0	0	0	1	0	2
db/migrations/executor.py::MigrationExecutor::__init__	0	0	0	1	0	5
db/migrations/executor.py::MigrationExecutor::_create_project_state	3	0	0	4	6	17
db/migrations/executor.py::MigrationExecutor::_migrate_all_backwards	4	1	2	12	22	60
db/migrations/executor.py::MigrationExecutor::_migrate_all_forwards	4	2	4	7	16	24
db/migrations/executor.py::MigrationExecutor::apply_migration	3	0	0	8	11	23
db/migrations/executor.py::MigrationExecutor::check_replacements	2	0	0	4	4	16
db/migrations/executor.py::MigrationExecutor::detect_soft_applied	4	4	13	22	55	93
db/migrations/executor.py::MigrationExecutor::migrate	2	0	0	5	9	44
db/migrations/executor.py::MigrationExecutor::migration_plan	6	3	12	13	44	41
db/migrations/executor.py::MigrationExecutor::record_migration	2	0	0	3	4	7
db/migrations/executor.py::MigrationExecutor::should_skip_detecting_model	0	0	0	3	1	12
db/migrations/executor.py::MigrationExecutor::unapply_migration	2	0	0	6	7	17
db/migrations/graph.py::DummyNode::__init__	0	0	0	1	0	4
db/migrations/graph.py::DummyNode::raise_error	0	0	0	1	0	2
db/migrations/graph.py::MigrationGraph::__contains__	0	0	0	1	0	2
db/migrations/graph.py::MigrationGraph::__init__	0	0	0	1	0	3
db/migrations/graph.py::MigrationGraph::__repr__	0	0	0	1	0	3
db/migrations/graph.py::MigrationGraph::__str__	0	0	0	1	0	2
db/migrations/graph.py::MigrationGraph::_generate_plan	3	0	0	6	8	7
db/migrations/graph.py::MigrationGraph::_nodes_and_edges	0	0	0	1	0	2
db/migrations/graph.py::MigrationGraph::add_dependency	1	0	0	4	3	22
db/migrations/graph.py::MigrationGraph::add_dummy_node	0	0	0	1	0	4
db/migrations/graph.py::MigrationGraph::add_node	0	0	0	1	0	5
db/migrations/graph.py::MigrationGraph::backwards_plan	1	0	0	2	1	9
db/migrations/graph.py::MigrationGraph::ensure_not_cyclic	4	2	7	6	15	22
db/migrations/graph.py::MigrationGraph::forwards_plan	1	0	0	2	1	9
db/migrations/graph.py::MigrationGraph::iterative_dfs	3	0	0	4	8	16
db/migrations/graph.py::MigrationGraph::leaf_nodes	2	0	0	5	5	13
db/migrations/graph.py::MigrationGraph::make_state	1	0	0	5	4	17
db/migrations/graph.py::MigrationGraph::remove_replaced_nodes	4	2	6	8	18	34
db/migrations/graph.py::MigrationGraph::remove_replacement_node	2	0	0	7	8	35
db/migrations/graph.py::MigrationGraph::root_nodes	2	0	0	5	5	10
db/migrations/graph.py::MigrationGraph::validate_consistency	0	0	0	1	0	3
db/migrations/graph.py::Node::__eq__	0	0	0	1	0	2
db/migrations/graph.py::Node::__getitem__	0	0	0	1	0	2
db/migrations/graph.py::Node::__hash__	0	0	0	1	0	2
db/migrations/graph.py::Node::__init__	0	0	0	1	0	4
db/migrations/graph.py::Node::__lt__	0	0	0	1	0	2
db/migrations/graph.py::Node::__repr__	0	0	0	1	0	2
db/migrations/graph.py::Node::__str__	0	0	0	1	0	2
db/migrations/graph.py::Node::add_child	0	0	0	1	0	2
db/migrations/graph.py::Node::add_parent	0	0	0	1	0	2
db/migrations/loader.py::MigrationLoader::__init__	1	0	0	2	1	11
db/migrations/loader.py::MigrationLoader::add_external_dependencies	2	0	0	6	8	12
db/migrations/loader.py::MigrationLoader::add_internal_dependencies	2	0	0	4	4	9
db/migrations/loader.py::MigrationLoader::build_graph	3	0	0	16	30	80
db/migrations/loader.py::MigrationLoader::check_consistent_history	5	1	3	7	17	25
db/migrations/loader.py::MigrationLoader::check_key	3	0	0	10	15	27
db/migrations/loader.py::MigrationLoader::collect_sql	2	0	0	4	6	17
db/migrations/loader.py::MigrationLoader::detect_conflicts	2	0	0	3	3	13
db/migrations/loader.py::MigrationLoader::get_migration	0	0	0	1	0	3
db/migrations/loader.py::MigrationLoader::get_migration_by_prefix	2	0	0	5	7	17
db/migrations/loader.py::MigrationLoader::load_disk	4	1	7	17	33	65
db/migrations/loader.py::MigrationLoader::migrations_module	1	0	0	2	2	11
db/migrations/loader.py::MigrationLoader::project_state	0	0	0	1	0	8
db/migrations/migration.py::Migration::__eq__	0	0	0	3	1	6
db/migrations/migration.py::Migration::__hash__	0	0	0	1	0	2
db/migrations/migration.py::Migration::__init__	0	0	0	1	0	8
db/migrations/migration.py::Migration::__repr__	0	0	0	1	0	2
db/migrations/migration.py::Migration::__str__	0	0	0	1	0	2
db/migrations/migration.py::Migration::apply	3	0	0	9	15	36
db/migrations/migration.py::Migration::mutate_state	1	0	0	3	2	13
db/migrations/migration.py::Migration::suggest_name	2	0	0	5	6	17
db/migrations/migration.py::Migration::unapply	3	0	0	11	18	50
db/migrations/migration.py::SwappableTuple::__new__	0	0	0	1	0	4
db/migrations/migration.py::swappable_dependency	0	0	0	1	0	3
db/migrations/operations/base.py::Operation::__new__	0	0	0	1	0	5
db/migrations/operations/base.py::Operation::__repr__	0	0	0	1	0	6
db/migrations/operations/base.py::Operation::allow_migrate_model	1	0	0	2	1	11
db/migrations/operations/base.py::Operation::database_backwards	0	0	0	1	0	7
db/migrations/operations/base.py::Operation::database_forwards	0	0	0	1	0	6
db/migrations/operations/base.py::Operation::deconstruct	0	0	0	1	0	11
db/migrations/operations/base.py::Operation::describe	0	0	0	1	0	5
db/migrations/operations/base.py::Operation::migration_name_fragment	0	0	0	1	0	6
db/migrations/operations/base.py::Operation::reduce	1	0	0	2	2	11
db/migrations/operations/base.py::Operation::references_field	0	0	0	1	0	8
db/migrations/operations/base.py::Operation::references_model	0	0	0	1	0	11
db/migrations/operations/base.py::Operation::state_forwards	0	0	0	1	0	6
db/migrations/operations/fields.py::AddField::__init__	0	0	0	1	0	3
db/migrations/operations/fields.py::AddField::database_backwards	1	0	0	2	1	4
db/migrations/operations/fields.py::AddField::database_forwards	2	0	0	4	5	13
db/migrations/operations/fields.py::AddField::deconstruct	1	0	0	2	1	13
db/migrations/operations/fields.py::AddField::describe	0	0	0	1	0	2
db/migrations/operations/fields.py::AddField::migration_name_fragment	0	0	0	1	0	2
db/migrations/operations/fields.py::AddField::reduce	2	0	0	4	6	21
db/migrations/operations/fields.py::AddField::state_forwards	1	0	0	2	2	11
db/migrations/operations/fields.py::AlterField::__init__	0	0	0	1	0	3
db/migrations/operations/fields.py::AlterField::database_backwards	0	0	0	1	0	2
db/migrations/operations/fields.py::AlterField::database_forwards	2	0	0	4	5	11
db/migrations/operations/fields.py::AlterField::deconstruct	1	0	0	2	1	13
db/migrations/operations/fields.py::AlterField::describe	0	0	0	1	0	2
db/migrations/operations/fields.py::AlterField::migration_name_fragment	0	0	0	1	0	2
db/migrations/operations/fields.py::AlterField::reduce	1	0	0	4	4	13
db/migrations/operations/fields.py::AlterField::state_forwards	1	0	0	3	3	19
db/migrations/operations/fields.py::FieldOperation::__init__	0	0	0	1	0	4
db/migrations/operations/fields.py::FieldOperation::is_same_field_operation	0	0	0	2	1	2
db/migrations/operations/fields.py::FieldOperation::is_same_model_operation	0	0	0	1	0	2
db/migrations/operations/fields.py::FieldOperation::model_name_lower	0	0	0	1	0	2
db/migrations/operations/fields.py::FieldOperation::name_lower	0	0	0	1	0	2
db/migrations/operations/fields.py::FieldOperation::reduce	0	0	0	2	1	5
db/migrations/operations/fields.py::FieldOperation::references_field	2	0	0	6	6	17
db/migrations/operations/fields.py::FieldOperation::references_model	1	0	0	3	2	9
db/migrations/operations/fields.py::RemoveField::database_backwards	1	0	0	2	1	5
db/migrations/operations/fields.py::RemoveField::database_forwards	1	0	0	2	1	4
db/migrations/operations/fields.py::RemoveField::deconstruct	0	0	0	1	0	10
db/migrations/operations/fields.py::RemoveField::describe	0	0	0	1	0	2
db/migrations/operations/fields.py::RemoveField::migration_name_fragment	0	0	0	1	0	2
db/migrations/operations/fields.py::RemoveField::reduce	1	0	0	3	2	5
db/migrations/operations/fields.py::RemoveField::state_forwards	0	0	0	1	0	6
db/migrations/operations/fields.py::RenameField::__init__	0	0	0	1	0	4
db/migrations/operations/fields.py::RenameField::database_backwards	1	0	0	2	1	9
db/migrations/operations/fields.py::RenameField::database_forwards	1	0	0	2	1	9
db/migrations/operations/fields.py::RenameField::deconstruct	0	0	0	1	0	11
db/migrations/operations/fields.py::RenameField::describe	0	0	0	1	0	2
db/migrations/operations/fields.py::RenameField::migration_name_fragment	0	0	0	1	0	6
db/migrations/operations/fields.py::RenameField::new_name_lower	0	0	0	1	0	2
db/migrations/operations/fields.py::RenameField::old_name_lower	0	0	0	1	0	2
db/migrations/operations/fields.py::RenameField::reduce	1	0	0	5	3	17
db/migrations/operations/fields.py::RenameField::references_field	0	0	0	3	2	5
db/migrations/operations/fields.py::RenameField::state_forwards	4	1	1	13	26	44
db/migrations/operations/models.py::AddConstraint::__init__	0	0	0	1	0	3
db/migrations/operations/models.py::AddConstraint::database_backwards	1	0	0	2	1	4
db/migrations/operations/models.py::AddConstraint::database_forwards	1	0	0	2	1	4
db/migrations/operations/models.py::AddConstraint::deconstruct	0	0	0	1	0	5
db/migrations/operations/models.py::AddConstraint::describe	0	0	0	1	0	2
db/migrations/operations/models.py::AddConstraint::migration_name_fragment	0	0	0	1	0	2
db/migrations/operations/models.py::AddConstraint::state_forwards	0	0	0	1	0	4
db/migrations/operations/models.py::AddIndex::__init__	1	0	0	2	1	8
db/migrations/operations/models.py::AddIndex::database_backwards	1	0	0	2	1	4
db/migrations/operations/models.py::AddIndex::database_forwards	1	0	0	2	1	4
db/migrations/operations/models.py::AddIndex::deconstruct	0	0	0	1	0	10
db/migrations/operations/models.py::AddIndex::describe	0	0	0	1	0	6
db/migrations/operations/models.py::AddIndex::migration_name_fragment	0	0	0	1	0	2
db/migrations/operations/models.py::AddIndex::state_forwards	0	0	0	1	0	4
db/migrations/operations/models.py::AlterIndexTogether::__init__	0	0	0	1	0	2
db/migrations/operations/models.py::AlterModelManagers::__init__	0	0	0	1	0	3
db/migrations/operations/models.py::AlterModelManagers::database_backwards	0	0	0	1	0	2
db/migrations/operations/models.py::AlterModelManagers::database_forwards	0	0	0	1	0	2
db/migrations/operations/models.py::AlterModelManagers::deconstruct	0	0	0	1	0	6
db/migrations/operations/models.py::AlterModelManagers::describe	0	0	0	1	0	2
db/migrations/operations/models.py::AlterModelManagers::migration_name_fragment	0	0	0	1	0	2
db/migrations/operations/models.py::AlterModelManagers::state_forwards	0	0	0	1	0	4
db/migrations/operations/models.py::AlterModelOptions::__init__	0	0	0	1	0	3
db/migrations/operations/models.py::AlterModelOptions::database_backwards	0	0	0	1	0	2
db/migrations/operations/models.py::AlterModelOptions::database_forwards	0	0	0	1	0	2
db/migrations/operations/models.py::AlterModelOptions::deconstruct	0	0	0	1	0	10
db/migrations/operations/models.py::AlterModelOptions::describe	0	0	0	1	0	2
db/migrations/operations/models.py::AlterModelOptions::migration_name_fragment	0	0	0	1	0	2
db/migrations/operations/models.py::AlterModelOptions::state_forwards	2	0	0	3	3	7
db/migrations/operations/models.py::AlterModelTable::__init__	0	0	0	1	0	3
db/migrations/operations/models.py::AlterModelTable::database_backwards	0	0	0	1	0	2
db/migrations/operations/models.py::AlterModelTable::database_forwards	3	0	0	4	6	17
db/migrations/operations/models.py::AlterModelTable::deconstruct	0	0	0	1	0	10
db/migrations/operations/models.py::AlterModelTable::describe	1	0	0	2	1	5
db/migrations/operations/models.py::AlterModelTable::migration_name_fragment	0	0	0	1	0	2
db/migrations/operations/models.py::AlterModelTable::state_forwards	0	0	0	1	0	3
db/migrations/operations/models.py::AlterOrderWithRespectTo::__init__	0	0	0	1	0	3
db/migrations/operations/models.py::AlterOrderWithRespectTo::database_backwards	0	0	0	1	0	2
db/migrations/operations/models.py::AlterOrderWithRespectTo::database_forwards	3	0	0	6	9	17
db/migrations/operations/models.py::AlterOrderWithRespectTo::deconstruct	0	0	0	1	0	10
db/migrations/operations/models.py::AlterOrderWithRespectTo::describe	0	0	0	1	0	2
db/migrations/operations/models.py::AlterOrderWithRespectTo::migration_name_fragment	0	0	0	1	0	2
db/migrations/operations/models.py::AlterOrderWithRespectTo::references_field	0	0	0	3	2	8
db/migrations/operations/models.py::AlterOrderWithRespectTo::state_forwards	0	0	0	1	0	4
db/migrations/operations/models.py::AlterTogetherOptionOperation::__init__	1	0	0	2	1	5
db/migrations/operations/models.py::AlterTogetherOptionOperation::database_backwards	0	0	0	1	0	2
db/migrations/operations/models.py::AlterTogetherOptionOperation::database_forwards	1	0	0	2	1	10
db/migrations/operations/models.py::AlterTogetherOptionOperation::deconstruct	0	0	0	1	0	10
db/migrations/operations/models.py::AlterTogetherOptionOperation::describe	0	0	0	2	1	2
db/migrations/operations/models.py::AlterTogetherOptionOperation::migration_name_fragment	0	0	0	1	0	2
db/migrations/operations/models.py::AlterTogetherOptionOperation::option_value	0	0	0	1	0	2
db/migrations/operations/models.py::AlterTogetherOptionOperation::references_field	0	0	0	3	2	8
db/migrations/operations/models.py::AlterTogetherOptionOperation::state_forwards	0	0	0	1	0	4
db/migrations/operations/models.py::AlterUniqueTogether::__init__	0	0	0	1	0	2
db/migrations/operations/models.py::CreateModel::__init__	2	0	0	6	6	15
db/migrations/operations/models.py::CreateModel::database_backwards	1	0	0	2	1	4
db/migrations/operations/models.py::CreateModel::database_forwards	1	0	0	2	1	4
db/migrations/operations/models.py::CreateModel::deconstruct	1	0	0	6	5	16
db/migrations/operations/models.py::CreateModel::describe	1	0	0	2	1	2
db/migrations/operations/models.py::CreateModel::migration_name_fragment	0	0	0	1	0	2
db/migrations/operations/models.py::CreateModel::reduce	5	2	11	22	58	124
db/migrations/operations/models.py::CreateModel::references_model	2	0	0	8	8	17
db/migrations/operations/models.py::CreateModel::state_forwards	0	0	0	1	0	9
db/migrations/operations/models.py::DeleteModel::database_backwards	1	0	0	2	1	4
db/migrations/operations/models.py::DeleteModel::database_forwards	1	0	0	2	1	4
db/migrations/operations/models.py::DeleteModel::deconstruct	0	0	0	1	0	9
db/migrations/operations/models.py::DeleteModel::describe	0	0	0	1	0	2
db/migrations/operations/models.py::DeleteModel::migration_name_fragment	0	0	0	1	0	2
db/migrations/operations/models.py::DeleteModel::references_model	0	0	0	1	0	4
db/migrations/operations/models.py::DeleteModel::state_forwards	0	0	0	1	0	2
db/migrations/operations/models.py::IndexOperation::model_name_lower	0	0	0	1	0	2
db/migrations/operations/models.py::ModelOperation::__init__	0	0	0	1	0	2
db/migrations/operations/models.py::ModelOperation::name_lower	0	0	0	1	0	2
db/migrations/operations/models.py::ModelOperation::reduce	0	0	0	2	1	5
db/migrations/operations/models.py::ModelOperation::references_model	0	0	0	1	0	2
db/migrations/operations/models.py::ModelOptionOperation::reduce	1	0	0	3	2	4
db/migrations/operations/models.py::RemoveConstraint::__init__	0	0	0	1	0	3
db/migrations/operations/models.py::RemoveConstraint::database_backwards	1	0	0	2	1	6
db/migrations/operations/models.py::RemoveConstraint::database_forwards	1	0	0	2	1	6
db/migrations/operations/models.py::RemoveConstraint::deconstruct	0	0	0	1	0	5
db/migrations/operations/models.py::RemoveConstraint::describe	0	0	0	1	0	2
db/migrations/operations/models.py::RemoveConstraint::migration_name_fragment	0	0	0	1	0	2
db/migrations/operations/models.py::RemoveConstraint::state_forwards	0	0	0	1	0	5
db/migrations/operations/models.py::RemoveIndex::__init__	0	0	0	1	0	3
db/migrations/operations/models.py::RemoveIndex::database_backwards	1	0	0	2	1	6
db/migrations/operations/models.py::RemoveIndex::database_forwards	1	0	0	2	1	6
db/migrations/operations/models.py::RemoveIndex::deconstruct	0	0	0	1	0	10
db/migrations/operations/models.py::RemoveIndex::describe	0	0	0	1	0	2
db/migrations/operations/models.py::RemoveIndex::migration_name_fragment	0	0	0	1	0	2
db/migrations/operations/models.py::RemoveIndex::state_forwards	0	0	0	1	0	5
db/migrations/operations/models.py::RenameModel::__init__	0	0	0	1	0	4
db/migrations/operations/models.py::RenameModel::database_backwards	0	0	0	1	0	8
db/migrations/operations/models.py::RenameModel::database_forwards	3	0	0	7	13	50
db/migrations/operations/models.py::RenameModel::deconstruct	0	0	0	1	0	10
db/migrations/operations/models.py::RenameModel::describe	0	0	0	1	0	2
db/migrations/operations/models.py::RenameModel::migration_name_fragment	0	0	0	1	0	2
db/migrations/operations/models.py::RenameModel::new_name_lower	0	0	0	1	0	2
db/migrations/operations/models.py::RenameModel::old_name_lower	0	0	0	1	0	2
db/migrations/operations/models.py::RenameModel::reduce	1	0	0	4	3	15
db/migrations/operations/models.py::RenameModel::references_model	0	0	0	2	1	5
db/migrations/operations/models.py::RenameModel::state_forwards	3	0	0	6	10	26
db/migrations/operations/models.py::_check_for_duplicates	2	0	0	3	3	8
db/migrations/operations/special.py::RunPython::__init__	2	0	0	5	6	15
db/migrations/operations/special.py::RunPython::database_backwards	1	0	0	3	2	5
db/migrations/operations/special.py::RunPython::database_forwards	1	0	0	2	1	10
db/migrations/operations/special.py::RunPython::deconstruct	1	0	0	4	3	15
db/migrations/operations/special.py::RunPython::describe	0	0	0	1	0	2
db/migrations/operations/special.py::RunPython::noop	0	0	0	1	0	2
db/migrations/operations/special.py::RunPython::reversible	0	0	0	1	0	2
db/migrations/operations/special.py::RunPython::state_forwards	0	0	0	1	0	4
db/migrations/operations/special.py::RunSQL::__init__	0	0	0	3	2	6
db/migrations/operations/special.py::RunSQL::_run_sql	4	1	4	6	14	15
db/migrations/operations/special.py::RunSQL::database_backwards	1	0	0	3	2	5
db/migrations/operations/special.py::RunSQL::database_forwards	1	0	0	2	1	3
db/migrations/operations/special.py::RunSQL::deconstruct	1	0	0	4	3	15
db/migrations/operations/special.py::RunSQL::describe	0	0	0	1	0	2
db/migrations/operations/special.py::RunSQL::reversible	0	0	0	1	0	2
db/migrations/operations/special.py::RunSQL::state_forwards	1	0	0	2	1	3
db/migrations/operations/special.py::SeparateDatabaseAndState::__init__	0	0	0	3	2	3
db/migrations/operations/special.py::SeparateDatabaseAndState::database_backwards	1	0	0	3	2	14
db/migrations/operations/special.py::SeparateDatabaseAndState::database_forwards	1	0	0	2	1	7
db/migrations/operations/special.py::SeparateDatabaseAndState::deconstruct	1	0	0	3	2	11
db/migrations/operations/special.py::SeparateDatabaseAndState::describe	0	0	0	1	0	2
db/migrations/operations/special.py::SeparateDatabaseAndState::state_forwards	1	0	0	2	1	3
db/migrations/operations/utils.py::field_is_referenced	0	0	0	1	0	3
db/migrations/operations/utils.py::field_references	2	0	0	16	14	47
db/migrations/operations/utils.py::get_references	3	0	0	4	6	13
db/migrations/operations/utils.py::resolve_relation	3	0	0	7	11	25
db/migrations/optimizer.py::MigrationOptimizer::optimize	2	0	0	4	4	27
db/migrations/optimizer.py::MigrationOptimizer::optimize_inner	4	1	12	5	14	30
db/migrations/questioner.py::InteractiveMigrationQuestioner::_ask_default	3	0	0	8	15	33
db/migrations/questioner.py::InteractiveMigrationQuestioner::_boolean_input	1	0	0	5	4	7
db/migrations/questioner.py::InteractiveMigrationQuestioner::_choice_input	2	0	0	5	7	14
db/migrations/questioner.py::InteractiveMigrationQuestioner::ask_auto_now_add_addition	2	0	0	3	4	18
db/migrations/questioner.py::InteractiveMigrationQuestioner::ask_merge	0	0	0	1	0	7
db/migrations/questioner.py::InteractiveMigrationQuestioner::ask_not_null_addition	2	0	0	3	4	18
db/migrations/questioner.py::InteractiveMigrationQuestioner::ask_not_null_alteration	2	0	0	3	5	24
db/migrations/questioner.py::InteractiveMigrationQuestioner::ask_rename	0	0	0	1	0	5
db/migrations/questioner.py::InteractiveMigrationQuestioner::ask_rename_model	0	0	0	1	0	5
db/migrations/questioner.py::MigrationQuestioner::__init__	0	0	0	3	2	4
db/migrations/questioner.py::MigrationQuestioner::ask_auto_now_add_addition	0	0	0	1	0	4
db/migrations/questioner.py::MigrationQuestioner::ask_initial	2	0	0	7	9	30
db/migrations/questioner.py::MigrationQuestioner::ask_merge	0	0	0	1	0	3
db/migrations/questioner.py::MigrationQuestioner::ask_not_null_addition	0	0	0	1	0	4
db/migrations/questioner.py::MigrationQuestioner::ask_not_null_alteration	0	0	0	1	0	4
db/migrations/questioner.py::MigrationQuestioner::ask_rename	0	0	0	1	0	3
db/migrations/questioner.py::MigrationQuestioner::ask_rename_model	0	0	0	1	0	3
db/migrations/questioner.py::NonInteractiveMigrationQuestioner::ask_auto_now_add_addition	0	0	0	1	0	3
db/migrations/questioner.py::NonInteractiveMigrationQuestioner::ask_not_null_addition	0	0	0	1	0	3
db/migrations/questioner.py::NonInteractiveMigrationQuestioner::ask_not_null_alteration	0	0	0	1	0	3
db/migrations/recorder.py::Migration::__str__	0	0	0	1	0	2
db/migrations/recorder.py::MigrationRecorder::Migration	1	0	0	2	1	21
db/migrations/recorder.py::MigrationRecorder::__init__	0	0	0	1	0	2
db/migrations/recorder.py::MigrationRecorder::applied_migrations	1	0	0	2	2	11
db/migrations/recorder.py::MigrationRecorder::ensure_schema	1	0	0	3	2	12
db/migrations/recorder.py::MigrationRecorder::flush	0	0	0	1	0	3
db/migrations/recorder.py::MigrationRecorder::has_table	0	0	0	1	0	5
db/migrations/recorder.py::MigrationRecorder::migration_qs	0	0	0	1	0	2
db/migrations/recorder.py::MigrationRecorder::record_applied	0	0	0	1	0	4
db/migrations/recorder.py::MigrationRecorder::record_unapplied	0	0	0	1	0	4
db/migrations/serializer.py::BaseSequenceSerializer::_format	0	0	0	1	0	2
db/migrations/serializer.py::BaseSequenceSerializer::serialize	1	0	0	2	1	9
db/migrations/serializer.py::BaseSerializer::__init__	0	0	0	1	0	2
db/migrations/serializer.py::BaseSerializer::serialize	0	0	0	1	0	2
db/migrations/serializer.py::BaseSimpleSerializer::serialize	0	0	0	1	0	2
db/migrations/serializer.py::ChoicesSerializer::serialize	0	0	0	1	0	2
db/migrations/serializer.py::DateTimeSerializer::serialize	0	0	0	1	0	2
db/migrations/serializer.py::DatetimeDatetimeSerializer::serialize	1	0	0	4	3	7
db/migrations/serializer.py::DecimalSerializer::serialize	0	0	0	1	0	2
db/migrations/serializer.py::DeconstructableSerializer::_serialize_path	1	0	0	2	2	9
db/migrations/serializer.py::DeconstructableSerializer::serialize	0	0	0	1	0	2
db/migrations/serializer.py::DeconstructableSerializer::serialize_deconstructed	1	0	0	3	2	12
db/migrations/serializer.py::DictionarySerializer::serialize	1	0	0	2	1	10
db/migrations/serializer.py::EnumSerializer::serialize	0	0	0	1	0	7
db/migrations/serializer.py::FloatSerializer::serialize	1	0	0	3	2	4
db/migrations/serializer.py::FrozensetSerializer::_format	0	0	0	1	0	2
db/migrations/serializer.py::FunctionTypeSerializer::serialize	1	0	0	6	5	19
db/migrations/serializer.py::FunctoolsPartialSerializer::serialize	0	0	0	1	0	16
db/migrations/serializer.py::IterableSerializer::serialize	1	0	0	3	2	11
db/migrations/serializer.py::ModelFieldSerializer::serialize	0	0	0	1	0	3
db/migrations/serializer.py::ModelManagerSerializer::serialize	1	0	0	2	2	7
db/migrations/serializer.py::OperationSerializer::serialize	0	0	0	1	0	5
db/migrations/serializer.py::PathLikeSerializer::serialize	0	0	0	1	0	2
db/migrations/serializer.py::PathSerializer::serialize	1	0	0	2	1	5
db/migrations/serializer.py::RegexSerializer::serialize	1	0	0	2	1	11
db/migrations/serializer.py::SequenceSerializer::_format	0	0	0	1	0	2
db/migrations/serializer.py::Serializer::register	1	0	0	2	1	4
db/migrations/serializer.py::Serializer::unregister	0	0	0	1	0	2
db/migrations/serializer.py::SetSerializer::_format	1	0	0	2	1	4
db/migrations/serializer.py::SettingsReferenceSerializer::serialize	0	0	0	1	0	2
db/migrations/serializer.py::TupleSerializer::_format	1	0	0	2	1	4
db/migrations/serializer.py::TypeSerializer::serialize	2	0	0	5	7	14
db/migrations/serializer.py::UUIDSerializer::serialize	0	0	0	1	0	2
db/migrations/serializer.py::serializer_factory	2	0	0	9	10	27
db/migrations/state.py::AppConfigStub::__init__	0	0	0	1	0	8
db/migrations/state.py::AppConfigStub::import_models	0	0	0	1	0	2
db/migrations/state.py::ModelState::__eq__	0	0	0	8	2	16
db/migrations/state.py::ModelState::__init__	2	0	0	12	15	33
db/migrations/state.py::ModelState::__repr__	0	0	0	1	0	2
db/migrations/state.py::ModelState::clone	0	0	0	1	0	13
db/migrations/state.py::ModelState::construct_managers	2	0	0	3	4	12
db/migrations/state.py::ModelState::flatten_bases	2	0	0	4	5	8
db/migrations/state.py::ModelState::from_model	5	1	3	28	60	127
db/migrations/state.py::ModelState::get_constraint_by_name	2	0	0	3	3	5
db/migrations/state.py::ModelState::get_index_by_name	2	0	0	3	3	5
db/migrations/state.py::ModelState::name_lower	0	0	0	1	0	2
db/migrations/state.py::ModelState::render	1	0	0	3	2	22
db/migrations/state.py::ProjectState::__eq__	0	0	0	2	1	2
db/migrations/state.py::ProjectState::__init__	0	0	0	3	2	5
db/migrations/state.py::ProjectState::_find_reload_model	3	0	0	10	18	47
db/migrations/state.py::ProjectState::_reload	2	0	0	6	8	25
db/migrations/state.py::ProjectState::add_model	1	0	0	2	1	5
db/migrations/state.py::ProjectState::apps	0	0	0	1	0	2
db/migrations/state.py::ProjectState::clear_delayed_apps_cache	1	0	0	3	2	3
db/migrations/state.py::ProjectState::clone	1	0	0	2	1	10
db/migrations/state.py::ProjectState::concrete_apps	0	0	0	1	0	3
db/migrations/state.py::ProjectState::from_apps	1	0	0	2	1	7
db/migrations/state.py::ProjectState::reload_model	1	0	0	2	1	4
db/migrations/state.py::ProjectState::reload_models	2	0	0	3	3	6
db/migrations/state.py::ProjectState::remove_model	1	0	0	2	1	7
db/migrations/state.py::StateApps::__init__	2	0	0	5	5	30
db/migrations/state.py::StateApps::bulk_update	0	0	0	1	0	10
db/migrations/state.py::StateApps::clone	1	0	0	2	1	11
db/migrations/state.py::StateApps::register_model	1	0	0	2	1	8
db/migrations/state.py::StateApps::render_multiple	3	0	0	6	9	25
db/migrations/state.py::StateApps::unregister_model	1	0	0	2	1	6
db/migrations/state.py::_get_app_label_and_model_name	2	0	0	3	4	6
db/migrations/state.py::_get_related_models	2	0	0	7	6	17
db/migrations/state.py::get_related_models_recursive	2	0	0	3	3	20
db/migrations/state.py::get_related_models_tuples	0	0	0	1	0	9
db/migrations/utils.py::RegexObject::__eq__	0	0	0	2	1	2
db/migrations/utils.py::RegexObject::__init__	0	0	0	1	0	3
db/migrations/utils.py::get_migration_name_timestamp	0	0	0	1	0	2
db/migrations/writer.py::MigrationWriter::__init__	0	0	0	1	0	4
db/migrations/writer.py::MigrationWriter::as_string	2	0	0	14	18	71
db/migrations/writer.py::MigrationWriter::basedir	2	0	0	9	14	58
db/migrations/writer.py::MigrationWriter::filename	0	0	0	1	0	2
db/migrations/writer.py::MigrationWriter::path	0	0	0	1	0	2
db/migrations/writer.py::MigrationWriter::register_serializer	0	0	0	1	0	2
db/migrations/writer.py::MigrationWriter::serialize	0	0	0	1	0	2
db/migrations/writer.py::MigrationWriter::unregister_serializer	0	0	0	1	0	2
db/migrations/writer.py::OperationWriter::__init__	0	0	0	1	0	4
db/migrations/writer.py::OperationWriter::_write	5	2	13	12	38	47
db/migrations/writer.py::OperationWriter::feed	0	0	0	1	0	2
db/migrations/writer.py::OperationWriter::indent	0	0	0	1	0	2
db/migrations/writer.py::OperationWriter::render	0	0	0	1	0	2
db/migrations/writer.py::OperationWriter::serialize	5	2	13	16	44	80
db/migrations/writer.py::OperationWriter::unindent	0	0	0	1	0	2
db/models/aggregates.py::Aggregate::__init__	1	0	0	3	2	6
db/models/aggregates.py::Aggregate::_get_repr_options	1	0	0	3	2	7
db/models/aggregates.py::Aggregate::as_sql	2	0	0	4	5	19
db/models/aggregates.py::Aggregate::default_alias	1	0	0	3	2	5
db/models/aggregates.py::Aggregate::get_group_by_cols	0	0	0	1	0	2
db/models/aggregates.py::Aggregate::get_source_expressions	1	0	0	2	1	5
db/models/aggregates.py::Aggregate::get_source_fields	0	0	0	1	0	3
db/models/aggregates.py::Aggregate::resolve_expression	4	1	1	6	11	14
db/models/aggregates.py::Aggregate::set_source_expressions	0	0	0	2	1	3
db/models/aggregates.py::Count::__init__	1	0	0	4	3	6
db/models/aggregates.py::Count::convert_value	1	0	0	2	1	2
db/models/aggregates.py::StdDev::__init__	1	0	0	2	1	3
db/models/aggregates.py::StdDev::_get_repr_options	0	0	0	1	0	2
db/models/aggregates.py::Variance::__init__	1	0	0	2	1	3
db/models/aggregates.py::Variance::_get_repr_options	0	0	0	1	0	2
db/models/base.py::Deferred::__repr__	0	0	0	1	0	2
db/models/base.py::Deferred::__str__	0	0	0	1	0	2
db/models/base.py::Model::__eq__	1	0	0	4	3	9
db/models/base.py::Model::__getstate__	0	0	0	1	0	6
db/models/base.py::Model::__hash__	1	0	0	2	1	4
db/models/base.py::Model::__init__	5	3	14	26	63	100
db/models/base.py::Model::__reduce__	0	0	0	1	0	5
db/models/base.py::Model::__repr__	0	0	0	1	0	2
db/models/base.py::Model::__setstate__	2	0	0	3	4	18
db/models/base.py::Model::__str__	0	0	0	1	0	2
db/models/base.py::Model::_check_column_name_clashes	2	0	0	4	5	23
db/models/base.py::Model::_check_constraints	4	2	10	36	63	131
db/models/base.py::Model::_check_default_pk	1	0	0	4	2	22
db/models/base.py::Model::_check_field_name_clashes	3	0	0	17	19	55
db/models/base.py::Model::_check_fields	1	0	0	3	2	8
db/models/base.py::Model::_check_id_field	1	0	0	5	4	15
db/models/base.py::Model::_check_index_together	2	0	0	3	5	25
db/models/base.py::Model::_check_indexes	2	0	0	13	17	64
db/models/base.py::Model::_check_local_fields	2	0	0	6	10	48
db/models/base.py::Model::_check_long_column_names	3	0	0	18	26	73
db/models/base.py::Model::_check_m2m_through_same_relationship	2	0	0	3	4	30
db/models/base.py::Model::_check_managers	1	0	0	2	1	6
db/models/base.py::Model::_check_model	2	0	0	4	4	11
db/models/base.py::Model::_check_model_name_db_lookup_clashes	1	0	0	3	3	22
db/models/base.py::Model::_check_ordering	4	1	11	20	33	100
db/models/base.py::Model::_check_property_name_related_field_accessor_clashes	2	0	0	4	4	18
db/models/base.py::Model::_check_single_primary_key	1	0	0	2	1	12
db/models/base.py::Model::_check_swappable	2	0	0	4	5	25
db/models/base.py::Model::_check_unique_together	2	0	0	3	5	25
db/models/base.py::Model::_do_insert	0	0	0	1	0	9
db/models/base.py::Model::_do_update	1	0	0	7	6	26
db/models/base.py::Model::_get_FIELD_display	0	0	0	1	0	5
db/models/base.py::Model::_get_expr_references	3	0	0	5	11	14
db/models/base.py::Model::_get_next_or_previous_by_FIELD	1	0	0	5	4	15
db/models/base.py::Model::_get_next_or_previous_in_order	2	0	0	4	5	14
db/models/base.py::Model::_get_pk_val	0	0	0	2	1	3
db/models/base.py::Model::_get_unique_checks	3	0	0	22	40	57
db/models/base.py::Model::_perform_date_checks	2	0	0	7	11	28
db/models/base.py::Model::_perform_unique_checks	3	0	0	13	23	44
db/models/base.py::Model::_prepare_related_fields_for_save	4	1	2	8	18	33
db/models/base.py::Model::_save_parents	3	0	0	8	11	27
db/models/base.py::Model::_save_table	3	0	0	25	29	64
db/models/base.py::Model::_set_pk_val	2	0	0	4	4	5
db/models/base.py::Model::check	2	0	0	4	4	31
db/models/base.py::Model::clean	0	0	0	1	0	8
db/models/base.py::Model::clean_fields	2	0	0	8	10	24
db/models/base.py::Model::date_error_message	0	0	0	1	0	16
db/models/base.py::Model::delete	0	0	0	2	1	10
db/models/base.py::Model::from_db	2	0	0	3	3	11
db/models/base.py::Model::full_clean	3	0	0	10	14	35
db/models/base.py::Model::get_deferred_fields	0	0	0	1	0	8
db/models/base.py::Model::prepare_database_save	1	0	0	2	1	4
db/models/base.py::Model::refresh_from_db	3	0	0	13	22	60
db/models/base.py::Model::save	4	1	2	17	28	56
db/models/base.py::Model::save_base	1	0	0	11	11	48
db/models/base.py::Model::serializable_value	1	0	0	2	1	16
db/models/base.py::Model::unique_error_message	1	0	0	2	2	29
db/models/base.py::Model::validate_unique	1	0	0	3	2	15
db/models/base.py::ModelBase::__new__	7	7	52	56	130	249
db/models/base.py::ModelBase::_base_manager	0	0	0	1	0	2
db/models/base.py::ModelBase::_default_manager	0	0	0	1	0	2
db/models/base.py::ModelBase::_prepare	2	0	0	9	11	45
db/models/base.py::ModelBase::add_to_class	1	0	0	2	2	5
db/models/base.py::ModelStateFieldsCacheDescriptor::__get__	1	0	0	2	1	5
db/models/base.py::_has_contribute_to_class	0	0	0	2	1	3
db/models/base.py::make_foreign_order_accessors	0	0	0	1	0	11
db/models/base.py::method_get_order	0	0	0	1	0	5
db/models/base.py::method_set_order	1	0	0	2	1	8
db/models/base.py::model_unpickle	1	0	0	2	2	8
db/models/base.py::subclass_exception	0	0	0	1	0	12
db/models/constraints.py::BaseConstraint::__init__	0	0	0	1	0	2
db/models/constraints.py::BaseConstraint::clone	0	0	0	1	0	3
db/models/constraints.py::BaseConstraint::constraint_sql	0	0	0	1	0	2
db/models/constraints.py::BaseConstraint::create_sql	0	0	0	1	0	2
db/models/constraints.py::BaseConstraint::deconstruct	0	0	0	1	0	4
db/models/constraints.py::BaseConstraint::remove_sql	0	0	0	1	0	2
db/models/constraints.py::CheckConstraint::__eq__	1	0	0	3	2	4
db/models/constraints.py::CheckConstraint::__init__	1	0	0	2	1	8
db/models/constraints.py::CheckConstraint::__repr__	0	0	0	1	0	2
db/models/constraints.py::CheckConstraint::_get_check_sql	0	0	0	1	0	6
db/models/constraints.py::CheckConstraint::constraint_sql	0	0	0	1	0	3
db/models/constraints.py::CheckConstraint::create_sql	0	0	0	1	0	3
db/models/constraints.py::CheckConstraint::deconstruct	0	0	0	1	0	4
db/models/constraints.py::CheckConstraint::remove_sql	0	0	0	1	0	2
db/models/constraints.py::UniqueConstraint::__eq__	1	0	0	7	2	11
db/models/constraints.py::UniqueConstraint::__init__	1	0	0	15	14	45
db/models/constraints.py::UniqueConstraint::__repr__	1	0	0	5	4	8
db/models/constraints.py::UniqueConstraint::_get_condition_sql	1	0	0	2	1	8
db/models/constraints.py::UniqueConstraint::constraint_sql	0	0	0	1	0	9
db/models/constraints.py::UniqueConstraint::create_sql	0	0	0	1	0	9
db/models/constraints.py::UniqueConstraint::deconstruct	1	0	0	5	4	12
db/models/constraints.py::UniqueConstraint::remove_sql	0	0	0	1	0	7
db/models/deletion.py::CASCADE	1	0	0	3	2	7
db/models/deletion.py::Collector::__init__	0	0	0	1	0	18
db/models/deletion.py::Collector::_has_signal_listeners	0	0	0	2	1	5
db/models/deletion.py::Collector::add	2	0	0	6	6	23
db/models/deletion.py::Collector::add_dependency	1	0	0	2	1	5
db/models/deletion.py::Collector::add_field_update	1	0	0	2	1	9
db/models/deletion.py::Collector::add_restricted_objects	1	0	0	2	1	4
db/models/deletion.py::Collector::can_fast_delete	1	0	0	8	8	35
db/models/deletion.py::Collector::clear_restricted_objects_from_queryset	1	0	0	2	1	7
db/models/deletion.py::Collector::clear_restricted_objects_from_set	1	0	0	2	1	6
db/models/deletion.py::Collector::collect	5	2	7	31	60	131
db/models/deletion.py::Collector::delete	3	0	0	21	32	69
db/models/deletion.py::Collector::get_del_batches	1	0	0	2	2	12
db/models/deletion.py::Collector::instances_with_model	2	0	0	3	3	4
db/models/deletion.py::Collector::related_objects	0	0	0	1	0	9
db/models/deletion.py::Collector::sort	3	0	0	7	12	17
db/models/deletion.py::DO_NOTHING	0	0	0	1	0	2
db/models/deletion.py::PROTECT	0	0	0	1	0	8
db/models/deletion.py::ProtectedError::__init__	0	0	0	1	0	3
db/models/deletion.py::RESTRICT	0	0	0	1	0	3
db/models/deletion.py::RestrictedError::__init__	0	0	0	1	0	3
db/models/deletion.py::SET	2	0	0	2	2	9
db/models/deletion.py::SET_DEFAULT	0	0	0	1	0	2
db/models/deletion.py::SET_NULL	0	0	0	1	0	2
db/models/deletion.py::get_candidate_relations_to_delete	0	0	0	4	2	7
db/models/deletion.py::set_on_delete	0	0	0	1	0	2
db/models/enums.py::Choices::__str__	0	0	0	1	0	6
db/models/enums.py::ChoicesMeta::__contains__	1	0	0	2	1	5
db/models/enums.py::ChoicesMeta::__new__	2	0	0	5	5	25
db/models/enums.py::ChoicesMeta::choices	1	0	0	2	1	3
db/models/enums.py::ChoicesMeta::labels	0	0	0	1	0	2
db/models/enums.py::ChoicesMeta::names	1	0	0	2	1	3
db/models/enums.py::ChoicesMeta::values	0	0	0	1	0	2
db/models/enums.py::TextChoices::_generate_next_value_	0	0	0	1	0	2
db/models/expressions.py::BaseExpression::__eq__	1	0	0	2	1	4
db/models/expressions.py::BaseExpression::__getstate__	0	0	0	1	0	4
db/models/expressions.py::BaseExpression::__hash__	0	0	0	1	0	2
db/models/expressions.py::BaseExpression::__init__	1	0	0	2	1	3
db/models/expressions.py::BaseExpression::_convert_value_noop	0	0	0	1	0	2
db/models/expressions.py::BaseExpression::_output_field_or_none	2	0	0	3	3	10
db/models/expressions.py::BaseExpression::_parse_expressions	2	0	0	3	3	6
db/models/expressions.py::BaseExpression::_resolve_output_field	3	0	0	4	6	26
db/models/expressions.py::BaseExpression::as_sql	0	0	0	1	0	27
db/models/expressions.py::BaseExpression::asc	0	0	0	1	0	2
db/models/expressions.py::BaseExpression::conditional	0	0	0	1	0	2
db/models/expressions.py::BaseExpression::contains_aggregate	0	0	0	2	1	2
db/models/expressions.py::BaseExpression::contains_column_references	0	0	0	2	1	2
db/models/expressions.py::BaseExpression::contains_over_clause	0	0	0	2	1	2
db/models/expressions.py::BaseExpression::convert_value	3	0	0	5	12	15
db/models/expressions.py::BaseExpression::copy	0	0	0	1	0	2
db/models/expressions.py::BaseExpression::desc	0	0	0	1	0	2
db/models/expressions.py::BaseExpression::field	0	0	0	1	0	2
db/models/expressions.py::BaseExpression::flatten	2	0	0	3	3	9
db/models/expressions.py::BaseExpression::get_db_converters	1	0	0	2	1	6
db/models/expressions.py::BaseExpression::get_group_by_cols	1	0	0	3	2	7
db/models/expressions.py::BaseExpression::get_lookup	0	0	0	1	0	2
db/models/expressions.py::BaseExpression::get_source_expressions	0	0	0	1	0	2
db/models/expressions.py::BaseExpression::get_source_fields	0	0	0	1	0	3
db/models/expressions.py::BaseExpression::get_transform	0	0	0	1	0	2
db/models/expressions.py::BaseExpression::identity	3	0	0	5	9	17
db/models/expressions.py::BaseExpression::output_field	1	0	0	2	1	7
db/models/expressions.py::BaseExpression::relabeled_clone	1	0	0	2	1	7
db/models/expressions.py::BaseExpression::resolve_expression	1	0	0	2	1	23
db/models/expressions.py::BaseExpression::reverse_ordering	0	0	0	1	0	2
db/models/expressions.py::BaseExpression::select_format	1	0	0	2	1	8
db/models/expressions.py::BaseExpression::set_source_expressions	0	0	0	1	0	2
db/models/expressions.py::Case::__init__	1	0	0	2	1	7
db/models/expressions.py::Case::__repr__	0	0	0	1	0	2
db/models/expressions.py::Case::__str__	0	0	0	1	0	2
db/models/expressions.py::Case::as_sql	2	0	0	8	8	26
db/models/expressions.py::Case::copy	0	0	0	1	0	4
db/models/expressions.py::Case::get_group_by_cols	1	0	0	2	1	4
db/models/expressions.py::Case::get_source_expressions	0	0	0	1	0	2
db/models/expressions.py::Case::resolve_expression	1	0	0	2	1	7
db/models/expressions.py::Case::set_source_expressions	0	0	0	1	0	2
db/models/expressions.py::Col::__init__	1	0	0	2	1	5
db/models/expressions.py::Col::__repr__	1	0	0	2	1	4
db/models/expressions.py::Col::as_sql	1	0	0	2	1	5
db/models/expressions.py::Col::get_db_converters	1	0	0	2	1	5
db/models/expressions.py::Col::get_group_by_cols	0	0	0	1	0	2
db/models/expressions.py::Col::relabeled_clone	1	0	0	2	1	4
db/models/expressions.py::Combinable::__add__	0	0	0	1	0	2
db/models/expressions.py::Combinable::__and__	1	0	0	3	2	6
db/models/expressions.py::Combinable::__mod__	0	0	0	1	0	2
db/models/expressions.py::Combinable::__mul__	0	0	0	1	0	2
db/models/expressions.py::Combinable::__neg__	0	0	0	1	0	2
db/models/expressions.py::Combinable::__or__	1	0	0	3	2	6
db/models/expressions.py::Combinable::__pow__	0	0	0	1	0	2
db/models/expressions.py::Combinable::__radd__	0	0	0	1	0	2
db/models/expressions.py::Combinable::__rand__	0	0	0	1	0	4
db/models/expressions.py::Combinable::__rmod__	0	0	0	1	0	2
db/models/expressions.py::Combinable::__rmul__	0	0	0	1	0	2
db/models/expressions.py::Combinable::__ror__	0	0	0	1	0	4
db/models/expressions.py::Combinable::__rpow__	0	0	0	1	0	2
db/models/expressions.py::Combinable::__rsub__	0	0	0	1	0	2
db/models/expressions.py::Combinable::__rtruediv__	0	0	0	1	0	2
db/models/expressions.py::Combinable::__sub__	0	0	0	1	0	2
db/models/expressions.py::Combinable::__truediv__	0	0	0	1	0	2
db/models/expressions.py::Combinable::_combine	1	0	0	3	2	8
db/models/expressions.py::Combinable::bitand	0	0	0	1	0	2
db/models/expressions.py::Combinable::bitleftshift	0	0	0	1	0	2
db/models/expressions.py::Combinable::bitor	0	0	0	1	0	2
db/models/expressions.py::Combinable::bitrightshift	0	0	0	1	0	2
db/models/expressions.py::Combinable::bitxor	0	0	0	1	0	2
db/models/expressions.py::CombinedExpression::__init__	0	0	0	1	0	5
db/models/expressions.py::CombinedExpression::__repr__	0	0	0	1	0	2
db/models/expressions.py::CombinedExpression::__str__	0	0	0	1	0	2
db/models/expressions.py::CombinedExpression::_resolve_output_field	2	0	0	3	3	12
db/models/expressions.py::CombinedExpression::as_sql	0	0	0	1	0	13
db/models/expressions.py::CombinedExpression::get_source_expressions	0	0	0	1	0	2
db/models/expressions.py::CombinedExpression::resolve_expression	2	0	0	9	11	26
db/models/expressions.py::CombinedExpression::set_source_expressions	0	0	0	1	0	2
db/models/expressions.py::DurationExpression::as_sql	1	0	0	2	1	16
db/models/expressions.py::DurationExpression::compile	1	0	0	3	3	10
db/models/expressions.py::Exists::__init__	0	0	0	1	0	3
db/models/expressions.py::Exists::__invert__	0	0	0	1	0	4
db/models/expressions.py::Exists::as_sql	1	0	0	2	1	12
db/models/expressions.py::Exists::select_format	1	0	0	2	1	7
db/models/expressions.py::ExpressionList::__init__	1	0	0	2	1	4
db/models/expressions.py::ExpressionList::__str__	0	0	0	1	0	2
db/models/expressions.py::ExpressionWrapper::__init__	0	0	0	1	0	3
db/models/expressions.py::ExpressionWrapper::__repr__	0	0	0	1	0	2
db/models/expressions.py::ExpressionWrapper::as_sql	0	0	0	1	0	2
db/models/expressions.py::ExpressionWrapper::get_group_by_cols	1	0	0	2	1	8
db/models/expressions.py::ExpressionWrapper::get_source_expressions	0	0	0	1	0	2
db/models/expressions.py::ExpressionWrapper::set_source_expressions	0	0	0	1	0	2
db/models/expressions.py::F::__eq__	0	0	0	2	1	2
db/models/expressions.py::F::__hash__	0	0	0	1	0	2
db/models/expressions.py::F::__init__	0	0	0	1	0	6
db/models/expressions.py::F::__repr__	0	0	0	1	0	2
db/models/expressions.py::F::asc	0	0	0	1	0	2
db/models/expressions.py::F::desc	0	0	0	1	0	2
db/models/expressions.py::F::resolve_expression	0	0	0	1	0	3
db/models/expressions.py::Func::__init__	2	0	0	4	4	13
db/models/expressions.py::Func::__repr__	1	0	0	2	1	7
db/models/expressions.py::Func::_get_repr_options	0	0	0	1	0	3
db/models/expressions.py::Func::as_sql	1	0	0	5	5	20
db/models/expressions.py::Func::copy	0	0	0	1	0	5
db/models/expressions.py::Func::get_source_expressions	0	0	0	1	0	2
db/models/expressions.py::Func::resolve_expression	1	0	0	2	1	6
db/models/expressions.py::Func::set_source_expressions	0	0	0	1	0	2
db/models/expressions.py::OrderBy::__init__	1	0	0	4	3	9
db/models/expressions.py::OrderBy::__repr__	0	0	0	1	0	3
db/models/expressions.py::OrderBy::as_oracle	1	0	0	2	1	11
db/models/expressions.py::OrderBy::as_sql	2	0	0	11	15	26
db/models/expressions.py::OrderBy::asc	0	0	0	1	0	2
db/models/expressions.py::OrderBy::desc	0	0	0	1	0	2
db/models/expressions.py::OrderBy::get_group_by_cols	1	0	0	2	1	5
db/models/expressions.py::OrderBy::get_source_expressions	0	0	0	1	0	2
db/models/expressions.py::OrderBy::reverse_ordering	1	0	0	3	2	6
db/models/expressions.py::OrderBy::set_source_expressions	0	0	0	1	0	2
db/models/expressions.py::OuterRef::relabeled_clone	0	0	0	1	0	2
db/models/expressions.py::OuterRef::resolve_expression	1	0	0	2	1	4
db/models/expressions.py::RawSQL::__init__	1	0	0	2	1	5
db/models/expressions.py::RawSQL::__repr__	0	0	0	1	0	2
db/models/expressions.py::RawSQL::as_sql	0	0	0	1	0	2
db/models/expressions.py::RawSQL::get_group_by_cols	0	0	0	1	0	2
db/models/expressions.py::RawSQL::resolve_expression	3	0	0	4	6	9
db/models/expressions.py::Ref::__init__	0	0	0	1	0	3
db/models/expressions.py::Ref::__repr__	0	0	0	1	0	2
db/models/expressions.py::Ref::as_sql	0	0	0	1	0	2
db/models/expressions.py::Ref::get_group_by_cols	0	0	0	1	0	2
db/models/expressions.py::Ref::get_source_expressions	0	0	0	1	0	2
db/models/expressions.py::Ref::relabeled_clone	0	0	0	1	0	2
db/models/expressions.py::Ref::resolve_expression	0	0	0	1	0	4
db/models/expressions.py::Ref::set_source_expressions	0	0	0	1	0	2
db/models/expressions.py::ResolvedOuterRef::as_sql	0	0	0	1	0	5
db/models/expressions.py::ResolvedOuterRef::get_group_by_cols	0	0	0	1	0	2
db/models/expressions.py::ResolvedOuterRef::relabeled_clone	0	0	0	1	0	2
db/models/expressions.py::ResolvedOuterRef::resolve_expression	0	0	0	1	0	7
db/models/expressions.py::RowRange::window_frame_start_end	0	0	0	1	0	2
db/models/expressions.py::SQLiteNumericMixin::as_sqlite	1	0	0	3	2	8
db/models/expressions.py::Star::__repr__	0	0	0	1	0	2
db/models/expressions.py::Star::as_sql	0	0	0	1	0	2
db/models/expressions.py::Subquery::__getstate__	1	0	0	2	2	9
db/models/expressions.py::Subquery::__init__	0	0	0	1	0	5
db/models/expressions.py::Subquery::_resolve_output_field	0	0	0	1	0	2
db/models/expressions.py::Subquery::as_sql	0	0	0	3	2	10
db/models/expressions.py::Subquery::copy	0	0	0	1	0	4
db/models/expressions.py::Subquery::external_aliases	0	0	0	1	0	2
db/models/expressions.py::Subquery::get_group_by_cols	1	0	0	3	2	7
db/models/expressions.py::Subquery::get_source_expressions	0	0	0	1	0	2
db/models/expressions.py::Subquery::set_source_expressions	0	0	0	1	0	2
db/models/expressions.py::TemporalSubtraction::__init__	0	0	0	1	0	2
db/models/expressions.py::TemporalSubtraction::as_sql	0	0	0	1	0	5
db/models/expressions.py::Value::__init__	0	0	0	1	0	11
db/models/expressions.py::Value::__repr__	0	0	0	1	0	2
db/models/expressions.py::Value::_resolve_output_field	1	0	0	12	11	23
db/models/expressions.py::Value::as_sql	2	0	0	5	7	17
db/models/expressions.py::Value::get_group_by_cols	0	0	0	1	0	2
db/models/expressions.py::Value::resolve_expression	0	0	0	1	0	4
db/models/expressions.py::ValueRange::window_frame_start_end	0	0	0	1	0	2
db/models/expressions.py::When::__init__	2	0	0	8	8	16
db/models/expressions.py::When::__repr__	0	0	0	1	0	2
db/models/expressions.py::When::__str__	0	0	0	1	0	2
db/models/expressions.py::When::as_sql	0	0	0	2	1	12
db/models/expressions.py::When::get_group_by_cols	1	0	0	2	1	6
db/models/expressions.py::When::get_source_expressions	0	0	0	1	0	2
db/models/expressions.py::When::get_source_fields	0	0	0	1	0	3
db/models/expressions.py::When::resolve_expression	1	0	0	2	1	7
db/models/expressions.py::When::set_source_expressions	0	0	0	1	0	2
db/models/expressions.py::Window::__init__	2	0	0	6	8	26
db/models/expressions.py::Window::__repr__	0	0	0	1	0	2
db/models/expressions.py::Window::__str__	1	0	0	4	3	7
db/models/expressions.py::Window::_resolve_output_field	0	0	0	1	0	2
db/models/expressions.py::Window::as_sql	1	0	0	6	5	33
db/models/expressions.py::Window::as_sqlite	1	0	0	2	1	9
db/models/expressions.py::Window::get_group_by_cols	0	0	0	1	0	2
db/models/expressions.py::Window::get_source_expressions	0	0	0	1	0	2
db/models/expressions.py::Window::set_source_expressions	0	0	0	1	0	2
db/models/expressions.py::WindowFrame::__init__	0	0	0	1	0	3
db/models/expressions.py::WindowFrame::__repr__	0	0	0	1	0	2
db/models/expressions.py::WindowFrame::__str__	1	0	0	7	10	19
db/models/expressions.py::WindowFrame::as_sql	0	0	0	1	0	8
db/models/expressions.py::WindowFrame::get_group_by_cols	0	0	0	1	0	2
db/models/expressions.py::WindowFrame::get_source_expressions	0	0	0	1	0	2
db/models/expressions.py::WindowFrame::set_source_expressions	0	0	0	1	0	2
db/models/expressions.py::WindowFrame::window_frame_start_end	0	0	0	1	0	2
db/models/expressions.py::_resolve_combined_type	2	0	0	4	4	5
db/models/fields/__init__.py::AutoField::get_internal_type	0	0	0	1	0	2
db/models/fields/__init__.py::AutoField::rel_db_type	0	0	0	1	0	2
db/models/fields/__init__.py::AutoFieldMeta::__instancecheck__	0	0	0	2	1	2
db/models/fields/__init__.py::AutoFieldMeta::__subclasscheck__	0	0	0	2	1	2
db/models/fields/__init__.py::AutoFieldMeta::_subclasses	0	0	0	1	0	2
db/models/fields/__init__.py::AutoFieldMixin::__init__	0	0	0	1	0	3
db/models/fields/__init__.py::AutoFieldMixin::_check_primary_key	1	0	0	2	2	11
db/models/fields/__init__.py::AutoFieldMixin::check	0	0	0	1	0	5
db/models/fields/__init__.py::AutoFieldMixin::contribute_to_class	0	0	0	1	0	7
db/models/fields/__init__.py::AutoFieldMixin::deconstruct	0	0	0	1	0	5
db/models/fields/__init__.py::AutoFieldMixin::formfield	0	0	0	1	0	2
db/models/fields/__init__.py::AutoFieldMixin::get_db_prep_value	1	0	0	2	1	5
db/models/fields/__init__.py::AutoFieldMixin::validate	0	0	0	1	0	2
db/models/fields/__init__.py::BigAutoField::get_internal_type	0	0	0	1	0	2
db/models/fields/__init__.py::BigAutoField::rel_db_type	0	0	0	1	0	2
db/models/fields/__init__.py::BigIntegerField::formfield	0	0	0	1	0	6
db/models/fields/__init__.py::BigIntegerField::get_internal_type	0	0	0	1	0	2
db/models/fields/__init__.py::BinaryField::__init__	1	0	0	2	1	5
db/models/fields/__init__.py::BinaryField::_check_str_default_value	1	0	0	3	2	11
db/models/fields/__init__.py::BinaryField::check	0	0	0	1	0	2
db/models/fields/__init__.py::BinaryField::deconstruct	1	0	0	2	2	7
db/models/fields/__init__.py::BinaryField::get_db_prep_value	1	0	0	2	1	5
db/models/fields/__init__.py::BinaryField::get_default	1	0	0	4	3	7
db/models/fields/__init__.py::BinaryField::get_internal_type	0	0	0	1	0	2
db/models/fields/__init__.py::BinaryField::get_placeholder	0	0	0	1	0	2
db/models/fields/__init__.py::BinaryField::to_python	1	0	0	2	1	5
db/models/fields/__init__.py::BinaryField::value_to_string	0	0	0	1	0	3
db/models/fields/__init__.py::BooleanField::formfield	2	0	0	4	5	11
db/models/fields/__init__.py::BooleanField::get_internal_type	0	0	0	1	0	2
db/models/fields/__init__.py::BooleanField::get_prep_value	1	0	0	2	1	5
db/models/fields/__init__.py::BooleanField::to_python	1	0	0	7	6	15
db/models/fields/__init__.py::CharField::__init__	0	0	0	1	0	4
db/models/fields/__init__.py::CharField::_check_db_collation	2	0	0	6	6	20
db/models/fields/__init__.py::CharField::_check_max_length_attribute	1	0	0	4	4	20
db/models/fields/__init__.py::CharField::cast_db_type	1	0	0	2	1	4
db/models/fields/__init__.py::CharField::check	0	0	0	2	1	7
db/models/fields/__init__.py::CharField::deconstruct	1	0	0	2	1	5
db/models/fields/__init__.py::CharField::formfield	1	0	0	3	2	10
db/models/fields/__init__.py::CharField::get_internal_type	0	0	0	1	0	2
db/models/fields/__init__.py::CharField::get_prep_value	0	0	0	1	0	3
db/models/fields/__init__.py::CharField::to_python	1	0	0	3	2	4
db/models/fields/__init__.py::DateField::__init__	1	0	0	3	2	7
db/models/fields/__init__.py::DateField::_check_fix_default_value	2	0	0	6	8	39
db/models/fields/__init__.py::DateField::contribute_to_class	1	0	0	2	1	11
db/models/fields/__init__.py::DateField::deconstruct	1	0	0	5	4	10
db/models/fields/__init__.py::DateField::formfield	0	0	0	1	0	5
db/models/fields/__init__.py::DateField::get_db_prep_value	1	0	0	2	1	5
db/models/fields/__init__.py::DateField::get_internal_type	0	0	0	1	0	2
db/models/fields/__init__.py::DateField::get_prep_value	0	0	0	1	0	3
db/models/fields/__init__.py::DateField::pre_save	1	0	0	4	4	7
db/models/fields/__init__.py::DateField::to_python	2	0	0	8	8	29
db/models/fields/__init__.py::DateField::value_to_string	1	0	0	2	1	3
db/models/fields/__init__.py::DateTimeCheckMixin::_check_fix_default_value	0	0	0	1	0	2
db/models/fields/__init__.py::DateTimeCheckMixin::_check_mutually_exclusive_options	1	0	0	2	2	18
db/models/fields/__init__.py::DateTimeCheckMixin::check	0	0	0	1	0	6
db/models/fields/__init__.py::DateTimeField::_check_fix_default_value	2	0	0	6	8	42
db/models/fields/__init__.py::DateTimeField::formfield	0	0	0	1	0	5
db/models/fields/__init__.py::DateTimeField::get_db_prep_value	1	0	0	2	1	5
db/models/fields/__init__.py::DateTimeField::get_internal_type	0	0	0	1	0	2
db/models/fields/__init__.py::DateTimeField::get_prep_value	2	0	0	5	4	18
db/models/fields/__init__.py::DateTimeField::pre_save	1	0	0	4	4	7
db/models/fields/__init__.py::DateTimeField::to_python	2	0	0	9	9	47
db/models/fields/__init__.py::DateTimeField::value_to_string	1	0	0	2	1	3
db/models/fields/__init__.py::DecimalField::__init__	0	0	0	1	0	4
db/models/fields/__init__.py::DecimalField::_check_decimal_places	1	0	0	4	4	23
db/models/fields/__init__.py::DecimalField::_check_decimal_places_and_max_digits	1	0	0	2	1	10
db/models/fields/__init__.py::DecimalField::_check_max_digits	1	0	0	4	4	23
db/models/fields/__init__.py::DecimalField::check	1	0	0	2	2	12
db/models/fields/__init__.py::DecimalField::context	0	0	0	1	0	2
db/models/fields/__init__.py::DecimalField::deconstruct	1	0	0	3	2	7
db/models/fields/__init__.py::DecimalField::formfield	0	0	0	1	0	7
db/models/fields/__init__.py::DecimalField::get_db_prep_save	0	0	0	1	0	2
db/models/fields/__init__.py::DecimalField::get_internal_type	0	0	0	1	0	2
db/models/fields/__init__.py::DecimalField::get_prep_value	0	0	0	1	0	3
db/models/fields/__init__.py::DecimalField::to_python	1	0	0	4	3	13
db/models/fields/__init__.py::DecimalField::validators	0	0	0	1	0	4
db/models/fields/__init__.py::DurationField::formfield	0	0	0	1	0	5
db/models/fields/__init__.py::DurationField::get_db_converters	1	0	0	2	1	5
db/models/fields/__init__.py::DurationField::get_db_prep_value	1	0	0	3	2	6
db/models/fields/__init__.py::DurationField::get_internal_type	0	0	0	1	0	2
db/models/fields/__init__.py::DurationField::to_python	1	0	0	5	5	18
db/models/fields/__init__.py::DurationField::value_to_string	1	0	0	2	1	3
db/models/fields/__init__.py::EmailField::__init__	0	0	0	1	0	4
db/models/fields/__init__.py::EmailField::deconstruct	0	0	0	1	0	5
db/models/fields/__init__.py::EmailField::formfield	0	0	0	1	0	7
db/models/fields/__init__.py::Field::__copy__	0	0	0	1	0	7
db/models/fields/__init__.py::Field::__deepcopy__	2	0	0	4	4	10
db/models/fields/__init__.py::Field::__eq__	1	0	0	3	2	8
db/models/fields/__init__.py::Field::__hash__	1	0	0	3	2	6
db/models/fields/__init__.py::Field::__init__	1	0	0	5	5	46
db/models/fields/__init__.py::Field::__lt__	2	0	0	5	7	18
db/models/fields/__init__.py::Field::__reduce__	1	0	0	2	1	19
db/models/fields/__init__.py::Field::__repr__	1	0	0	2	1	7
db/models/fields/__init__.py::Field::__str__	1	0	0	2	1	9
db/models/fields/__init__.py::Field::_check_backend_specific_checks	2	0	0	4	4	9
db/models/fields/__init__.py::Field::_check_choices	3	0	0	18	28	63
db/models/fields/__init__.py::Field::_check_db_index	1	0	0	2	2	11
db/models/fields/__init__.py::Field::_check_deprecation_details	1	0	0	2	2	27
db/models/fields/__init__.py::Field::_check_field_name	1	0	0	2	4	31
db/models/fields/__init__.py::Field::_check_null_allowed_for_primary_keys	1	0	0	4	3	17
db/models/fields/__init__.py::Field::_check_validators	2	0	0	3	3	18
db/models/fields/__init__.py::Field::_choices_is_value	0	0	0	2	1	2
db/models/fields/__init__.py::Field::_description	0	0	0	1	0	4
db/models/fields/__init__.py::Field::_get_default	3	0	0	6	6	9
db/models/fields/__init__.py::Field::_get_flatchoices	2	0	0	4	5	11
db/models/fields/__init__.py::Field::cached_col	0	0	0	1	0	3
db/models/fields/__init__.py::Field::cast_db_type	1	0	0	2	1	6
db/models/fields/__init__.py::Field::check	0	0	0	1	0	10
db/models/fields/__init__.py::Field::clean	0	0	0	1	0	10
db/models/fields/__init__.py::Field::clone	0	0	0	1	0	7
db/models/fields/__init__.py::Field::contribute_to_class	2	0	0	5	6	27
db/models/fields/__init__.py::Field::db_check	1	0	0	2	1	11
db/models/fields/__init__.py::Field::db_parameters	0	0	0	1	0	12
db/models/fields/__init__.py::Field::db_returning	0	0	0	1	0	6
db/models/fields/__init__.py::Field::db_tablespace	0	0	0	2	1	2
db/models/fields/__init__.py::Field::db_type	1	0	0	2	1	25
db/models/fields/__init__.py::Field::db_type_parameters	0	0	0	1	0	2
db/models/fields/__init__.py::Field::db_type_suffix	0	0	0	1	0	2
db/models/fields/__init__.py::Field::deconstruct	3	0	0	8	18	90
db/models/fields/__init__.py::Field::formfield	3	0	0	11	18	37
db/models/fields/__init__.py::Field::get_attname	0	0	0	1	0	2
db/models/fields/__init__.py::Field::get_attname_column	0	0	0	2	1	4
db/models/fields/__init__.py::Field::get_choices	3	0	0	8	10	25
db/models/fields/__init__.py::Field::get_col	1	0	0	4	4	8
db/models/fields/__init__.py::Field::get_db_converters	1	0	0	2	1	4
db/models/fields/__init__.py::Field::get_db_prep_save	0	0	0	1	0	3
db/models/fields/__init__.py::Field::get_db_prep_value	1	0	0	2	1	9
db/models/fields/__init__.py::Field::get_default	0	0	0	1	0	3
db/models/fields/__init__.py::Field::get_filter_kwargs_for_object	0	0	0	1	0	6
db/models/fields/__init__.py::Field::get_internal_type	0	0	0	1	0	2
db/models/fields/__init__.py::Field::get_pk_value_on_save	1	0	0	2	1	10
db/models/fields/__init__.py::Field::get_prep_value	1	0	0	2	1	5
db/models/fields/__init__.py::Field::has_default	0	0	0	1	0	3
db/models/fields/__init__.py::Field::pre_save	0	0	0	1	0	3
db/models/fields/__init__.py::Field::rel_db_type	0	0	0	1	0	7
db/models/fields/__init__.py::Field::run_validators	3	0	0	7	9	15
db/models/fields/__init__.py::Field::save_form_data	0	0	0	1	0	2
db/models/fields/__init__.py::Field::select_format	0	0	0	1	0	7
db/models/fields/__init__.py::Field::set_attributes_from_name	1	0	0	4	3	6
db/models/fields/__init__.py::Field::to_python	0	0	0	1	0	7
db/models/fields/__init__.py::Field::unique	0	0	0	2	1	2
db/models/fields/__init__.py::Field::validate	5	1	3	12	22	30
db/models/fields/__init__.py::Field::validators	0	0	0	1	0	6
db/models/fields/__init__.py::Field::value_from_object	0	0	0	1	0	3
db/models/fields/__init__.py::Field::value_to_string	0	0	0	1	0	6
db/models/fields/__init__.py::FilePathField::__init__	0	0	0	1	0	6
db/models/fields/__init__.py::FilePathField::_check_allowing_files_or_folders	1	0	0	3	2	10
db/models/fields/__init__.py::FilePathField::check	0	0	0	1	0	5
db/models/fields/__init__.py::FilePathField::deconstruct	1	0	0	7	6	15
db/models/fields/__init__.py::FilePathField::formfield	1	0	0	2	1	10
db/models/fields/__init__.py::FilePathField::get_internal_type	0	0	0	1	0	2
db/models/fields/__init__.py::FilePathField::get_prep_value	1	0	0	2	1	5
db/models/fields/__init__.py::FloatField::formfield	0	0	0	1	0	5
db/models/fields/__init__.py::FloatField::get_internal_type	0	0	0	1	0	2
db/models/fields/__init__.py::FloatField::get_prep_value	1	0	0	3	2	10
db/models/fields/__init__.py::FloatField::to_python	1	0	0	3	2	11
db/models/fields/__init__.py::GenericIPAddressField::__init__	0	0	0	1	0	9
db/models/fields/__init__.py::GenericIPAddressField::_check_blank_and_null_values	1	0	0	3	2	11
db/models/fields/__init__.py::GenericIPAddressField::check	0	0	0	1	0	5
db/models/fields/__init__.py::GenericIPAddressField::deconstruct	1	0	0	4	3	9
db/models/fields/__init__.py::GenericIPAddressField::formfield	0	0	0	1	0	6
db/models/fields/__init__.py::GenericIPAddressField::get_db_prep_value	1	0	0	2	1	4
db/models/fields/__init__.py::GenericIPAddressField::get_internal_type	0	0	0	1	0	2
db/models/fields/__init__.py::GenericIPAddressField::get_prep_value	2	0	0	5	5	10
db/models/fields/__init__.py::GenericIPAddressField::to_python	1	0	0	4	3	9
db/models/fields/__init__.py::IPAddressField::__init__	0	0	0	1	0	3
db/models/fields/__init__.py::IPAddressField::deconstruct	0	0	0	1	0	4
db/models/fields/__init__.py::IPAddressField::get_internal_type	0	0	0	1	0	2
db/models/fields/__init__.py::IPAddressField::get_prep_value	1	0	0	2	1	5
db/models/fields/__init__.py::IntegerField::_check_max_length_warning	1	0	0	2	1	11
db/models/fields/__init__.py::IntegerField::check	0	0	0	1	0	5
db/models/fields/__init__.py::IntegerField::formfield	0	0	0	1	0	5
db/models/fields/__init__.py::IntegerField::get_internal_type	0	0	0	1	0	2
db/models/fields/__init__.py::IntegerField::get_prep_value	1	0	0	3	2	10
db/models/fields/__init__.py::IntegerField::to_python	1	0	0	3	2	11
db/models/fields/__init__.py::IntegerField::validators	2	0	0	9	10	27
db/models/fields/__init__.py::NullBooleanField::__init__	0	0	0	1	0	4
db/models/fields/__init__.py::NullBooleanField::deconstruct	0	0	0	1	0	5
db/models/fields/__init__.py::NullBooleanField::get_internal_type	0	0	0	1	0	2
db/models/fields/__init__.py::PositiveBigIntegerField::formfield	0	0	0	1	0	5
db/models/fields/__init__.py::PositiveBigIntegerField::get_internal_type	0	0	0	1	0	2
db/models/fields/__init__.py::PositiveIntegerField::formfield	0	0	0	1	0	5
db/models/fields/__init__.py::PositiveIntegerField::get_internal_type	0	0	0	1	0	2
db/models/fields/__init__.py::PositiveIntegerRelDbTypeMixin::__init_subclass__	1	0	0	2	1	11
db/models/fields/__init__.py::PositiveIntegerRelDbTypeMixin::rel_db_type	1	0	0	2	2	13
db/models/fields/__init__.py::PositiveSmallIntegerField::formfield	0	0	0	1	0	5
db/models/fields/__init__.py::PositiveSmallIntegerField::get_internal_type	0	0	0	1	0	2
db/models/fields/__init__.py::SlugField::__init__	1	0	0	2	1	5
db/models/fields/__init__.py::SlugField::deconstruct	1	0	0	4	4	11
db/models/fields/__init__.py::SlugField::formfield	0	0	0	1	0	6
db/models/fields/__init__.py::SlugField::get_internal_type	0	0	0	1	0	2
db/models/fields/__init__.py::SmallAutoField::get_internal_type	0	0	0	1	0	2
db/models/fields/__init__.py::SmallAutoField::rel_db_type	0	0	0	1	0	2
db/models/fields/__init__.py::SmallIntegerField::get_internal_type	0	0	0	1	0	2
db/models/fields/__init__.py::TextField::__init__	0	0	0	1	0	3
db/models/fields/__init__.py::TextField::_check_db_collation	2	0	0	6	6	20
db/models/fields/__init__.py::TextField::check	0	0	0	2	1	6
db/models/fields/__init__.py::TextField::deconstruct	1	0	0	2	1	5
db/models/fields/__init__.py::TextField::formfield	1	0	0	2	1	9
db/models/fields/__init__.py::TextField::get_internal_type	0	0	0	1	0	2
db/models/fields/__init__.py::TextField::get_prep_value	0	0	0	1	0	3
db/models/fields/__init__.py::TextField::to_python	1	0	0	3	2	4
db/models/fields/__init__.py::TimeField::__init__	1	0	0	3	2	7
db/models/fields/__init__.py::TimeField::_check_fix_default_value	2	0	0	7	10	42
db/models/fields/__init__.py::TimeField::deconstruct	1	0	0	5	4	10
db/models/fields/__init__.py::TimeField::formfield	0	0	0	1	0	5
db/models/fields/__init__.py::TimeField::get_db_prep_value	1	0	0	2	1	5
db/models/fields/__init__.py::TimeField::get_internal_type	0	0	0	1	0	2
db/models/fields/__init__.py::TimeField::get_prep_value	0	0	0	1	0	3
db/models/fields/__init__.py::TimeField::pre_save	1	0	0	4	4	7
db/models/fields/__init__.py::TimeField::to_python	1	0	0	6	5	27
db/models/fields/__init__.py::TimeField::value_to_string	1	0	0	2	1	3
db/models/fields/__init__.py::URLField::__init__	0	0	0	1	0	3
db/models/fields/__init__.py::URLField::deconstruct	1	0	0	2	1	5
db/models/fields/__init__.py::URLField::formfield	0	0	0	1	0	7
db/models/fields/__init__.py::UUIDField::__init__	0	0	0	1	0	3
db/models/fields/__init__.py::UUIDField::deconstruct	0	0	0	1	0	4
db/models/fields/__init__.py::UUIDField::formfield	0	0	0	1	0	5
db/models/fields/__init__.py::UUIDField::get_db_prep_value	1	0	0	4	3	9
db/models/fields/__init__.py::UUIDField::get_internal_type	0	0	0	1	0	2
db/models/fields/__init__.py::UUIDField::get_prep_value	0	0	0	1	0	3
db/models/fields/__init__.py::UUIDField::to_python	2	0	0	5	6	12
db/models/fields/__init__.py::_empty	0	0	0	1	0	4
db/models/fields/__init__.py::_load_field	0	0	0	1	0	2
db/models/fields/__init__.py::return_None	0	0	0	1	0	2
db/models/fields/files.py::FieldFile::__eq__	1	0	0	2	1	6
db/models/fields/files.py::FieldFile::__getstate__	0	0	0	1	0	12
db/models/fields/files.py::FieldFile::__hash__	0	0	0	1	0	2
db/models/fields/files.py::FieldFile::__init__	0	0	0	1	0	6
db/models/fields/files.py::FieldFile::__setstate__	0	0	0	1	0	3
db/models/fields/files.py::FieldFile::_del_file	0	0	0	1	0	2
db/models/fields/files.py::FieldFile::_get_file	1	0	0	2	1	5
db/models/fields/files.py::FieldFile::_require_file	1	0	0	2	1	3
db/models/fields/files.py::FieldFile::_set_file	0	0	0	1	0	2
db/models/fields/files.py::FieldFile::close	1	0	0	2	1	4
db/models/fields/files.py::FieldFile::closed	0	0	0	2	1	3
db/models/fields/files.py::FieldFile::delete	1	0	0	4	3	17
db/models/fields/files.py::FieldFile::open	1	0	0	2	2	7
db/models/fields/files.py::FieldFile::path	0	0	0	1	0	3
db/models/fields/files.py::FieldFile::save	1	0	0	2	1	9
db/models/fields/files.py::FieldFile::size	1	0	0	2	1	5
db/models/fields/files.py::FieldFile::url	0	0	0	1	0	3
db/models/fields/files.py::FileDescriptor::__get__	1	0	0	7	9	53
db/models/fields/files.py::FileDescriptor::__set__	0	0	0	1	0	2
db/models/fields/files.py::FileField::__init__	2	0	0	4	4	17
db/models/fields/files.py::FileField::_check_primary_key	1	0	0	2	2	11
db/models/fields/files.py::FileField::_check_upload_to	1	0	0	3	3	13
db/models/fields/files.py::FileField::check	0	0	0	1	0	6
db/models/fields/files.py::FileField::contribute_to_class	0	0	0	1	0	3
db/models/fields/files.py::FileField::deconstruct	1	0	0	3	2	8
db/models/fields/files.py::FileField::formfield	0	0	0	1	0	6
db/models/fields/files.py::FileField::generate_filename	1	0	0	2	2	13
db/models/fields/files.py::FileField::get_internal_type	0	0	0	1	0	2
db/models/fields/files.py::FileField::get_prep_value	1	0	0	2	1	6
db/models/fields/files.py::FileField::pre_save	1	0	0	3	2	6
db/models/fields/files.py::FileField::save_form_data	1	0	0	3	2	9
db/models/fields/files.py::ImageField::__init__	0	0	0	1	0	3
db/models/fields/files.py::ImageField::_check_image_library_installed	1	0	0	2	2	15
db/models/fields/files.py::ImageField::check	0	0	0	1	0	5
db/models/fields/files.py::ImageField::contribute_to_class	1	0	0	2	1	8
db/models/fields/files.py::ImageField::deconstruct	1	0	0	3	2	7
db/models/fields/files.py::ImageField::formfield	0	0	0	1	0	5
db/models/fields/files.py::ImageField::update_dimension_fields	1	0	0	14	14	56
db/models/fields/files.py::ImageFieldFile::delete	1	0	0	2	1	5
db/models/fields/files.py::ImageFileDescriptor::__set__	1	0	0	2	1	15
db/models/fields/json.py::CaseInsensitiveMixin::process_lhs	1	0	0	2	1	5
db/models/fields/json.py::CaseInsensitiveMixin::process_rhs	1	0	0	2	1	5
db/models/fields/json.py::ContainedBy::as_sql	1	0	0	2	1	9
db/models/fields/json.py::DataContains::as_sql	1	0	0	2	1	9
db/models/fields/json.py::HasKeyLookup::as_mysql	0	0	0	1	0	2
db/models/fields/json.py::HasKeyLookup::as_oracle	0	0	0	1	0	5
db/models/fields/json.py::HasKeyLookup::as_postgresql	2	0	0	3	3	7
db/models/fields/json.py::HasKeyLookup::as_sql	2	0	0	6	8	27
db/models/fields/json.py::HasKeyLookup::as_sqlite	0	0	0	1	0	2
db/models/fields/json.py::HasKeys::get_prep_lookup	0	0	0	1	0	2
db/models/fields/json.py::JSONExact::process_lhs	2	0	0	4	4	8
db/models/fields/json.py::JSONExact::process_rhs	1	0	0	4	3	9
db/models/fields/json.py::JSONField::__init__	1	0	0	5	4	11
db/models/fields/json.py::JSONField::_check_supported	2	0	0	7	9	24
db/models/fields/json.py::JSONField::check	0	0	0	2	1	5
db/models/fields/json.py::JSONField::deconstruct	1	0	0	3	2	7
db/models/fields/json.py::JSONField::formfield	0	0	0	1	0	7
db/models/fields/json.py::JSONField::from_db_value	1	0	0	5	4	11
db/models/fields/json.py::JSONField::get_internal_type	0	0	0	1	0	2
db/models/fields/json.py::JSONField::get_prep_value	1	0	0	2	1	4
db/models/fields/json.py::JSONField::get_transform	1	0	0	2	1	5
db/models/fields/json.py::JSONField::validate	1	0	0	2	1	10
db/models/fields/json.py::JSONField::value_to_string	0	0	0	1	0	2
db/models/fields/json.py::KeyTransform::__init__	0	0	0	1	0	3
db/models/fields/json.py::KeyTransform::as_mysql	0	0	0	1	0	4
db/models/fields/json.py::KeyTransform::as_oracle	0	0	0	1	0	7
db/models/fields/json.py::KeyTransform::as_postgresql	1	0	0	3	2	10
db/models/fields/json.py::KeyTransform::as_sqlite	0	0	0	1	0	4
db/models/fields/json.py::KeyTransform::preprocess_lhs	1	0	0	3	2	11
db/models/fields/json.py::KeyTransformExact::as_oracle	1	0	0	2	1	13
db/models/fields/json.py::KeyTransformExact::process_lhs	2	0	0	4	4	8
db/models/fields/json.py::KeyTransformExact::process_rhs	3	0	0	6	11	18
db/models/fields/json.py::KeyTransformFactory::__call__	0	0	0	1	0	2
db/models/fields/json.py::KeyTransformFactory::__init__	0	0	0	1	0	2
db/models/fields/json.py::KeyTransformIn::resolve_expression_parameter	3	0	0	7	11	20
db/models/fields/json.py::KeyTransformIsNull::as_oracle	1	0	0	2	1	10
db/models/fields/json.py::KeyTransformIsNull::as_sqlite	1	0	0	2	1	9
db/models/fields/json.py::KeyTransformNumericLookupMixin::process_rhs	1	0	0	2	1	5
db/models/fields/json.py::KeyTransformTextLookupMixin::__init__	1	0	0	2	1	11
db/models/fields/json.py::compile_json_path	2	0	0	4	5	11
db/models/fields/mixins.py::CheckFieldDefaultMixin::_check_default	1	0	0	4	3	18
db/models/fields/mixins.py::CheckFieldDefaultMixin::check	0	0	0	1	0	4
db/models/fields/mixins.py::FieldCacheMixin::delete_cached_value	0	0	0	1	0	2
db/models/fields/mixins.py::FieldCacheMixin::get_cache_name	0	0	0	1	0	2
db/models/fields/mixins.py::FieldCacheMixin::get_cached_value	2	0	0	3	3	8
db/models/fields/mixins.py::FieldCacheMixin::is_cached	0	0	0	1	0	2
db/models/fields/mixins.py::FieldCacheMixin::set_cached_value	0	0	0	1	0	2
db/models/fields/proxy.py::OrderWrt::__init__	0	0	0	1	0	4
db/models/fields/related.py::ForeignKey::__init__	1	0	0	5	5	39
db/models/fields/related.py::ForeignKey::_check_on_delete	1	0	0	4	5	22
db/models/fields/related.py::ForeignKey::_check_unique	1	0	0	2	1	9
db/models/fields/related.py::ForeignKey::check	0	0	0	1	0	6
db/models/fields/related.py::ForeignKey::contribute_to_related_class	1	0	0	2	1	4
db/models/fields/related.py::ForeignKey::convert_empty_strings	1	0	0	3	2	4
db/models/fields/related.py::ForeignKey::db_check	0	0	0	1	0	2
db/models/fields/related.py::ForeignKey::db_parameters	0	0	0	1	0	2
db/models/fields/related.py::ForeignKey::db_type	0	0	0	1	0	2
db/models/fields/related.py::ForeignKey::deconstruct	1	0	0	7	7	17
db/models/fields/related.py::ForeignKey::formfield	1	0	0	2	1	12
db/models/fields/related.py::ForeignKey::get_attname	0	0	0	1	0	2
db/models/fields/related.py::ForeignKey::get_attname_column	0	0	0	2	1	4
db/models/fields/related.py::ForeignKey::get_col	3	0	0	4	6	8
db/models/fields/related.py::ForeignKey::get_db_converters	1	0	0	2	1	5
db/models/fields/related.py::ForeignKey::get_db_prep_save	1	0	0	5	5	7
db/models/fields/related.py::ForeignKey::get_db_prep_value	0	0	0	1	0	2
db/models/fields/related.py::ForeignKey::get_default	1	0	0	2	1	6
db/models/fields/related.py::ForeignKey::get_prep_value	0	0	0	1	0	2
db/models/fields/related.py::ForeignKey::get_reverse_path_info	0	0	0	1	0	13
db/models/fields/related.py::ForeignKey::resolve_related_fields	2	0	0	4	4	14
db/models/fields/related.py::ForeignKey::target_field	0	0	0	1	0	2
db/models/fields/related.py::ForeignKey::to_python	0	0	0	1	0	2
db/models/fields/related.py::ForeignKey::validate	1	0	0	4	3	21
db/models/fields/related.py::ForeignObject::__init__	1	0	0	2	1	19
db/models/fields/related.py::ForeignObject::_check_to_fields_exist	3	0	0	5	7	21
db/models/fields/related.py::ForeignObject::_check_unique_target	1	0	0	7	8	66
db/models/fields/related.py::ForeignObject::check	0	0	0	1	0	6
db/models/fields/related.py::ForeignObject::contribute_to_class	0	0	0	1	0	3
db/models/fields/related.py::ForeignObject::contribute_to_related_class	2	0	0	4	4	10
db/models/fields/related.py::ForeignObject::deconstruct	3	0	0	7	12	34
db/models/fields/related.py::ForeignObject::foreign_related_fields	0	0	0	1	0	2
db/models/fields/related.py::ForeignObject::get_attname_column	0	0	0	1	0	3
db/models/fields/related.py::ForeignObject::get_extra_descriptor_filter	0	0	0	1	0	14
db/models/fields/related.py::ForeignObject::get_extra_restriction	0	0	0	1	0	13
db/models/fields/related.py::ForeignObject::get_foreign_related_value	0	0	0	1	0	2
db/models/fields/related.py::ForeignObject::get_instance_value_for_fields	3	0	0	6	7	16
db/models/fields/related.py::ForeignObject::get_joining_columns	1	0	0	2	1	3
db/models/fields/related.py::ForeignObject::get_local_related_value	0	0	0	1	0	2
db/models/fields/related.py::ForeignObject::get_lookups	0	0	0	1	0	5
db/models/fields/related.py::ForeignObject::get_path_info	0	0	0	1	0	13
db/models/fields/related.py::ForeignObject::get_reverse_joining_columns	0	0	0	1	0	2
db/models/fields/related.py::ForeignObject::get_reverse_path_info	0	0	0	1	0	13
db/models/fields/related.py::ForeignObject::local_related_fields	0	0	0	1	0	2
db/models/fields/related.py::ForeignObject::related_fields	0	0	0	1	0	2
db/models/fields/related.py::ForeignObject::resolve_related_fields	2	0	0	7	8	18
db/models/fields/related.py::ForeignObject::reverse_related_fields	0	0	0	1	0	2
db/models/fields/related.py::ManyToManyField::__init__	1	0	0	4	3	37
db/models/fields/related.py::ManyToManyField::_check_ignored_options	1	0	0	6	4	32
db/models/fields/related.py::ManyToManyField::_check_relationship_model	5	4	33	25	59	192
db/models/fields/related.py::ManyToManyField::_check_table_uniqueness	4	1	2	10	18	42
db/models/fields/related.py::ManyToManyField::_check_unique	1	0	0	2	1	10
db/models/fields/related.py::ManyToManyField::_get_field_name	2	0	0	3	3	4
db/models/fields/related.py::ManyToManyField::_get_m2m_attr	2	0	0	8	8	17
db/models/fields/related.py::ManyToManyField::_get_m2m_db_table	1	0	0	2	3	12
db/models/fields/related.py::ManyToManyField::_get_m2m_reverse_attr	4	1	5	10	18	29
db/models/fields/related.py::ManyToManyField::_get_path_info	1	0	0	3	5	25
db/models/fields/related.py::ManyToManyField::check	0	0	0	1	0	8
db/models/fields/related.py::ManyToManyField::contribute_to_class	2	0	0	6	8	42
db/models/fields/related.py::ManyToManyField::contribute_to_related_class	2	0	0	3	2	17
db/models/fields/related.py::ManyToManyField::db_check	0	0	0	1	0	2
db/models/fields/related.py::ManyToManyField::db_parameters	0	0	0	1	0	2
db/models/fields/related.py::ManyToManyField::db_type	0	0	0	1	0	4
db/models/fields/related.py::ManyToManyField::deconstruct	3	0	0	9	14	35
db/models/fields/related.py::ManyToManyField::formfield	2	0	0	3	3	14
db/models/fields/related.py::ManyToManyField::get_path_info	0	0	0	1	0	2
db/models/fields/related.py::ManyToManyField::get_reverse_path_info	0	0	0	1	0	2
db/models/fields/related.py::ManyToManyField::resolve_through_model	0	0	0	1	0	2
db/models/fields/related.py::ManyToManyField::save_form_data	0	0	0	1	0	2
db/models/fields/related.py::ManyToManyField::set_attributes_from_rel	0	0	0	1	0	2
db/models/fields/related.py::ManyToManyField::value_from_object	1	0	0	2	1	2
db/models/fields/related.py::OneToOneField::__init__	0	0	0	1	0	3
db/models/fields/related.py::OneToOneField::_check_unique	0	0	0	1	0	3
db/models/fields/related.py::OneToOneField::deconstruct	1	0	0	2	1	5
db/models/fields/related.py::OneToOneField::formfield	1	0	0	2	1	4
db/models/fields/related.py::OneToOneField::save_form_data	2	0	0	3	4	9
db/models/fields/related.py::RelatedField::_check_clashes	2	0	0	10	13	97
db/models/fields/related.py::RelatedField::_check_referencing_to_swapped_model	1	0	0	4	2	14
db/models/fields/related.py::RelatedField::_check_related_name_is_valid	1	0	0	5	4	18
db/models/fields/related.py::RelatedField::_check_related_query_name_is_valid	1	0	0	4	3	28
db/models/fields/related.py::RelatedField::_check_relation_model_exists	1	0	0	5	4	14
db/models/fields/related.py::RelatedField::check	0	0	0	1	0	9
db/models/fields/related.py::RelatedField::contribute_to_class	2	0	0	5	8	30
db/models/fields/related.py::RelatedField::db_type	0	0	0	1	0	4
db/models/fields/related.py::RelatedField::deconstruct	1	0	0	4	3	9
db/models/fields/related.py::RelatedField::do_related_class	0	0	0	1	0	3
db/models/fields/related.py::RelatedField::formfield	1	0	0	2	1	19
db/models/fields/related.py::RelatedField::get_cache_name	0	0	0	1	0	2
db/models/fields/related.py::RelatedField::get_forward_related_filter	0	0	0	1	0	12
db/models/fields/related.py::RelatedField::get_limit_choices_to	1	0	0	2	1	10
db/models/fields/related.py::RelatedField::get_reverse_related_filter	1	0	0	2	2	18
db/models/fields/related.py::RelatedField::related_model	0	0	0	1	0	4
db/models/fields/related.py::RelatedField::related_query_name	0	0	0	3	1	6
db/models/fields/related.py::RelatedField::resolve_related_class	0	0	0	1	0	3
db/models/fields/related.py::RelatedField::set_attributes_from_rel	1	0	0	3	2	8
db/models/fields/related.py::RelatedField::swappable_setting	2	0	0	3	4	13
db/models/fields/related.py::RelatedField::target_field	1	0	0	2	1	10
db/models/fields/related.py::create_many_to_many_intermediary_model	1	0	0	3	2	45
db/models/fields/related.py::lazy_related_operation	0	0	0	1	0	19
db/models/fields/related.py::resolve_relation	2	0	0	4	4	23
db/models/fields/related.py::set_managed	0	0	0	2	1	2
db/models/fields/related_descriptors.py::ForeignKeyDeferredAttribute::__set__	1	0	0	3	2	4
db/models/fields/related_descriptors.py::ForwardManyToOneDescriptor::RelatedObjectDoesNotExist	0	0	0	1	0	14
db/models/fields/related_descriptors.py::ForwardManyToOneDescriptor::__get__	3	0	0	11	17	46
db/models/fields/related_descriptors.py::ForwardManyToOneDescriptor::__init__	0	0	0	1	0	2
db/models/fields/related_descriptors.py::ForwardManyToOneDescriptor::__reduce__	0	0	0	1	0	7
db/models/fields/related_descriptors.py::ForwardManyToOneDescriptor::__set__	2	0	0	12	19	65
db/models/fields/related_descriptors.py::ForwardManyToOneDescriptor::get_object	0	0	0	1	0	4
db/models/fields/related_descriptors.py::ForwardManyToOneDescriptor::get_prefetch_queryset	2	0	0	6	7	30
db/models/fields/related_descriptors.py::ForwardManyToOneDescriptor::get_queryset	0	0	0	1	0	2
db/models/fields/related_descriptors.py::ForwardManyToOneDescriptor::is_cached	0	0	0	1	0	2
db/models/fields/related_descriptors.py::ForwardOneToOneDescriptor::__set__	3	0	0	6	8	15
db/models/fields/related_descriptors.py::ForwardOneToOneDescriptor::get_object	2	0	0	3	3	18
db/models/fields/related_descriptors.py::ManyRelatedManager::__call__	0	0	0	1	0	4
db/models/fields/related_descriptors.py::ManyRelatedManager::__init__	1	0	0	5	5	45
db/models/fields/related_descriptors.py::ManyRelatedManager::_add_items	1	0	0	6	5	46
db/models/fields/related_descriptors.py::ManyRelatedManager::_apply_rel_filters	1	0	0	2	1	9
db/models/fields/related_descriptors.py::ManyRelatedManager::_build_remove_filters	2	0	0	5	5	15
db/models/fields/related_descriptors.py::ManyRelatedManager::_get_add_plan	0	0	0	5	4	28
db/models/fields/related_descriptors.py::ManyRelatedManager::_get_missing_target_ids	0	0	0	1	0	12
db/models/fields/related_descriptors.py::ManyRelatedManager::_get_target_ids	3	0	0	5	11	30
db/models/fields/related_descriptors.py::ManyRelatedManager::_remove_items	2	0	0	5	7	39
db/models/fields/related_descriptors.py::ManyRelatedManager::_remove_prefetched_objects	1	0	0	2	1	5
db/models/fields/related_descriptors.py::ManyRelatedManager::add	1	0	0	2	1	17
db/models/fields/related_descriptors.py::ManyRelatedManager::clear	0	0	0	1	0	17
db/models/fields/related_descriptors.py::ManyRelatedManager::create	0	0	0	1	0	5
db/models/fields/related_descriptors.py::ManyRelatedManager::get_or_create	1	0	0	2	1	8
db/models/fields/related_descriptors.py::ManyRelatedManager::get_prefetch_queryset	2	0	0	3	2	38
db/models/fields/related_descriptors.py::ManyRelatedManager::get_queryset	1	0	0	2	1	6
db/models/fields/related_descriptors.py::ManyRelatedManager::remove	0	0	0	1	0	3
db/models/fields/related_descriptors.py::ManyRelatedManager::set	3	0	0	5	11	27
db/models/fields/related_descriptors.py::ManyRelatedManager::update_or_create	1	0	0	2	1	8
db/models/fields/related_descriptors.py::ManyToManyDescriptor::__init__	0	0	0	1	0	4
db/models/fields/related_descriptors.py::ManyToManyDescriptor::_get_set_deprecation_msg_params	1	0	0	3	2	5
db/models/fields/related_descriptors.py::ManyToManyDescriptor::related_manager_cls	1	0	0	2	1	8
db/models/fields/related_descriptors.py::ManyToManyDescriptor::through	0	0	0	1	0	5
db/models/fields/related_descriptors.py::RelatedManager::__call__	0	0	0	1	0	4
db/models/fields/related_descriptors.py::RelatedManager::__init__	0	0	0	1	0	8
db/models/fields/related_descriptors.py::RelatedManager::_apply_rel_filters	2	0	0	9	11	33
db/models/fields/related_descriptors.py::RelatedManager::_clear	2	0	0	3	4	12
db/models/fields/related_descriptors.py::RelatedManager::_remove_prefetched_objects	1	0	0	2	1	5
db/models/fields/related_descriptors.py::RelatedManager::add	3	0	0	7	11	29
db/models/fields/related_descriptors.py::RelatedManager::check_and_update_obj	1	0	0	2	1	6
db/models/fields/related_descriptors.py::RelatedManager::clear	0	0	0	1	0	2
db/models/fields/related_descriptors.py::RelatedManager::create	0	0	0	1	0	4
db/models/fields/related_descriptors.py::RelatedManager::get_or_create	0	0	0	1	0	4
db/models/fields/related_descriptors.py::RelatedManager::get_prefetch_queryset	1	0	0	4	3	20
db/models/fields/related_descriptors.py::RelatedManager::get_queryset	1	0	0	2	1	6
db/models/fields/related_descriptors.py::RelatedManager::remove	2	0	0	5	7	18
db/models/fields/related_descriptors.py::RelatedManager::set	4	1	4	5	13	24
db/models/fields/related_descriptors.py::RelatedManager::update_or_create	0	0	0	1	0	4
db/models/fields/related_descriptors.py::ReverseManyToOneDescriptor::__get__	1	0	0	2	1	14
db/models/fields/related_descriptors.py::ReverseManyToOneDescriptor::__init__	0	0	0	1	0	3
db/models/fields/related_descriptors.py::ReverseManyToOneDescriptor::__set__	0	0	0	1	0	5
db/models/fields/related_descriptors.py::ReverseManyToOneDescriptor::_get_set_deprecation_msg_params	0	0	0	1	0	5
db/models/fields/related_descriptors.py::ReverseManyToOneDescriptor::related_manager_cls	0	0	0	1	0	7
db/models/fields/related_descriptors.py::ReverseOneToOneDescriptor::RelatedObjectDoesNotExist	0	0	0	1	0	13
db/models/fields/related_descriptors.py::ReverseOneToOneDescriptor::__get__	3	0	0	6	11	46
db/models/fields/related_descriptors.py::ReverseOneToOneDescriptor::__init__	0	0	0	1	0	4
db/models/fields/related_descriptors.py::ReverseOneToOneDescriptor::__reduce__	0	0	0	1	0	3
db/models/fields/related_descriptors.py::ReverseOneToOneDescriptor::__set__	2	0	0	7	13	58
db/models/fields/related_descriptors.py::ReverseOneToOneDescriptor::get_prefetch_queryset	1	0	0	3	2	17
db/models/fields/related_descriptors.py::ReverseOneToOneDescriptor::get_queryset	0	0	0	1	0	2
db/models/fields/related_descriptors.py::ReverseOneToOneDescriptor::is_cached	0	0	0	1	0	2
db/models/fields/related_descriptors.py::create_forward_many_to_many_manager	3	0	0	38	56	399
db/models/fields/related_descriptors.py::create_reverse_many_to_one_manager	4	1	4	31	58	208
db/models/fields/related_lookups.py::MultiColSource::__init__	0	0	0	1	0	3
db/models/fields/related_lookups.py::MultiColSource::__repr__	0	0	0	1	0	3
db/models/fields/related_lookups.py::MultiColSource::get_lookup	0	0	0	1	0	2
db/models/fields/related_lookups.py::MultiColSource::relabeled_clone	0	0	0	1	0	3
db/models/fields/related_lookups.py::RelatedIn::as_sql	4	1	4	9	20	40
db/models/fields/related_lookups.py::RelatedIn::get_prep_lookup	2	0	0	4	4	14
db/models/fields/related_lookups.py::RelatedLookupMixin::as_sql	2	0	0	3	3	12
db/models/fields/related_lookups.py::RelatedLookupMixin::get_prep_lookup	2	0	0	5	5	15
db/models/fields/related_lookups.py::get_normalized_value	3	0	0	7	11	18
db/models/fields/reverse_related.py::ForeignObjectRel::__eq__	1	0	0	2	1	4
db/models/fields/reverse_related.py::ForeignObjectRel::__hash__	0	0	0	1	0	2
db/models/fields/reverse_related.py::ForeignObjectRel::__init__	1	0	0	2	1	12
db/models/fields/reverse_related.py::ForeignObjectRel::__repr__	0	0	0	1	0	6
db/models/fields/reverse_related.py::ForeignObjectRel::db_type	0	0	0	1	0	2
db/models/fields/reverse_related.py::ForeignObjectRel::get_accessor_name	2	0	0	8	8	16
db/models/fields/reverse_related.py::ForeignObjectRel::get_cache_name	0	0	0	1	0	6
db/models/fields/reverse_related.py::ForeignObjectRel::get_choices	1	0	0	4	3	18
db/models/fields/reverse_related.py::ForeignObjectRel::get_extra_restriction	0	0	0	1	0	2
db/models/fields/reverse_related.py::ForeignObjectRel::get_internal_type	0	0	0	1	0	2
db/models/fields/reverse_related.py::ForeignObjectRel::get_joining_columns	0	0	0	1	0	2
db/models/fields/reverse_related.py::ForeignObjectRel::get_lookup	0	0	0	1	0	2
db/models/fields/reverse_related.py::ForeignObjectRel::get_path_info	0	0	0	1	0	2
db/models/fields/reverse_related.py::ForeignObjectRel::hidden	0	0	0	1	0	2
db/models/fields/reverse_related.py::ForeignObjectRel::identity	0	0	0	1	0	12
db/models/fields/reverse_related.py::ForeignObjectRel::is_hidden	0	0	0	2	1	3
db/models/fields/reverse_related.py::ForeignObjectRel::many_to_many	0	0	0	1	0	2
db/models/fields/reverse_related.py::ForeignObjectRel::many_to_one	0	0	0	1	0	2
db/models/fields/reverse_related.py::ForeignObjectRel::name	0	0	0	1	0	2
db/models/fields/reverse_related.py::ForeignObjectRel::one_to_many	0	0	0	1	0	2
db/models/fields/reverse_related.py::ForeignObjectRel::one_to_one	0	0	0	1	0	2
db/models/fields/reverse_related.py::ForeignObjectRel::related_model	1	0	0	2	1	5
db/models/fields/reverse_related.py::ForeignObjectRel::remote_field	0	0	0	1	0	2
db/models/fields/reverse_related.py::ForeignObjectRel::set_field_name	0	0	0	1	0	9
db/models/fields/reverse_related.py::ForeignObjectRel::target_field	1	0	0	2	1	9
db/models/fields/reverse_related.py::ManyToManyRel::__init__	1	0	0	5	4	20
db/models/fields/reverse_related.py::ManyToManyRel::get_related_field	3	0	0	5	8	14
db/models/fields/reverse_related.py::ManyToManyRel::identity	0	0	0	1	0	6
db/models/fields/reverse_related.py::ManyToOneRel::__getstate__	0	0	0	1	0	4
db/models/fields/reverse_related.py::ManyToOneRel::__init__	0	0	0	1	0	12
db/models/fields/reverse_related.py::ManyToOneRel::get_related_field	1	0	0	2	1	8
db/models/fields/reverse_related.py::ManyToOneRel::identity	0	0	0	1	0	2
db/models/fields/reverse_related.py::ManyToOneRel::set_field_name	0	0	0	2	1	2
db/models/fields/reverse_related.py::OneToOneRel::__init__	0	0	0	1	0	12
db/models/functions/comparison.py::ArgJoiner::join	0	0	0	1	0	3
db/models/functions/comparison.py::Cast::__init__	0	0	0	1	0	2
db/models/functions/comparison.py::Cast::as_mysql	1	0	0	3	3	10
db/models/functions/comparison.py::Cast::as_oracle	1	0	0	2	1	6
db/models/functions/comparison.py::Cast::as_postgresql	0	0	0	1	0	5
db/models/functions/comparison.py::Cast::as_sql	0	0	0	1	0	3
db/models/functions/comparison.py::Cast::as_sqlite	2	0	0	3	4	13
db/models/functions/comparison.py::Coalesce::__init__	1	0	0	2	1	4
db/models/functions/comparison.py::Coalesce::as_oracle	1	0	0	2	1	10
db/models/functions/comparison.py::Collate::__init__	1	0	0	3	2	5
db/models/functions/comparison.py::Collate::as_sql	0	0	0	1	0	3
db/models/functions/comparison.py::Greatest::__init__	1	0	0	2	1	4
db/models/functions/comparison.py::Greatest::as_sqlite	0	0	0	1	0	3
db/models/functions/comparison.py::JSONObject::__init__	1	0	0	2	1	5
db/models/functions/comparison.py::JSONObject::as_oracle	0	0	0	1	0	13
db/models/functions/comparison.py::JSONObject::as_postgresql	0	0	0	1	0	7
db/models/functions/comparison.py::JSONObject::as_sql	1	0	0	2	1	6
db/models/functions/comparison.py::Least::__init__	1	0	0	2	1	4
db/models/functions/comparison.py::Least::as_sqlite	0	0	0	1	0	3
db/models/functions/comparison.py::NullIf::as_oracle	1	0	0	3	2	5
db/models/functions/datetime.py::Extract::__init__	1	0	0	3	2	7
db/models/functions/datetime.py::Extract::as_sql	2	0	0	3	8	21
db/models/functions/datetime.py::Extract::resolve_expression	1	0	0	6	5	22
db/models/functions/datetime.py::Now::as_postgresql	0	0	0	1	0	5
db/models/functions/datetime.py::TimezoneMixin::get_tzname	2	0	0	3	4	12
db/models/functions/datetime.py::Trunc::__init__	0	0	0	1	0	6
db/models/functions/datetime.py::TruncBase::__init__	0	0	0	1	0	4
db/models/functions/datetime.py::TruncBase::as_sql	1	0	0	3	6	16
db/models/functions/datetime.py::TruncBase::convert_value	2	0	0	4	10	20
db/models/functions/datetime.py::TruncBase::resolve_expression	2	0	0	12	14	28
db/models/functions/datetime.py::TruncDate::as_sql	0	0	0	1	0	6
db/models/functions/datetime.py::TruncTime::as_sql	0	0	0	1	0	6
db/models/functions/math.py::ATan2::as_sqlite	1	0	0	4	3	14
db/models/functions/math.py::Ceil::as_oracle	0	0	0	1	0	2
db/models/functions/math.py::Cot::as_oracle	0	0	0	1	0	2
db/models/functions/math.py::Degrees::as_oracle	0	0	0	1	0	6
db/models/functions/math.py::Log::as_sqlite	1	0	0	2	1	8
db/models/functions/math.py::Pi::as_oracle	0	0	0	1	0	2
db/models/functions/math.py::Radians::as_oracle	0	0	0	1	0	6
db/models/functions/math.py::Random::as_mysql	0	0	0	1	0	2
db/models/functions/math.py::Random::as_oracle	0	0	0	1	0	2
db/models/functions/math.py::Random::as_sqlite	0	0	0	1	0	2
db/models/functions/math.py::Random::get_group_by_cols	0	0	0	1	0	2
db/models/functions/mixins.py::FixDecimalInputMixin::as_postgresql	1	0	0	2	1	12
db/models/functions/mixins.py::FixDurationInputMixin::as_mysql	1	0	0	2	1	5
db/models/functions/mixins.py::FixDurationInputMixin::as_oracle	1	0	0	2	1	11
db/models/functions/mixins.py::NumericOutputFieldMixin::_resolve_output_field	1	0	0	4	3	7
db/models/functions/text.py::Chr::as_mysql	0	0	0	1	0	6
db/models/functions/text.py::Chr::as_oracle	0	0	0	1	0	6
db/models/functions/text.py::Chr::as_sqlite	0	0	0	1	0	2
db/models/functions/text.py::Concat::__init__	1	0	0	2	1	5
db/models/functions/text.py::Concat::_paired	1	0	0	2	1	7
db/models/functions/text.py::ConcatPair::as_mysql	0	0	0	1	0	7
db/models/functions/text.py::ConcatPair::as_sqlite	0	0	0	1	0	6
db/models/functions/text.py::ConcatPair::coalesce	0	0	0	1	0	7
db/models/functions/text.py::LPad::__init__	1	0	0	4	2	4
db/models/functions/text.py::Left::__init__	2	0	0	3	3	9
db/models/functions/text.py::Left::as_oracle	0	0	0	1	0	2
db/models/functions/text.py::Left::as_sqlite	0	0	0	1	0	2
db/models/functions/text.py::Left::get_substr	0	0	0	1	0	2
db/models/functions/text.py::Length::as_mysql	0	0	0	1	0	2
db/models/functions/text.py::MySQLSHA2Mixin::as_mysql	0	0	0	1	0	7
db/models/functions/text.py::OracleHashMixin::as_oracle	0	0	0	1	0	10
db/models/functions/text.py::Ord::as_mysql	0	0	0	1	0	2
db/models/functions/text.py::Ord::as_sqlite	0	0	0	1	0	2
db/models/functions/text.py::PostgreSQLSHAMixin::as_postgresql	0	0	0	1	0	8
db/models/functions/text.py::Repeat::__init__	1	0	0	4	2	4
db/models/functions/text.py::Repeat::as_oracle	1	0	0	2	1	5
db/models/functions/text.py::Replace::__init__	0	0	0	1	0	2
db/models/functions/text.py::Reverse::as_oracle	0	0	0	1	0	13
db/models/functions/text.py::Right::get_substr	0	0	0	1	0	2
db/models/functions/text.py::SHA224::as_oracle	0	0	0	1	0	2
db/models/functions/text.py::StrIndex::as_postgresql	0	0	0	1	0	2
db/models/functions/text.py::Substr::__init__	2	0	0	4	4	13
db/models/functions/text.py::Substr::as_oracle	0	0	0	1	0	2
db/models/functions/text.py::Substr::as_sqlite	0	0	0	1	0	2
db/models/functions/window.py::LagLeadFunction::__init__	1	0	0	5	4	15
db/models/functions/window.py::LagLeadFunction::_resolve_output_field	0	0	0	1	0	3
db/models/functions/window.py::NthValue::__init__	1	0	0	4	3	6
db/models/functions/window.py::NthValue::_resolve_output_field	0	0	0	1	0	3
db/models/functions/window.py::Ntile::__init__	1	0	0	2	1	4
db/models/indexes.py::Index::__eq__	1	0	0	2	1	4
db/models/indexes.py::Index::__init__	1	0	0	17	16	39
db/models/indexes.py::Index::__repr__	1	0	0	4	3	7
db/models/indexes.py::Index::_get_condition_sql	1	0	0	2	1	8
db/models/indexes.py::Index::clone	0	0	0	1	0	4
db/models/indexes.py::Index::create_sql	0	0	0	1	0	11
db/models/indexes.py::Index::deconstruct	1	0	0	5	4	13
db/models/indexes.py::Index::remove_sql	0	0	0	1	0	2
db/models/indexes.py::Index::set_name_with_model	1	0	0	4	3	28
db/models/lookups.py::BuiltinLookup::as_sql	0	0	0	1	0	6
db/models/lookups.py::BuiltinLookup::get_rhs_op	0	0	0	1	0	2
db/models/lookups.py::BuiltinLookup::process_lhs	0	0	0	1	0	8
db/models/lookups.py::Exact::as_sql	2	0	0	5	4	13
db/models/lookups.py::Exact::process_rhs	3	0	0	4	7	13
db/models/lookups.py::FieldGetDbPrepValueIterableMixin::batch_process_rhs	0	0	0	1	0	12
db/models/lookups.py::FieldGetDbPrepValueIterableMixin::get_prep_lookup	2	0	0	5	6	13
db/models/lookups.py::FieldGetDbPrepValueIterableMixin::process_rhs	1	0	0	2	2	7
db/models/lookups.py::FieldGetDbPrepValueIterableMixin::resolve_expression_parameter	1	0	0	3	2	7
db/models/lookups.py::FieldGetDbPrepValueMixin::get_db_prep_lookup	1	0	0	3	2	11
db/models/lookups.py::IExact::process_rhs	1	0	0	2	1	5
db/models/lookups.py::In::as_sql	1	0	0	4	2	5
db/models/lookups.py::In::get_rhs_op	0	0	0	1	0	2
db/models/lookups.py::In::process_rhs	2	0	0	7	10	29
db/models/lookups.py::In::split_parameter_list_as_sql	2	0	0	3	3	21
db/models/lookups.py::IntegerFieldFloatRounding::get_prep_lookup	1	0	0	2	1	4
db/models/lookups.py::IsNull::as_sql	1	0	0	3	3	17
db/models/lookups.py::Lookup::__eq__	1	0	0	2	1	4
db/models/lookups.py::Lookup::__hash__	0	0	0	1	0	2
db/models/lookups.py::Lookup::__init__	2	0	0	4	5	16
db/models/lookups.py::Lookup::apply_bilateral_transforms	1	0	0	2	1	4
db/models/lookups.py::Lookup::as_oracle	2	0	0	4	4	12
db/models/lookups.py::Lookup::as_sql	0	0	0	1	0	2
db/models/lookups.py::Lookup::batch_process_rhs	2	0	0	4	5	16
db/models/lookups.py::Lookup::contains_aggregate	0	0	0	2	1	2
db/models/lookups.py::Lookup::contains_over_clause	0	0	0	2	1	2
db/models/lookups.py::Lookup::get_db_prep_lookup	0	0	0	1	0	2
db/models/lookups.py::Lookup::get_group_by_cols	1	0	0	2	1	5
db/models/lookups.py::Lookup::get_prep_lookup	1	0	0	4	3	6
db/models/lookups.py::Lookup::get_source_expressions	1	0	0	2	1	4
db/models/lookups.py::Lookup::identity	0	0	0	1	0	2
db/models/lookups.py::Lookup::is_summary	0	0	0	2	1	2
db/models/lookups.py::Lookup::process_lhs	1	0	0	3	2	5
db/models/lookups.py::Lookup::process_rhs	2	0	0	4	5	13
db/models/lookups.py::Lookup::relabeled_clone	1	0	0	2	1	6
db/models/lookups.py::Lookup::rhs_is_direct_value	0	0	0	1	0	2
db/models/lookups.py::Lookup::set_source_expressions	1	0	0	2	2	5
db/models/lookups.py::PatternLookup::get_rhs_op	1	0	0	3	3	15
db/models/lookups.py::PatternLookup::process_rhs	1	0	0	4	2	5
db/models/lookups.py::PostgresOperatorLookup::as_postgresql	0	0	0	1	0	5
db/models/lookups.py::Range::get_rhs_op	0	0	0	1	0	2
db/models/lookups.py::Regex::as_sql	1	0	0	2	2	8
db/models/lookups.py::Transform::get_bilateral_transforms	1	0	0	3	3	8
db/models/lookups.py::Transform::lhs	0	0	0	1	0	2
db/models/lookups.py::UUIDTextMixin::process_rhs	2	0	0	3	3	8
db/models/lookups.py::YearExact::get_bound_params	0	0	0	1	0	2
db/models/lookups.py::YearExact::get_direct_rhs_sql	0	0	0	1	0	2
db/models/lookups.py::YearGt::get_bound_params	0	0	0	1	0	2
db/models/lookups.py::YearGte::get_bound_params	0	0	0	1	0	2
db/models/lookups.py::YearLookup::as_sql	1	0	0	2	1	13
db/models/lookups.py::YearLookup::get_bound_params	0	0	0	1	0	4
db/models/lookups.py::YearLookup::get_direct_rhs_sql	0	0	0	1	0	2
db/models/lookups.py::YearLookup::year_lookup_bounds	1	0	0	2	2	7
db/models/lookups.py::YearLt::get_bound_params	0	0	0	1	0	2
db/models/lookups.py::YearLte::get_bound_params	0	0	0	1	0	2
db/models/manager.py::BaseManager::__class_getitem__	0	0	0	1	0	2
db/models/manager.py::BaseManager::__eq__	0	0	0	2	1	5
db/models/manager.py::BaseManager::__hash__	0	0	0	1	0	2
db/models/manager.py::BaseManager::__init__	0	0	0	1	0	7
db/models/manager.py::BaseManager::__new__	0	0	0	1	0	5
db/models/manager.py::BaseManager::__str__	0	0	0	1	0	3
db/models/manager.py::BaseManager::_get_queryset_methods	2	0	0	6	7	20
db/models/manager.py::BaseManager::_set_creation_counter	0	0	0	1	0	7
db/models/manager.py::BaseManager::all	0	0	0	1	0	8
db/models/manager.py::BaseManager::check	0	0	0	1	0	2
db/models/manager.py::BaseManager::contribute_to_class	0	0	0	2	1	7
db/models/manager.py::BaseManager::create_method	0	0	0	1	0	6
db/models/manager.py::BaseManager::db	0	0	0	2	1	2
db/models/manager.py::BaseManager::db_manager	0	0	0	3	2	5
db/models/manager.py::BaseManager::deconstruct	2	0	0	3	4	36
db/models/manager.py::BaseManager::from_queryset	1	0	0	2	1	7
db/models/manager.py::BaseManager::get_queryset	0	0	0	1	0	6
db/models/manager.py::BaseManager::manager_method	0	0	0	1	0	2
db/models/manager.py::EmptyManager::__init__	0	0	0	1	0	3
db/models/manager.py::EmptyManager::get_queryset	0	0	0	1	0	2
db/models/manager.py::ManagerDescriptor::__get__	1	0	0	4	3	18
db/models/manager.py::ManagerDescriptor::__init__	0	0	0	1	0	2
db/models/options.py::Options::__init__	0	0	0	1	0	56
db/models/options.py::Options::__repr__	0	0	0	1	0	2
db/models/options.py::Options::__str__	0	0	0	1	0	2
db/models/options.py::Options::_expire_cache	3	0	0	8	13	12
db/models/options.py::Options::_format_names_with_class	1	0	0	2	1	11
db/models/options.py::Options::_forward_fields_map	2	0	0	3	3	13
db/models/options.py::Options::_get_default_pk_class	1	0	0	6	6	30
db/models/options.py::Options::_get_fields	4	1	2	19	32	83
db/models/options.py::Options::_populate_directed_relation_graph	3	0	0	7	10	36
db/models/options.py::Options::_prepare	3	0	0	8	14	36
db/models/options.py::Options::_property_names	2	0	0	3	3	8
db/models/options.py::Options::_relation_tree	0	0	0	1	0	2
db/models/options.py::Options::add_field	2	0	0	7	9	29
db/models/options.py::Options::add_manager	0	0	0	1	0	3
db/models/options.py::Options::app_config	0	0	0	1	0	3
db/models/options.py::Options::base_manager	4	1	2	7	13	26
db/models/options.py::Options::can_migrate	1	0	0	7	5	15
db/models/options.py::Options::concrete_fields	0	0	0	1	0	11
db/models/options.py::Options::contribute_to_class	3	0	0	12	24	60
db/models/options.py::Options::db_returning_fields	0	0	0	1	0	9
db/models/options.py::Options::default_manager	3	0	0	8	11	22
db/models/options.py::Options::fields	0	0	0	8	5	32
db/models/options.py::Options::fields_map	2	0	0	3	3	13
db/models/options.py::Options::get_ancestor_link	2	0	0	5	5	19
db/models/options.py::Options::get_base_chain	2	0	0	5	5	16
db/models/options.py::Options::get_field	2	0	0	4	4	24
db/models/options.py::Options::get_fields	1	0	0	2	1	13
db/models/options.py::Options::get_parent_list	2	0	0	3	3	10
db/models/options.py::Options::get_path_from_parent	1	0	0	3	2	21
db/models/options.py::Options::get_path_to_parent	2	0	0	4	5	29
db/models/options.py::Options::installed	0	0	0	1	0	2
db/models/options.py::Options::is_not_a_generic_foreign_key	0	0	0	4	2	4
db/models/options.py::Options::is_not_a_generic_relation	0	0	0	2	1	2
db/models/options.py::Options::is_not_an_m2m_field	0	0	0	2	1	2
db/models/options.py::Options::label	0	0	0	1	0	2
db/models/options.py::Options::label_lower	0	0	0	1	0	2
db/models/options.py::Options::local_concrete_fields	0	0	0	1	0	11
db/models/options.py::Options::managers	3	0	0	4	6	18
db/models/options.py::Options::managers_map	0	0	0	1	0	2
db/models/options.py::Options::many_to_many	0	0	0	2	1	12
db/models/options.py::Options::related_objects	0	0	0	2	1	15
db/models/options.py::Options::setup_pk	1	0	0	3	2	4
db/models/options.py::Options::setup_proxy	0	0	0	1	0	8
db/models/options.py::Options::swapped	3	0	0	5	9	23
db/models/options.py::Options::total_unique_constraints	0	0	0	2	1	10
db/models/options.py::Options::verbose_name_raw	0	0	0	1	0	4
db/models/options.py::make_immutable_fields_list	0	0	0	1	0	2
db/models/options.py::normalize_together	1	0	0	5	4	20
db/models/query.py::BaseIterable::__init__	0	0	0	1	0	4
db/models/query.py::EmptyQuerySet::__init__	0	0	0	1	0	2
db/models/query.py::FlatValuesListIterable::__iter__	1	0	0	2	1	5
db/models/query.py::InstanceCheckMeta::__instancecheck__	0	0	0	2	1	2
db/models/query.py::ModelIterable::__iter__	3	0	0	9	18	45
db/models/query.py::NamedValuesListIterable::__iter__	1	0	0	3	3	11
db/models/query.py::Prefetch::__eq__	1	0	0	2	1	4
db/models/query.py::Prefetch::__getstate__	1	0	0	2	1	9
db/models/query.py::Prefetch::__hash__	0	0	0	1	0	2
db/models/query.py::Prefetch::__init__	1	0	0	6	5	20
db/models/query.py::Prefetch::add_prefix	0	0	0	1	0	3
db/models/query.py::Prefetch::get_current_prefetch_to	0	0	0	1	0	2
db/models/query.py::Prefetch::get_current_queryset	1	0	0	2	1	4
db/models/query.py::Prefetch::get_current_to_attr	0	0	0	2	1	5
db/models/query.py::QuerySet::__and__	1	0	0	3	2	10
db/models/query.py::QuerySet::__bool__	0	0	0	1	0	3
db/models/query.py::QuerySet::__class_getitem__	0	0	0	1	0	2
db/models/query.py::QuerySet::__deepcopy__	2	0	0	3	4	9
db/models/query.py::QuerySet::__getitem__	2	0	0	13	16	32
db/models/query.py::QuerySet::__getstate__	0	0	0	1	0	4
db/models/query.py::QuerySet::__init__	0	0	0	3	2	15
db/models/query.py::QuerySet::__iter__	0	0	0	1	0	17
db/models/query.py::QuerySet::__len__	0	0	0	1	0	3
db/models/query.py::QuerySet::__or__	1	0	0	5	4	13
db/models/query.py::QuerySet::__repr__	1	0	0	2	1	5
db/models/query.py::QuerySet::__setstate__	2	0	0	3	4	18
db/models/query.py::QuerySet::_add_hints	0	0	0	1	0	6
db/models/query.py::QuerySet::_annotate	3	0	0	13	22	42
db/models/query.py::QuerySet::_batched_insert	2	0	0	7	8	21
db/models/query.py::QuerySet::_chain	1	0	0	2	1	11
db/models/query.py::QuerySet::_clone	0	0	0	1	0	13
db/models/query.py::QuerySet::_combinator_query	0	0	0	1	0	10
db/models/query.py::QuerySet::_earliest	2	0	0	5	6	24
db/models/query.py::QuerySet::_extract_model_params	3	0	0	7	9	24
db/models/query.py::QuerySet::_fetch_all	1	0	0	4	3	5
db/models/query.py::QuerySet::_filter_or_exclude	1	0	0	4	4	12
db/models/query.py::QuerySet::_filter_or_exclude_inplace	1	0	0	2	2	5
db/models/query.py::QuerySet::_has_filters	0	0	0	1	0	7
db/models/query.py::QuerySet::_insert	1	0	0	2	1	11
db/models/query.py::QuerySet::_iterator	0	0	0	1	0	2
db/models/query.py::QuerySet::_merge_known_related_objects	1	0	0	2	1	6
db/models/query.py::QuerySet::_merge_sanity_check	1	0	0	5	3	10
db/models/query.py::QuerySet::_next_is_sticky	0	0	0	1	0	13
db/models/query.py::QuerySet::_not_support_combined_queries	1	0	0	2	1	6
db/models/query.py::QuerySet::_prefetch_related_objects	0	0	0	1	0	4
db/models/query.py::QuerySet::_prepare_for_bulk_create	2	0	0	3	3	6
db/models/query.py::QuerySet::_raw_delete	1	0	0	2	1	12
db/models/query.py::QuerySet::_update	0	0	0	1	0	15
db/models/query.py::QuerySet::_validate_values_are_expressions	1	0	0	2	1	9
db/models/query.py::QuerySet::_values	1	0	0	2	1	7
db/models/query.py::QuerySet::aggregate	3	0	0	10	13	35
db/models/query.py::QuerySet::alias	0	0	0	1	0	6
db/models/query.py::QuerySet::all	0	0	0	1	0	6
db/models/query.py::QuerySet::annotate	0	0	0	1	0	7
db/models/query.py::QuerySet::as_manager	0	0	0	1	0	6
db/models/query.py::QuerySet::bulk_create	4	1	2	15	26	63
db/models/query.py::QuerySet::bulk_update	4	1	2	16	23	42
db/models/query.py::QuerySet::complex_filter	1	0	0	2	2	16
db/models/query.py::QuerySet::count	1	0	0	2	1	12
db/models/query.py::QuerySet::create	0	0	0	1	0	9
db/models/query.py::QuerySet::dates	1	0	0	2	1	15
db/models/query.py::QuerySet::datetimes	2	0	0	4	5	26
db/models/query.py::QuerySet::db	1	0	0	4	3	5
db/models/query.py::QuerySet::defer	1	0	0	3	3	16
db/models/query.py::QuerySet::delete	1	0	0	2	1	28
db/models/query.py::QuerySet::difference	1	0	0	2	1	5
db/models/query.py::QuerySet::distinct	0	0	0	1	0	10
db/models/query.py::QuerySet::earliest	0	0	0	1	0	2
db/models/query.py::QuerySet::exclude	0	0	0	1	0	7
db/models/query.py::QuerySet::exists	1	0	0	2	1	4
db/models/query.py::QuerySet::explain	0	0	0	1	0	2
db/models/query.py::QuerySet::extra	0	0	0	1	0	9
db/models/query.py::QuerySet::filter	0	0	0	1	0	7
db/models/query.py::QuerySet::first	2	0	0	3	3	4
db/models/query.py::QuerySet::get	1	0	0	13	12	31
db/models/query.py::QuerySet::get_or_create	3	0	0	4	6	24
db/models/query.py::QuerySet::in_bulk	3	0	0	10	13	38
db/models/query.py::QuerySet::intersection	2	0	0	4	4	8
db/models/query.py::QuerySet::iterator	1	0	0	2	1	9
db/models/query.py::QuerySet::last	2	0	0	3	3	4
db/models/query.py::QuerySet::latest	0	0	0	1	0	2
db/models/query.py::QuerySet::none	0	0	0	1	0	5
db/models/query.py::QuerySet::only	2	0	0	5	5	20
db/models/query.py::QuerySet::order_by	0	0	0	1	0	8
db/models/query.py::QuerySet::ordered	1	0	0	6	6	18
db/models/query.py::QuerySet::prefetch_related	3	0	0	5	10	22
db/models/query.py::QuerySet::query	1	0	0	2	1	6
db/models/query.py::QuerySet::raw	1	0	0	2	1	6
db/models/query.py::QuerySet::resolve_expression	1	0	0	3	2	8
db/models/query.py::QuerySet::reverse	1	0	0	2	1	7
db/models/query.py::QuerySet::select_for_update	1	0	0	3	2	15
db/models/query.py::QuerySet::select_related	1	0	0	3	4	21
db/models/query.py::QuerySet::union	2	0	0	4	5	10
db/models/query.py::QuerySet::update	0	0	0	1	0	17
db/models/query.py::QuerySet::update_or_create	1	0	0	4	3	19
db/models/query.py::QuerySet::using	0	0	0	1	0	5
db/models/query.py::QuerySet::values	0	0	0	1	0	5
db/models/query.py::QuerySet::values_list	4	1	2	11	18	30
db/models/query.py::RawQuerySet::__bool__	0	0	0	1	0	3
db/models/query.py::RawQuerySet::__getitem__	0	0	0	1	0	2
db/models/query.py::RawQuerySet::__init__	0	0	0	4	3	12
db/models/query.py::RawQuerySet::__iter__	0	0	0	1	0	3
db/models/query.py::RawQuerySet::__len__	0	0	0	1	0	3
db/models/query.py::RawQuerySet::__repr__	0	0	0	1	0	2
db/models/query.py::RawQuerySet::_clone	0	0	0	1	0	8
db/models/query.py::RawQuerySet::_fetch_all	1	0	0	4	3	5
db/models/query.py::RawQuerySet::_prefetch_related_objects	0	0	0	1	0	3
db/models/query.py::RawQuerySet::columns	2	0	0	3	4	16
db/models/query.py::RawQuerySet::db	0	0	0	2	1	3
db/models/query.py::RawQuerySet::iterator	3	0	0	9	11	34
db/models/query.py::RawQuerySet::model_fields	1	0	0	2	1	8
db/models/query.py::RawQuerySet::prefetch_related	1	0	0	2	2	8
db/models/query.py::RawQuerySet::resolve_model_init_order	0	0	0	1	0	9
db/models/query.py::RawQuerySet::using	0	0	0	1	0	8
db/models/query.py::RelatedPopulator::__init__	1	0	0	2	2	45
db/models/query.py::RelatedPopulator::populate	2	0	0	5	7	14
db/models/query.py::ValuesIterable::__iter__	1	0	0	2	1	14
db/models/query.py::ValuesListIterable::__iter__	2	0	0	3	3	22
db/models/query.py::get_prefetcher	5	2	15	7	22	52
db/models/query.py::get_related_populators	1	0	0	2	1	7
db/models/query.py::has_cached_property	0	0	0	1	0	2
db/models/query.py::has_to_attr_attribute	0	0	0	1	0	2
db/models/query.py::in_prefetched_cache	0	0	0	1	0	2
db/models/query.py::normalize_prefetch_lookups	2	0	0	4	5	10
db/models/query.py::prefetch_one_level	4	1	4	13	29	98
db/models/query.py::prefetch_related_objects	6	3	35	25	76	133
db/models/query_utils.py::DeferredAttribute::__get__	2	0	0	4	5	18
db/models/query_utils.py::DeferredAttribute::__init__	0	0	0	1	0	2
db/models/query_utils.py::DeferredAttribute::_check_parent_chain	1	0	0	3	2	11
db/models/query_utils.py::FilteredRelation::__eq__	1	0	0	4	2	8
db/models/query_utils.py::FilteredRelation::__init__	1	0	0	3	2	9
db/models/query_utils.py::FilteredRelation::as_sql	0	0	0	1	0	5
db/models/query_utils.py::FilteredRelation::clone	0	0	0	1	0	5
db/models/query_utils.py::FilteredRelation::resolve_expression	0	0	0	1	0	6
db/models/query_utils.py::InvalidQueryType::__instancecheck__	0	0	0	2	1	3
db/models/query_utils.py::InvalidQueryType::__subclasscheck__	0	0	0	2	1	3
db/models/query_utils.py::InvalidQueryType::__warn	0	0	0	1	0	7
db/models/query_utils.py::InvalidQueryType::_subclasses	0	0	0	1	0	2
db/models/query_utils.py::Q::__and__	0	0	0	1	0	2
db/models/query_utils.py::Q::__init__	0	0	0	1	0	2
db/models/query_utils.py::Q::__invert__	0	0	0	1	0	5
db/models/query_utils.py::Q::__or__	0	0	0	1	0	2
db/models/query_utils.py::Q::_combine	1	0	0	3	3	16
db/models/query_utils.py::Q::deconstruct	2	0	0	6	7	15
db/models/query_utils.py::Q::resolve_expression	0	0	0	1	0	9
db/models/query_utils.py::RegisterLookupMixin::_clear_cached_lookups	1	0	0	2	1	3
db/models/query_utils.py::RegisterLookupMixin::_get_lookup	0	0	0	1	0	2
db/models/query_utils.py::RegisterLookupMixin::_unregister_lookup	1	0	0	2	1	8
db/models/query_utils.py::RegisterLookupMixin::get_lookup	1	0	0	5	4	8
db/models/query_utils.py::RegisterLookupMixin::get_lookups	0	0	0	1	0	3
db/models/query_utils.py::RegisterLookupMixin::get_transform	1	0	0	5	4	8
db/models/query_utils.py::RegisterLookupMixin::merge_dicts	1	0	0	2	1	9
db/models/query_utils.py::RegisterLookupMixin::register_lookup	1	0	0	3	2	8
db/models/query_utils.py::check	0	0	0	3	1	6
db/models/query_utils.py::check_rel_lookup_compatibility	0	0	0	5	3	26
db/models/query_utils.py::refs_expression	2	0	0	4	4	11
db/models/query_utils.py::select_related_descend	3	0	0	15	19	35
db/models/query_utils.py::subclasses	1	0	0	2	1	4
db/models/signals.py::ModelSignal::_lazy_method	1	0	0	3	3	10
db/models/signals.py::ModelSignal::connect	0	0	0	1	0	5
db/models/signals.py::ModelSignal::disconnect	0	0	0	1	0	4
db/models/sql/compiler.py::SQLAggregateCompiler::as_sql	1	0	0	2	1	21
db/models/sql/compiler.py::SQLCompiler::__init__	0	0	0	1	0	13
db/models/sql/compiler.py::SQLCompiler::_get_field_choices	0	0	0	1	0	7
db/models/sql/compiler.py::SQLCompiler::_get_first_selected_col_from_model	2	0	0	3	3	12
db/models/sql/compiler.py::SQLCompiler::_get_parent_klass_info	1	0	0	3	2	18
db/models/sql/compiler.py::SQLCompiler::_setup_joins	0	0	0	2	1	12
db/models/sql/compiler.py::SQLCompiler::apply_converters	3	0	0	4	6	10
db/models/sql/compiler.py::SQLCompiler::as_sql	3	0	0	41	75	158
db/models/sql/compiler.py::SQLCompiler::as_subquery_condition	1	0	0	2	1	12
db/models/sql/compiler.py::SQLCompiler::collapse_group_by	3	0	0	12	15	49
db/models/sql/compiler.py::SQLCompiler::compile	1	0	0	2	2	7
db/models/sql/compiler.py::SQLCompiler::deferred_to_columns	0	0	0	1	0	9
db/models/sql/compiler.py::SQLCompiler::execute_sql	2	0	0	14	17	66
db/models/sql/compiler.py::SQLCompiler::explain_query	2	0	0	3	4	9
db/models/sql/compiler.py::SQLCompiler::find_ordering_name	4	1	1	12	18	40
db/models/sql/compiler.py::SQLCompiler::get_combinator_sql	3	0	0	20	32	54
db/models/sql/compiler.py::SQLCompiler::get_converters	3	0	0	5	7	9
db/models/sql/compiler.py::SQLCompiler::get_default_columns	2	0	0	10	11	43
db/models/sql/compiler.py::SQLCompiler::get_distinct	3	0	0	4	7	23
db/models/sql/compiler.py::SQLCompiler::get_extra_select	3	0	0	6	8	9
db/models/sql/compiler.py::SQLCompiler::get_from_clause	2	0	0	7	9	33
db/models/sql/compiler.py::SQLCompiler::get_group_by	3	0	0	14	21	85
db/models/sql/compiler.py::SQLCompiler::get_order_by	4	5	16	30	74	135
db/models/sql/compiler.py::SQLCompiler::get_related_klass_infos	0	0	0	1	0	2
db/models/sql/compiler.py::SQLCompiler::get_related_selections	4	3	12	29	54	175
db/models/sql/compiler.py::SQLCompiler::get_select	3	0	0	12	18	71
db/models/sql/compiler.py::SQLCompiler::get_select_for_update_of_arguments	5	1	10	18	44	100
db/models/sql/compiler.py::SQLCompiler::get_select_from_parent	2	0	0	3	3	6
db/models/sql/compiler.py::SQLCompiler::has_results	0	0	0	1	0	6
db/models/sql/compiler.py::SQLCompiler::local_setter	1	0	0	2	1	4
db/models/sql/compiler.py::SQLCompiler::pre_sql_setup	0	0	0	1	0	13
db/models/sql/compiler.py::SQLCompiler::quote_name_unless_alias	1	0	0	7	5	16
db/models/sql/compiler.py::SQLCompiler::remote_setter	0	0	0	1	0	2
db/models/sql/compiler.py::SQLCompiler::results_iter	2	0	0	4	4	13
db/models/sql/compiler.py::SQLCompiler::setup_query	1	0	0	2	1	5
db/models/sql/compiler.py::SQLDeleteCompiler::_as_sql	1	0	0	2	1	8
db/models/sql/compiler.py::SQLDeleteCompiler::as_sql	1	0	0	3	2	23
db/models/sql/compiler.py::SQLDeleteCompiler::single_alias	0	0	0	1	0	4
db/models/sql/compiler.py::SQLInsertCompiler::as_sql	2	0	0	12	19	60
db/models/sql/compiler.py::SQLInsertCompiler::assemble_as_sql	1	0	0	2	1	34
db/models/sql/compiler.py::SQLInsertCompiler::execute_sql	1	0	0	8	6	19
db/models/sql/compiler.py::SQLInsertCompiler::field_as_sql	1	0	0	2	4	31
db/models/sql/compiler.py::SQLInsertCompiler::pre_save_val	1	0	0	2	1	8
db/models/sql/compiler.py::SQLInsertCompiler::prepare_value	2	0	0	5	8	28
db/models/sql/compiler.py::SQLUpdateCompiler::as_sql	3	0	0	10	24	62
db/models/sql/compiler.py::SQLUpdateCompiler::execute_sql	2	0	0	6	6	20
db/models/sql/compiler.py::SQLUpdateCompiler::pre_sql_setup	2	0	0	7	8	41
db/models/sql/compiler.py::cursor_iter	3	0	0	3	3	10
db/models/sql/datastructures.py::BaseTable::__eq__	1	0	0	2	1	4
db/models/sql/datastructures.py::BaseTable::__hash__	0	0	0	1	0	2
db/models/sql/datastructures.py::BaseTable::__init__	0	0	0	1	0	3
db/models/sql/datastructures.py::BaseTable::as_sql	1	0	0	2	1	4
db/models/sql/datastructures.py::BaseTable::equals	0	0	0	1	0	2
db/models/sql/datastructures.py::BaseTable::identity	0	0	0	1	0	2
db/models/sql/datastructures.py::BaseTable::relabeled_clone	0	0	0	1	0	2
db/models/sql/datastructures.py::Join::__eq__	1	0	0	2	1	4
db/models/sql/datastructures.py::Join::__hash__	0	0	0	1	0	2
db/models/sql/datastructures.py::Join::__init__	0	0	0	1	0	17
db/models/sql/datastructures.py::Join::as_sql	2	0	0	7	7	44
db/models/sql/datastructures.py::Join::demote	0	0	0	1	0	4
db/models/sql/datastructures.py::Join::equals	1	0	0	2	1	4
db/models/sql/datastructures.py::Join::identity	0	0	0	1	0	8
db/models/sql/datastructures.py::Join::promote	0	0	0	1	0	4
db/models/sql/datastructures.py::Join::relabeled_clone	1	0	0	2	2	12
db/models/sql/datastructures.py::MultiJoin::__init__	0	0	0	1	0	4
db/models/sql/query.py::JoinPromoter::__init__	2	0	0	3	5	14
db/models/sql/query.py::JoinPromoter::add_votes	0	0	0	1	0	6
db/models/sql/query.py::JoinPromoter::update_join_types	2	0	0	7	8	55
db/models/sql/query.py::Query::__deepcopy__	0	0	0	1	0	5
db/models/sql/query.py::Query::__init__	0	0	0	1	0	87
db/models/sql/query.py::Query::__str__	0	0	0	1	0	10
db/models/sql/query.py::Query::_add_q	2	0	0	4	4	21
db/models/sql/query.py::Query::_gen_col_aliases	0	0	0	1	0	2
db/models/sql/query.py::Query::_gen_cols	2	0	0	3	4	6
db/models/sql/query.py::Query::_get_col	1	0	0	2	1	4
db/models/sql/query.py::Query::add_annotation	1	0	0	2	2	9
db/models/sql/query.py::Query::add_deferred_loading	1	0	0	2	2	19
db/models/sql/query.py::Query::add_distinct_fields	0	0	0	1	0	6
db/models/sql/query.py::Query::add_extra	4	1	2	11	18	31
db/models/sql/query.py::Query::add_fields	2	0	0	7	10	42
db/models/sql/query.py::Query::add_filter	0	0	0	1	0	2
db/models/sql/query.py::Query::add_filtered_relation	4	1	6	7	14	28
db/models/sql/query.py::Query::add_immediate_loading	1	0	0	3	3	23
db/models/sql/query.py::Query::add_ordering	3	0	0	12	25	45
db/models/sql/query.py::Query::add_q	1	0	0	2	1	16
db/models/sql/query.py::Query::add_select_col	0	0	0	1	0	3
db/models/sql/query.py::Query::add_select_related	2	0	0	4	5	15
db/models/sql/query.py::Query::annotation_select	1	0	0	2	4	17
db/models/sql/query.py::Query::append_annotation_mask	1	0	0	2	1	3
db/models/sql/query.py::Query::as_sql	1	0	0	2	1	5
db/models/sql/query.py::Query::base_table	1	0	0	2	1	3
db/models/sql/query.py::Query::build_filter	3	0	0	30	37	146
db/models/sql/query.py::Query::build_filtered_relation_q	2	0	0	4	5	21
db/models/sql/query.py::Query::build_lookup	2	0	0	12	13	44
db/models/sql/query.py::Query::build_where	0	0	0	1	0	2
db/models/sql/query.py::Query::bump_prefix	2	0	0	8	11	48
db/models/sql/query.py::Query::can_filter	0	0	0	1	0	7
db/models/sql/query.py::Query::chain	1	0	0	5	4	14
db/models/sql/query.py::Query::change_aliases	3	0	0	8	11	38
db/models/sql/query.py::Query::check_filterable	2	0	0	5	5	13
db/models/sql/query.py::Query::check_query_object_type	2	0	0	3	3	10
db/models/sql/query.py::Query::check_related_objects	3	0	0	6	9	19
db/models/sql/query.py::Query::clear_deferred_loading	0	0	0	1	0	3
db/models/sql/query.py::Query::clear_limits	0	0	0	1	0	3
db/models/sql/query.py::Query::clear_ordering	1	0	0	2	1	9
db/models/sql/query.py::Query::clear_select_clause	0	0	0	1	0	7
db/models/sql/query.py::Query::clear_select_fields	0	0	0	1	0	8
db/models/sql/query.py::Query::clone	1	0	0	7	9	50
db/models/sql/query.py::Query::combine	2	0	0	15	19	100
db/models/sql/query.py::Query::count_active_tables	0	0	0	1	0	7
db/models/sql/query.py::Query::deferred_to_data	4	1	3	22	49	85
db/models/sql/query.py::Query::demote_joins	3	0	0	4	6	18
db/models/sql/query.py::Query::exists	2	0	0	6	6	21
db/models/sql/query.py::Query::explain	0	0	0	1	0	7
db/models/sql/query.py::Query::extra_select	1	0	0	3	4	13
db/models/sql/query.py::Query::final_transformer	1	0	0	2	1	4
db/models/sql/query.py::Query::get_aggregation	3	0	0	18	22	88
db/models/sql/query.py::Query::get_compiler	1	0	0	4	3	6
db/models/sql/query.py::Query::get_count	1	0	0	2	1	10
db/models/sql/query.py::Query::get_external_cols	0	0	0	1	0	6
db/models/sql/query.py::Query::get_initial_alias	1	0	0	2	2	11
db/models/sql/query.py::Query::get_loaded_field_names	1	0	0	2	1	18
db/models/sql/query.py::Query::get_loaded_field_names_cb	0	0	0	1	0	3
db/models/sql/query.py::Query::get_meta	0	0	0	1	0	7
db/models/sql/query.py::Query::has_filters	0	0	0	1	0	2
db/models/sql/query.py::Query::has_limit_one	0	0	0	2	1	2
db/models/sql/query.py::Query::has_results	0	0	0	1	0	4
db/models/sql/query.py::Query::has_select_fields	0	0	0	3	1	2
db/models/sql/query.py::Query::identity	0	0	0	1	0	6
db/models/sql/query.py::Query::is_empty	0	0	0	1	0	2
db/models/sql/query.py::Query::is_nullable	0	0	0	3	2	17
db/models/sql/query.py::Query::is_sliced	0	0	0	2	1	2
db/models/sql/query.py::Query::join	2	0	0	11	15	47
db/models/sql/query.py::Query::join_parent_model	2	0	0	7	8	32
db/models/sql/query.py::Query::names_to_path	5	2	13	21	53	102
db/models/sql/query.py::Query::output_field	1	0	0	3	3	6
db/models/sql/query.py::Query::prefix_gen	2	0	0	4	5	17
db/models/sql/query.py::Query::promote_joins	2	0	0	8	9	33
db/models/sql/query.py::Query::ref_alias	0	0	0	1	0	3
db/models/sql/query.py::Query::relabeled_clone	0	0	0	1	0	4
db/models/sql/query.py::Query::reset_refcounts	1	0	0	2	1	8
db/models/sql/query.py::Query::resolve_expression	2	0	0	11	9	24
db/models/sql/query.py::Query::resolve_lookup_value	2	0	0	3	4	17
db/models/sql/query.py::Query::resolve_ref	4	1	5	13	29	43
db/models/sql/query.py::Query::rewrite_cols	4	2	15	8	20	51
db/models/sql/query.py::Query::set_annotation_mask	1	0	0	2	2	7
db/models/sql/query.py::Query::set_empty	1	0	0	2	1	4
db/models/sql/query.py::Query::set_extra_mask	1	0	0	2	2	10
db/models/sql/query.py::Query::set_group_by	4	1	2	9	18	40
db/models/sql/query.py::Query::set_limits	2	0	0	6	9	22
db/models/sql/query.py::Query::set_select	0	0	0	1	0	3
db/models/sql/query.py::Query::set_values	4	1	6	10	23	48
db/models/sql/query.py::Query::setup_joins	3	0	0	15	29	103
db/models/sql/query.py::Query::solve_lookup_type	2	0	0	5	5	17
db/models/sql/query.py::Query::split_exclude	1	0	0	4	4	66
db/models/sql/query.py::Query::sql_with_params	0	0	0	1	0	6
db/models/sql/query.py::Query::table_alias	2	0	0	5	6	24
db/models/sql/query.py::Query::transform	2	0	0	4	5	10
db/models/sql/query.py::Query::trim_joins	2	0	0	6	8	27
db/models/sql/query.py::Query::trim_start	2	0	0	13	18	73
db/models/sql/query.py::Query::try_transform	2	0	0	3	5	19
db/models/sql/query.py::Query::unref_alias	0	0	0	1	0	3
db/models/sql/query.py::RawQuery::__init__	0	0	0	1	0	11
db/models/sql/query.py::RawQuery::__iter__	1	0	0	2	2	11
db/models/sql/query.py::RawQuery::__repr__	0	0	0	1	0	2
db/models/sql/query.py::RawQuery::__str__	1	0	0	2	1	4
db/models/sql/query.py::RawQuery::_execute_query	1	0	0	2	4	18
db/models/sql/query.py::RawQuery::chain	0	0	0	1	0	2
db/models/sql/query.py::RawQuery::clone	0	0	0	1	0	2
db/models/sql/query.py::RawQuery::get_columns	1	0	0	2	1	6
db/models/sql/query.py::RawQuery::params_type	1	0	0	3	2	4
db/models/sql/query.py::add_to_dict	1	0	0	2	2	9
db/models/sql/query.py::get_children_from_q	2	0	0	3	4	6
db/models/sql/query.py::get_field_names_from_opts	1	0	0	2	1	5
db/models/sql/query.py::get_order_dir	1	0	0	2	1	12
db/models/sql/query.py::is_reverse_o2o	0	0	0	3	1	6
db/models/sql/subqueries.py::AggregateQuery::__init__	0	0	0	1	0	3
db/models/sql/subqueries.py::DeleteQuery::delete_batch	1	0	0	2	1	16
db/models/sql/subqueries.py::DeleteQuery::do_query	1	0	0	2	1	8
db/models/sql/subqueries.py::InsertQuery::__init__	0	0	0	1	0	5
db/models/sql/subqueries.py::InsertQuery::insert_values	0	0	0	1	0	4
db/models/sql/subqueries.py::UpdateQuery::__init__	0	0	0	1	0	3
db/models/sql/subqueries.py::UpdateQuery::_setup_query	0	0	0	1	0	8
db/models/sql/subqueries.py::UpdateQuery::add_related_update	0	0	0	1	0	7
db/models/sql/subqueries.py::UpdateQuery::add_update_fields	2	0	0	3	3	11
db/models/sql/subqueries.py::UpdateQuery::add_update_values	2	0	0	8	9	21
db/models/sql/subqueries.py::UpdateQuery::clone	0	0	0	1	0	4
db/models/sql/subqueries.py::UpdateQuery::get_related_updates	2	0	0	4	4	16
db/models/sql/subqueries.py::UpdateQuery::update_batch	1	0	0	2	1	6
db/models/sql/where.py::ExtraWhere::__init__	0	0	0	1	0	3
db/models/sql/where.py::ExtraWhere::as_sql	0	0	0	2	1	3
db/models/sql/where.py::NothingNode::as_sql	0	0	0	1	0	2
db/models/sql/where.py::SubqueryConstraint::__init__	0	0	0	1	0	5
db/models/sql/where.py::SubqueryConstraint::as_sql	0	0	0	1	0	5
db/models/sql/where.py::WhereNode::_contains_aggregate	1	0	0	2	1	4
db/models/sql/where.py::WhereNode::_contains_over_clause	1	0	0	2	1	4
db/models/sql/where.py::WhereNode::_resolve_leaf	1	0	0	2	1	4
db/models/sql/where.py::WhereNode::_resolve_node	2	0	0	5	5	8
db/models/sql/where.py::WhereNode::as_sql	3	0	0	12	26	51
db/models/sql/where.py::WhereNode::clone	2	0	0	3	4	14
db/models/sql/where.py::WhereNode::contains_aggregate	0	0	0	1	0	2
db/models/sql/where.py::WhereNode::contains_over_clause	0	0	0	1	0	2
db/models/sql/where.py::WhereNode::copy	0	0	0	1	0	2
db/models/sql/where.py::WhereNode::get_group_by_cols	1	0	0	2	1	5
db/models/sql/where.py::WhereNode::get_source_expressions	0	0	0	1	0	2
db/models/sql/where.py::WhereNode::is_summary	0	0	0	1	0	2
db/models/sql/where.py::WhereNode::relabel_aliases	2	0	0	3	4	11
db/models/sql/where.py::WhereNode::relabeled_clone	0	0	0	1	0	4
db/models/sql/where.py::WhereNode::resolve_expression	0	0	0	1	0	5
db/models/sql/where.py::WhereNode::set_source_expressions	0	0	0	1	0	3
db/models/sql/where.py::WhereNode::split_having	3	0	0	13	19	32
db/models/utils.py::__reduce__	0	0	0	1	0	2
db/models/utils.py::create_namedtuple_class	0	0	0	1	0	7
db/models/utils.py::make_model_tuple	1	0	0	3	4	21
db/models/utils.py::resolve_callables	2	0	0	3	3	7
db/models/utils.py::unpickle_named_row	0	0	0	1	0	2
db/transaction.py::Atomic::__enter__	2	0	0	9	11	32
db/transaction.py::Atomic::__exit__	5	3	21	18	51	87
db/transaction.py::Atomic::__init__	0	0	0	1	0	4
db/transaction.py::_non_atomic_requests	1	0	0	2	1	6
db/transaction.py::atomic	1	0	0	2	2	8
db/transaction.py::clean_savepoints	0	0	0	1	0	5
db/transaction.py::commit	0	0	0	1	0	3
db/transaction.py::get_autocommit	0	0	0	1	0	3
db/transaction.py::get_connection	1	0	0	2	1	8
db/transaction.py::get_rollback	0	0	0	1	0	3
db/transaction.py::mark_for_rollback_on_error	2	0	0	3	3	25
db/transaction.py::non_atomic_requests	3	0	0	3	4	7
db/transaction.py::on_commit	0	0	0	1	0	6
db/transaction.py::rollback	0	0	0	1	0	3
db/transaction.py::savepoint	0	0	0	1	0	7
db/transaction.py::savepoint_commit	0	0	0	1	0	6
db/transaction.py::savepoint_rollback	0	0	0	1	0	6
db/transaction.py::set_autocommit	0	0	0	1	0	3
db/transaction.py::set_rollback	0	0	0	1	0	13
db/utils.py::ConnectionHandler::close_all	2	0	0	3	3	7
db/utils.py::ConnectionHandler::configure_settings	1	0	0	2	3	11
db/utils.py::ConnectionHandler::create_connection	0	0	0	1	0	6
db/utils.py::ConnectionHandler::databases	0	0	0	1	0	2
db/utils.py::ConnectionHandler::ensure_defaults	1	0	0	5	4	20
db/utils.py::ConnectionHandler::prepare_test_settings	1	0	0	3	2	19
db/utils.py::ConnectionRouter::__init__	0	0	0	1	0	5
db/utils.py::ConnectionRouter::_route_db	2	0	0	6	8	16
db/utils.py::ConnectionRouter::_router_func	2	0	0	6	8	18
db/utils.py::ConnectionRouter::allow_migrate	2	0	0	4	5	13
db/utils.py::ConnectionRouter::allow_migrate_model	0	0	0	1	0	7
db/utils.py::ConnectionRouter::allow_relation	2	0	0	4	6	12
db/utils.py::ConnectionRouter::get_migratable_models	0	0	0	1	0	4
db/utils.py::ConnectionRouter::routers	2	0	0	4	5	11
db/utils.py::DatabaseErrorWrapper::__call__	0	0	0	1	0	7
db/utils.py::DatabaseErrorWrapper::__enter__	0	0	0	1	0	2
db/utils.py::DatabaseErrorWrapper::__exit__	3	0	0	5	7	22
db/utils.py::DatabaseErrorWrapper::__init__	0	0	0	1	0	7
db/utils.py::DatabaseErrorWrapper::inner	0	0	0	1	0	3
db/utils.py::load_backend	2	0	0	5	6	31
dispatch/dispatcher.py::Signal::__init__	1	0	0	3	2	22
dispatch/dispatcher.py::Signal::_clear_dead_receivers	1	0	0	3	2	8
dispatch/dispatcher.py::Signal::_live_receivers	3	0	0	13	24	38
dispatch/dispatcher.py::Signal::_remove_receiver	0	0	0	1	0	8
dispatch/dispatcher.py::Signal::connect	2	0	0	9	11	63
dispatch/dispatcher.py::Signal::disconnect	2	0	0	4	5	35
dispatch/dispatcher.py::Signal::has_listeners	0	0	0	1	0	2
dispatch/dispatcher.py::Signal::send	1	0	0	3	2	25
dispatch/dispatcher.py::Signal::send_robust	2	0	0	5	6	39
dispatch/dispatcher.py::_decorator	2	0	0	3	4	7
dispatch/dispatcher.py::_make_id	1	0	0	2	1	4
dispatch/dispatcher.py::receiver	2	0	0	3	4	21
forms/boundfield.py::BoundField::__bool__	0	0	0	1	0	3
forms/boundfield.py::BoundField::__getitem__	1	0	0	2	1	9
forms/boundfield.py::BoundField::__init__	1	0	0	3	3	12
forms/boundfield.py::BoundField::__iter__	0	0	0	1	0	2
forms/boundfield.py::BoundField::__len__	0	0	0	1	0	2
forms/boundfield.py::BoundField::__str__	1	0	0	2	1	5
forms/boundfield.py::BoundField::as_hidden	0	0	0	1	0	5
forms/boundfield.py::BoundField::as_text	0	0	0	1	0	5
forms/boundfield.py::BoundField::as_textarea	0	0	0	1	0	3
forms/boundfield.py::BoundField::as_widget	2	0	0	8	8	19
forms/boundfield.py::BoundField::auto_id	1	0	0	3	3	11
forms/boundfield.py::BoundField::build_widget_attrs	1	0	0	6	4	8
forms/boundfield.py::BoundField::css_classes	1	0	0	7	6	12
forms/boundfield.py::BoundField::data	0	0	0	1	0	5
forms/boundfield.py::BoundField::errors	0	0	0	1	0	5
forms/boundfield.py::BoundField::id_for_label	0	0	0	2	1	9
forms/boundfield.py::BoundField::initial	1	0	0	3	2	8
forms/boundfield.py::BoundField::is_hidden	0	0	0	1	0	3
forms/boundfield.py::BoundField::label_tag	3	0	0	16	22	36
forms/boundfield.py::BoundField::subwidgets	1	0	0	3	2	15
forms/boundfield.py::BoundField::value	1	0	0	2	1	9
forms/boundfield.py::BoundField::widget_type	0	0	0	1	0	2
forms/boundfield.py::BoundWidget::__init__	0	0	0	1	0	4
forms/boundfield.py::BoundWidget::__str__	0	0	0	1	0	2
forms/boundfield.py::BoundWidget::choice_label	0	0	0	1	0	2
forms/boundfield.py::BoundWidget::id_for_label	0	0	0	1	0	2
forms/boundfield.py::BoundWidget::tag	0	0	0	1	0	3
forms/boundfield.py::BoundWidget::template_name	1	0	0	2	1	4
forms/fields.py::BaseTemporalField::__init__	1	0	0	2	1	4
forms/fields.py::BaseTemporalField::strptime	0	0	0	1	0	2
forms/fields.py::BaseTemporalField::to_python	2	0	0	3	3	9
forms/fields.py::BooleanField::has_changed	1	0	0	2	1	6
forms/fields.py::BooleanField::to_python	1	0	0	3	3	11
forms/fields.py::BooleanField::validate	1	0	0	3	2	3
forms/fields.py::CallableChoiceIterator::__init__	0	0	0	1	0	2
forms/fields.py::CallableChoiceIterator::__iter__	0	0	0	1	0	2
forms/fields.py::CharField::__init__	1	0	0	3	2	11
forms/fields.py::CharField::to_python	2	0	0	4	4	9
forms/fields.py::CharField::widget_attrs	1	0	0	5	4	9
forms/fields.py::ChoiceField::__deepcopy__	0	0	0	1	0	4
forms/fields.py::ChoiceField::__init__	0	0	0	1	0	3
forms/fields.py::ChoiceField::_get_choices	0	0	0	1	0	2
forms/fields.py::ChoiceField::_set_choices	1	0	0	2	2	10
forms/fields.py::ChoiceField::to_python	1	0	0	2	1	5
forms/fields.py::ChoiceField::valid_value	4	1	2	8	16	13
forms/fields.py::ChoiceField::validate	1	0	0	3	2	9
forms/fields.py::ComboField::__init__	1	0	0	2	1	8
forms/fields.py::ComboField::clean	1	0	0	2	1	9
forms/fields.py::DateField::strptime	0	0	0	1	0	2
forms/fields.py::DateField::to_python	1	0	0	4	3	12
forms/fields.py::DateTimeField::prepare_value	1	0	0	2	1	4
forms/fields.py::DateTimeField::strptime	0	0	0	1	0	2
forms/fields.py::DateTimeField::to_python	1	0	0	6	5	19
forms/fields.py::DateTimeFormatsIterator::__iter__	0	0	0	1	0	3
forms/fields.py::DecimalField::__init__	0	0	0	1	0	4
forms/fields.py::DecimalField::to_python	1	0	0	4	3	17
forms/fields.py::DecimalField::widget_attrs	2	0	0	4	5	11
forms/fields.py::DurationField::prepare_value	1	0	0	2	1	4
forms/fields.py::DurationField::to_python	1	0	0	5	4	15
forms/fields.py::EmailField::__init__	0	0	0	1	0	2
forms/fields.py::Field::__deepcopy__	0	0	0	1	0	7
forms/fields.py::Field::__init__	1	0	0	7	7	61
forms/fields.py::Field::bound_data	1	0	0	2	1	12
forms/fields.py::Field::clean	0	0	0	1	0	9
forms/fields.py::Field::get_bound_field	0	0	0	1	0	6
forms/fields.py::Field::has_changed	1	0	0	6	5	18
forms/fields.py::Field::prepare_value	0	0	0	1	0	2
forms/fields.py::Field::run_validators	3	0	0	7	9	13
forms/fields.py::Field::to_python	0	0	0	1	0	2
forms/fields.py::Field::validate	1	0	0	3	2	3
forms/fields.py::Field::widget_attrs	0	0	0	1	0	7
forms/fields.py::FileField::__init__	0	0	0	1	0	4
forms/fields.py::FileField::bound_data	1	0	0	2	1	4
forms/fields.py::FileField::clean	2	0	0	6	6	18
forms/fields.py::FileField::has_changed	0	0	0	2	1	2
forms/fields.py::FileField::to_python	1	0	0	8	7	20
forms/fields.py::FilePathField::__init__	5	2	10	22	51	41
forms/fields.py::FloatField::to_python	1	0	0	4	3	15
forms/fields.py::FloatField::validate	1	0	0	3	2	6
forms/fields.py::FloatField::widget_attrs	1	0	0	3	2	5
forms/fields.py::GenericIPAddressField::__init__	0	0	0	1	0	4
forms/fields.py::GenericIPAddressField::to_python	1	0	0	4	3	7
forms/fields.py::ImageField::to_python	2	0	0	7	9	42
forms/fields.py::ImageField::widget_attrs	1	0	0	3	2	5
forms/fields.py::IntegerField::__init__	1	0	0	5	4	11
forms/fields.py::IntegerField::to_python	1	0	0	4	3	16
forms/fields.py::IntegerField::widget_attrs	2	0	0	4	5	8
forms/fields.py::JSONField::__init__	0	0	0	1	0	4
forms/fields.py::JSONField::bound_data	1	0	0	3	2	7
forms/fields.py::JSONField::has_changed	1	0	0	2	1	9
forms/fields.py::JSONField::prepare_value	1	0	0	2	1	4
forms/fields.py::JSONField::to_python	1	0	0	5	6	19
forms/fields.py::MultiValueField::__deepcopy__	0	0	0	1	0	4
forms/fields.py::MultiValueField::__init__	2	0	0	4	5	14
forms/fields.py::MultiValueField::clean	4	2	4	16	32	53
forms/fields.py::MultiValueField::compress	0	0	0	1	0	10
forms/fields.py::MultiValueField::has_changed	2	0	0	7	10	16
forms/fields.py::MultiValueField::validate	0	0	0	1	0	2
forms/fields.py::MultipleChoiceField::has_changed	1	0	0	5	4	12
forms/fields.py::MultipleChoiceField::to_python	1	0	0	2	2	6
forms/fields.py::MultipleChoiceField::validate	2	0	0	5	5	12
forms/fields.py::NullBooleanField::to_python	1	0	0	2	3	15
forms/fields.py::NullBooleanField::validate	0	0	0	1	0	2
forms/fields.py::RegexField::__init__	0	0	0	1	0	7
forms/fields.py::RegexField::_get_regex	0	0	0	1	0	2
forms/fields.py::RegexField::_set_regex	1	0	0	4	3	8
forms/fields.py::SlugField::__init__	1	0	0	2	1	5
forms/fields.py::SplitDateTimeField::__init__	1	0	0	2	1	14
forms/fields.py::SplitDateTimeField::compress	2	0	0	4	5	11
forms/fields.py::TimeField::strptime	0	0	0	1	0	2
forms/fields.py::TimeField::to_python	1	0	0	3	2	10
forms/fields.py::TypedChoiceField::__init__	2	0	0	1	0	4
forms/fields.py::TypedChoiceField::_coerce	1	0	0	4	3	15
forms/fields.py::TypedChoiceField::clean	0	0	0	1	0	3
forms/fields.py::TypedMultipleChoiceField::__init__	2	0	0	1	0	4
forms/fields.py::TypedMultipleChoiceField::_coerce	2	0	0	5	5	18
forms/fields.py::TypedMultipleChoiceField::clean	0	0	0	1	0	3
forms/fields.py::TypedMultipleChoiceField::validate	1	0	0	2	2	5
forms/fields.py::URLField::__init__	0	0	0	1	0	2
forms/fields.py::URLField::split_url	1	0	0	2	1	11
forms/fields.py::URLField::to_python	2	0	0	5	6	30
forms/fields.py::UUIDField::prepare_value	1	0	0	2	1	4
forms/fields.py::UUIDField::to_python	2	0	0	4	4	10
forms/forms.py::BaseForm::__getitem__	1	0	0	3	2	15
forms/forms.py::BaseForm::__init__	3	0	0	14	17	44
forms/forms.py::BaseForm::__iter__	1	0	0	2	1	3
forms/forms.py::BaseForm::__repr__	1	0	0	3	3	11
forms/forms.py::BaseForm::__str__	0	0	0	1	0	2
forms/forms.py::BaseForm::_clean_fields	2	0	0	6	11	21
forms/forms.py::BaseForm::_clean_form	1	0	0	3	3	8
forms/forms.py::BaseForm::_html_output	3	0	0	14	31	77
forms/forms.py::BaseForm::_post_clean	0	0	0	1	0	6
forms/forms.py::BaseForm::add_error	3	0	0	11	20	46
forms/forms.py::BaseForm::add_initial_prefix	0	0	0	1	0	3
forms/forms.py::BaseForm::add_prefix	1	0	0	2	1	8
forms/forms.py::BaseForm::as_p	0	0	0	1	0	9
forms/forms.py::BaseForm::as_table	0	0	0	1	0	9
forms/forms.py::BaseForm::as_ul	0	0	0	1	0	9
forms/forms.py::BaseForm::changed_data	3	0	0	5	9	22
forms/forms.py::BaseForm::clean	0	0	0	1	0	8
forms/forms.py::BaseForm::errors	1	0	0	2	1	5
forms/forms.py::BaseForm::full_clean	1	0	0	4	3	16
forms/forms.py::BaseForm::get_initial_for_field	1	0	0	2	1	9
forms/forms.py::BaseForm::has_changed	0	0	0	1	0	3
forms/forms.py::BaseForm::has_error	0	0	0	3	2	5
forms/forms.py::BaseForm::hidden_fields	0	0	0	1	0	6
forms/forms.py::BaseForm::is_multipart	0	0	0	1	0	6
forms/forms.py::BaseForm::is_valid	0	0	0	2	1	3
forms/forms.py::BaseForm::media	1	0	0	2	1	6
forms/forms.py::BaseForm::non_field_errors	0	0	0	1	0	7
forms/forms.py::BaseForm::order_fields	2	0	0	4	4	21
forms/forms.py::BaseForm::visible_fields	0	0	0	1	0	6
forms/forms.py::DeclarativeFieldsMetaclass::__new__	3	0	0	6	9	25
forms/formsets.py::BaseFormSet::__bool__	0	0	0	1	0	6
forms/formsets.py::BaseFormSet::__getitem__	0	0	0	1	0	3
forms/formsets.py::BaseFormSet::__init__	1	0	0	8	7	20
forms/formsets.py::BaseFormSet::__iter__	0	0	0	1	0	3
forms/formsets.py::BaseFormSet::__len__	0	0	0	1	0	2
forms/formsets.py::BaseFormSet::__str__	0	0	0	1	0	2
forms/formsets.py::BaseFormSet::_construct_form	2	0	0	7	7	27
forms/formsets.py::BaseFormSet::_should_delete_form	0	0	0	1	0	3
forms/formsets.py::BaseFormSet::add_fields	2	0	0	7	8	20
forms/formsets.py::BaseFormSet::add_prefix	0	0	0	1	0	2
forms/formsets.py::BaseFormSet::as_p	0	0	0	1	0	4
forms/formsets.py::BaseFormSet::as_table	0	0	0	1	0	7
forms/formsets.py::BaseFormSet::as_ul	0	0	0	1	0	4
forms/formsets.py::BaseFormSet::clean	0	0	0	1	0	8
forms/formsets.py::BaseFormSet::cleaned_data	1	0	0	2	1	7
forms/formsets.py::BaseFormSet::compare_ordering_key	1	0	0	2	1	4
forms/formsets.py::BaseFormSet::deleted_forms	3	0	0	8	12	15
forms/formsets.py::BaseFormSet::empty_form	0	0	0	1	0	10
forms/formsets.py::BaseFormSet::errors	1	0	0	2	1	5
forms/formsets.py::BaseFormSet::extra_forms	0	0	0	1	0	3
forms/formsets.py::BaseFormSet::forms	0	0	0	1	0	7
forms/formsets.py::BaseFormSet::full_clean	2	0	0	14	15	54
forms/formsets.py::BaseFormSet::get_default_prefix	0	0	0	1	0	2
forms/formsets.py::BaseFormSet::get_form_kwargs	0	0	0	1	0	8
forms/formsets.py::BaseFormSet::get_ordering_widget	0	0	0	1	0	2
forms/formsets.py::BaseFormSet::has_changed	0	0	0	1	0	3
forms/formsets.py::BaseFormSet::initial_form_count	2	0	0	3	4	8
forms/formsets.py::BaseFormSet::initial_forms	0	0	0	1	0	3
forms/formsets.py::BaseFormSet::is_multipart	1	0	0	2	2	9
forms/formsets.py::BaseFormSet::is_valid	1	0	0	4	3	13
forms/formsets.py::BaseFormSet::management_form	1	0	0	2	2	13
forms/formsets.py::BaseFormSet::media	1	0	0	2	2	7
forms/formsets.py::BaseFormSet::non_form_errors	1	0	0	2	1	9
forms/formsets.py::BaseFormSet::ordered_forms	3	0	0	10	15	35
forms/formsets.py::BaseFormSet::total_error_count	0	0	0	1	0	4
forms/formsets.py::BaseFormSet::total_form_count	2	0	0	3	5	18
forms/formsets.py::ManagementForm::__init__	0	0	0	1	0	9
forms/formsets.py::ManagementForm::clean	0	0	0	1	0	7
forms/formsets.py::all_valid	0	0	0	1	0	4
forms/formsets.py::formset_factory	1	0	0	5	4	31
forms/models.py::BaseInlineFormSet::__init__	2	0	0	7	9	22
forms/models.py::BaseInlineFormSet::_construct_form	2	0	0	5	6	22
forms/models.py::BaseInlineFormSet::add_fields	2	0	0	6	9	30
forms/models.py::BaseInlineFormSet::get_default_prefix	0	0	0	1	0	2
forms/models.py::BaseInlineFormSet::get_unique_error_message	0	0	0	1	0	3
forms/models.py::BaseInlineFormSet::initial_form_count	1	0	0	2	1	4
forms/models.py::BaseInlineFormSet::save_new	0	0	0	1	0	6
forms/models.py::BaseModelForm::__init__	1	0	0	5	5	28
forms/models.py::BaseModelForm::_get_validation_exclusions	3	0	0	8	13	40
forms/models.py::BaseModelForm::_post_clean	2	0	0	6	6	29
forms/models.py::BaseModelForm::_save_m2m	2	0	0	8	11	20
forms/models.py::BaseModelForm::_update_errors	3	0	0	9	14	27
forms/models.py::BaseModelForm::clean	0	0	0	1	0	3
forms/models.py::BaseModelForm::save	2	0	0	4	5	22
forms/models.py::BaseModelForm::validate_unique	1	0	0	2	1	10
forms/models.py::BaseModelFormSet::__init__	0	0	0	1	0	5
forms/models.py::BaseModelFormSet::_construct_form	3	0	0	7	16	33
forms/models.py::BaseModelFormSet::_existing_object	1	0	0	2	1	4
forms/models.py::BaseModelFormSet::_get_to_python	1	0	0	2	1	8
forms/models.py::BaseModelFormSet::add_fields	3	0	0	14	24	42
forms/models.py::BaseModelFormSet::clean	0	0	0	1	0	2
forms/models.py::BaseModelFormSet::delete_existing	1	0	0	2	1	4
forms/models.py::BaseModelFormSet::get_date_error_message	0	0	0	1	0	9
forms/models.py::BaseModelFormSet::get_form_error	0	0	0	1	0	2
forms/models.py::BaseModelFormSet::get_queryset	2	0	0	4	6	18
forms/models.py::BaseModelFormSet::get_unique_error_message	1	0	0	2	2	9
forms/models.py::BaseModelFormSet::initial_form_count	1	0	0	2	1	5
forms/models.py::BaseModelFormSet::pk_is_not_editable	0	0	0	6	3	7
forms/models.py::BaseModelFormSet::save	2	0	0	3	3	13
forms/models.py::BaseModelFormSet::save_existing	0	0	0	1	0	3
forms/models.py::BaseModelFormSet::save_existing_objects	3	0	0	6	10	25
forms/models.py::BaseModelFormSet::save_m2m	1	0	0	2	1	3
forms/models.py::BaseModelFormSet::save_new	0	0	0	1	0	3
forms/models.py::BaseModelFormSet::save_new_objects	2	0	0	6	8	13
forms/models.py::BaseModelFormSet::validate_unique	6	4	25	21	51	72
forms/models.py::InlineForeignKeyField::__init__	2	0	0	3	4	11
forms/models.py::InlineForeignKeyField::clean	2	0	0	5	6	14
forms/models.py::InlineForeignKeyField::has_changed	0	0	0	1	0	2
forms/models.py::ModelChoiceField::__deepcopy__	1	0	0	2	1	6
forms/models.py::ModelChoiceField::__init__	1	0	0	5	5	20
forms/models.py::ModelChoiceField::_get_choices	1	0	0	2	1	14
forms/models.py::ModelChoiceField::_get_queryset	0	0	0	1	0	2
forms/models.py::ModelChoiceField::_set_queryset	1	0	0	2	1	3
forms/models.py::ModelChoiceField::get_limit_choices_to	1	0	0	2	1	9
forms/models.py::ModelChoiceField::has_changed	1	0	0	4	3	6
forms/models.py::ModelChoiceField::label_from_instance	0	0	0	1	0	7
forms/models.py::ModelChoiceField::prepare_value	2	0	0	3	4	7
forms/models.py::ModelChoiceField::to_python	1	0	0	5	4	11
forms/models.py::ModelChoiceField::validate	0	0	0	1	0	2
forms/models.py::ModelChoiceIterator::__bool__	0	0	0	2	1	2
forms/models.py::ModelChoiceIterator::__init__	0	0	0	1	0	3
forms/models.py::ModelChoiceIterator::__iter__	1	0	0	4	3	9
forms/models.py::ModelChoiceIterator::__len__	1	0	0	2	1	5
forms/models.py::ModelChoiceIterator::choice	0	0	0	1	0	5
forms/models.py::ModelChoiceIteratorValue::__eq__	1	0	0	2	1	4
forms/models.py::ModelChoiceIteratorValue::__init__	0	0	0	1	0	3
forms/models.py::ModelChoiceIteratorValue::__str__	0	0	0	1	0	2
forms/models.py::ModelFormMetaclass::__new__	2	0	0	13	18	69
forms/models.py::ModelFormOptions::__init__	0	0	0	1	0	10
forms/models.py::ModelMultipleChoiceField::__init__	1	0	0	2	1	9
forms/models.py::ModelMultipleChoiceField::_check_values	2	0	0	7	8	36
forms/models.py::ModelMultipleChoiceField::clean	1	0	0	5	5	16
forms/models.py::ModelMultipleChoiceField::has_changed	1	0	0	5	4	12
forms/models.py::ModelMultipleChoiceField::prepare_value	1	0	0	4	2	7
forms/models.py::ModelMultipleChoiceField::to_python	1	0	0	2	1	4
forms/models.py::_get_foreign_key	3	0	0	10	19	54
forms/models.py::apply_limit_choices_to_to_formfield	3	0	0	5	7	14
forms/models.py::construct_instance	2	0	0	14	17	37
forms/models.py::fields_for_model	3	0	0	30	46	87
forms/models.py::inlineformset_factory	1	0	0	2	1	43
forms/models.py::model_to_dict	2	0	0	7	9	23
forms/models.py::modelform_defines_fields	0	0	0	3	2	5
forms/models.py::modelform_factory	1	0	0	13	12	81
forms/models.py::modelformset_factory	1	0	0	3	2	27
forms/renderers.py::BaseRenderer::get_template	0	0	0	1	0	2
forms/renderers.py::BaseRenderer::render	0	0	0	1	0	3
forms/renderers.py::EngineMixin::engine	0	0	0	1	0	7
forms/renderers.py::EngineMixin::get_template	0	0	0	1	0	2
forms/renderers.py::Jinja2::backend	0	0	0	1	0	3
forms/renderers.py::TemplatesSetting::get_template	0	0	0	1	0	2
forms/renderers.py::get_default_renderer	0	0	0	1	0	3
forms/utils.py::ErrorDict::__str__	0	0	0	1	0	2
forms/utils.py::ErrorDict::as_data	0	0	0	1	0	2
forms/utils.py::ErrorDict::as_json	0	0	0	1	0	2
forms/utils.py::ErrorDict::as_text	1	0	0	2	1	6
forms/utils.py::ErrorDict::as_ul	1	0	0	2	1	7
forms/utils.py::ErrorDict::get_json_data	0	0	0	1	0	2
forms/utils.py::ErrorList::__contains__	0	0	0	1	0	2
forms/utils.py::ErrorList::__eq__	0	0	0	1	0	2
forms/utils.py::ErrorList::__getitem__	1	0	0	2	1	5
forms/utils.py::ErrorList::__init__	1	0	0	2	2	7
forms/utils.py::ErrorList::__reduce_ex__	0	0	0	1	0	8
forms/utils.py::ErrorList::__repr__	0	0	0	1	0	2
forms/utils.py::ErrorList::__str__	0	0	0	1	0	2
forms/utils.py::ErrorList::as_data	0	0	0	1	0	2
forms/utils.py::ErrorList::as_json	0	0	0	1	0	2
forms/utils.py::ErrorList::as_text	0	0	0	1	0	2
forms/utils.py::ErrorList::as_ul	1	0	0	2	1	9
forms/utils.py::ErrorList::copy	0	0	0	1	0	4
forms/utils.py::ErrorList::get_json_data	2	0	0	4	4	9
forms/utils.py::flatatt	3	0	0	4	7	24
forms/utils.py::from_current_timezone	2	0	0	5	4	18
forms/utils.py::pretty_name	1	0	0	2	1	5
forms/utils.py::to_current_timezone	1	0	0	4	2	8
forms/widgets.py::CheckboxInput::__init__	1	0	0	2	1	5
forms/widgets.py::CheckboxInput::format_value	1	0	0	5	2	5
forms/widgets.py::CheckboxInput::get_context	1	0	0	3	2	4
forms/widgets.py::CheckboxInput::value_from_datadict	1	0	0	3	2	11
forms/widgets.py::CheckboxInput::value_omitted_from_data	0	0	0	1	0	4
forms/widgets.py::CheckboxSelectMultiple::id_for_label	1	0	0	2	1	8
forms/widgets.py::CheckboxSelectMultiple::use_required_attribute	0	0	0	1	0	4
forms/widgets.py::CheckboxSelectMultiple::value_omitted_from_data	0	0	0	1	0	4
forms/widgets.py::ChoiceWidget::__deepcopy__	0	0	0	1	0	6
forms/widgets.py::ChoiceWidget::__init__	0	0	0	1	0	6
forms/widgets.py::ChoiceWidget::create_option	1	0	0	6	5	20
forms/widgets.py::ChoiceWidget::format_value	1	0	0	5	4	7
forms/widgets.py::ChoiceWidget::get_context	0	0	0	1	0	4
forms/widgets.py::ChoiceWidget::id_for_label	1	0	0	3	2	8
forms/widgets.py::ChoiceWidget::optgroups	3	0	0	8	13	33
forms/widgets.py::ChoiceWidget::options	1	0	0	2	1	4
forms/widgets.py::ChoiceWidget::subwidgets	0	0	0	1	0	7
forms/widgets.py::ChoiceWidget::value_from_datadict	2	0	0	3	3	8
forms/widgets.py::ClearableFileInput::clear_checkbox_id	0	0	0	1	0	5
forms/widgets.py::ClearableFileInput::clear_checkbox_name	0	0	0	1	0	6
forms/widgets.py::ClearableFileInput::format_value	1	0	0	2	1	6
forms/widgets.py::ClearableFileInput::get_context	0	0	0	1	0	13
forms/widgets.py::ClearableFileInput::is_initial	0	0	0	2	1	5
forms/widgets.py::ClearableFileInput::value_from_datadict	2	0	0	4	4	13
forms/widgets.py::ClearableFileInput::value_omitted_from_data	0	0	0	2	1	5
forms/widgets.py::DateTimeBaseInput::__init__	0	0	0	2	1	3
forms/widgets.py::DateTimeBaseInput::format_value	0	0	0	2	1	2
forms/widgets.py::FileInput::format_value	0	0	0	1	0	3
forms/widgets.py::FileInput::use_required_attribute	0	0	0	2	1	2
forms/widgets.py::FileInput::value_from_datadict	0	0	0	1	0	3
forms/widgets.py::FileInput::value_omitted_from_data	0	0	0	1	0	2
forms/widgets.py::Input::__init__	1	0	0	2	1	5
forms/widgets.py::Input::get_context	0	0	0	1	0	4
forms/widgets.py::Media::__add__	2	0	0	7	8	11
forms/widgets.py::Media::__getitem__	1	0	0	2	1	5
forms/widgets.py::Media::__init__	2	0	0	4	6	11
forms/widgets.py::Media::__repr__	0	0	0	1	0	2
forms/widgets.py::Media::__str__	0	0	0	1	0	2
forms/widgets.py::Media::_css	2	0	0	3	3	6
forms/widgets.py::Media::_js	0	0	0	1	0	2
forms/widgets.py::Media::absolute_path	1	0	0	2	1	9
forms/widgets.py::Media::merge	3	0	0	5	7	31
forms/widgets.py::Media::render	0	0	0	1	0	2
forms/widgets.py::Media::render_css	0	0	0	1	0	10
forms/widgets.py::Media::render_js	0	0	0	1	0	7
forms/widgets.py::MediaDefiningClass::__new__	1	0	0	2	1	7
forms/widgets.py::MultiWidget::__deepcopy__	0	0	0	1	0	4
forms/widgets.py::MultiWidget::__init__	2	0	0	4	5	10
forms/widgets.py::MultiWidget::_get_media	1	0	0	2	1	9
forms/widgets.py::MultiWidget::decompress	0	0	0	1	0	7
forms/widgets.py::MultiWidget::get_context	2	0	0	8	12	30
forms/widgets.py::MultiWidget::id_for_label	1	0	0	2	1	4
forms/widgets.py::MultiWidget::is_hidden	0	0	0	1	0	2
forms/widgets.py::MultiWidget::needs_multipart_form	0	0	0	1	0	2
forms/widgets.py::MultiWidget::value_from_datadict	0	0	0	1	0	5
forms/widgets.py::MultiWidget::value_omitted_from_data	0	0	0	1	0	5
forms/widgets.py::MultipleHiddenInput::format_value	1	0	0	2	1	2
forms/widgets.py::MultipleHiddenInput::get_context	2	0	0	3	3	18
forms/widgets.py::MultipleHiddenInput::value_from_datadict	1	0	0	2	1	6
forms/widgets.py::NullBooleanSelect::__init__	0	0	0	1	0	7
forms/widgets.py::NullBooleanSelect::format_value	1	0	0	2	1	10
forms/widgets.py::NullBooleanSelect::value_from_datadict	0	0	0	1	0	13
forms/widgets.py::PasswordInput::__init__	0	0	0	1	0	3
forms/widgets.py::PasswordInput::get_context	1	0	0	2	1	4
forms/widgets.py::Select::_choice_has_empty_value	0	0	0	2	1	4
forms/widgets.py::Select::get_context	1	0	0	2	1	5
forms/widgets.py::Select::use_required_attribute	1	0	0	4	2	12
forms/widgets.py::SelectDateWidget::__init__	2	0	0	7	11	31
forms/widgets.py::SelectDateWidget::_parse_date_fmt	2	0	0	3	7	14
forms/widgets.py::SelectDateWidget::format_value	3	0	0	5	10	24
forms/widgets.py::SelectDateWidget::get_context	1	0	0	5	4	35
forms/widgets.py::SelectDateWidget::id_for_label	1	0	0	2	1	4
forms/widgets.py::SelectDateWidget::value_from_datadict	2	0	0	9	8	17
forms/widgets.py::SelectDateWidget::value_omitted_from_data	0	0	0	1	0	5
forms/widgets.py::SelectMultiple::value_from_datadict	1	0	0	2	1	6
forms/widgets.py::SelectMultiple::value_omitted_from_data	0	0	0	1	0	4
forms/widgets.py::SplitDateTimeWidget::__init__	1	0	0	3	2	12
forms/widgets.py::SplitDateTimeWidget::decompress	1	0	0	2	1	5
forms/widgets.py::SplitHiddenDateTimeWidget::__init__	1	0	0	2	1	4
forms/widgets.py::Textarea::__init__	1	0	0	2	1	6
forms/widgets.py::Widget::__deepcopy__	0	0	0	1	0	5
forms/widgets.py::Widget::__init__	1	0	0	2	1	2
forms/widgets.py::Widget::_render	1	0	0	2	1	4
forms/widgets.py::Widget::build_attrs	0	0	0	2	1	3
forms/widgets.py::Widget::format_value	1	0	0	4	3	9
forms/widgets.py::Widget::get_context	0	0	0	1	0	11
forms/widgets.py::Widget::id_for_label	0	0	0	1	0	11
forms/widgets.py::Widget::is_hidden	1	0	0	2	1	2
forms/widgets.py::Widget::render	0	0	0	1	0	4
forms/widgets.py::Widget::subwidgets	0	0	0	1	0	3
forms/widgets.py::Widget::use_required_attribute	0	0	0	1	0	2
forms/widgets.py::Widget::value_from_datadict	0	0	0	1	0	6
forms/widgets.py::Widget::value_omitted_from_data	0	0	0	1	0	2
forms/widgets.py::_media	4	1	2	6	12	22
forms/widgets.py::boolean_check	0	0	0	3	1	2
forms/widgets.py::media_property	4	1	2	6	12	24
http/cookie.py::parse_cookie	2	0	0	5	7	17
http/multipartparser.py::BoundaryIter::__init__	1	0	0	2	1	14
http/multipartparser.py::BoundaryIter::__iter__	0	0	0	1	0	2
http/multipartparser.py::BoundaryIter::__next__	2	0	0	8	13	40
http/multipartparser.py::BoundaryIter::_find_boundary	2	0	0	4	6	23
http/multipartparser.py::ChunkIter::__init__	0	0	0	1	0	3
http/multipartparser.py::ChunkIter::__iter__	0	0	0	1	0	2
http/multipartparser.py::ChunkIter::__next__	1	0	0	3	3	9
http/multipartparser.py::InterBoundaryIter::__init__	0	0	0	1	0	3
http/multipartparser.py::InterBoundaryIter::__iter__	0	0	0	1	0	2
http/multipartparser.py::InterBoundaryIter::__next__	1	0	0	2	1	5
http/multipartparser.py::LazyStream::__init__	0	0	0	1	0	14
http/multipartparser.py::LazyStream::__iter__	0	0	0	1	0	2
http/multipartparser.py::LazyStream::__next__	1	0	0	2	2	15
http/multipartparser.py::LazyStream::_update_unget_history	1	0	0	2	1	20
http/multipartparser.py::LazyStream::close	0	0	0	1	0	8
http/multipartparser.py::LazyStream::parts	2	0	0	5	6	22
http/multipartparser.py::LazyStream::read	2	0	0	5	6	25
http/multipartparser.py::LazyStream::tell	0	0	0	1	0	2
http/multipartparser.py::LazyStream::unget	1	0	0	2	1	12
http/multipartparser.py::MultiPartParser::IE_sanitize	0	0	0	2	1	3
http/multipartparser.py::MultiPartParser::__init__	1	0	0	9	8	53
http/multipartparser.py::MultiPartParser::_close_files	2	0	0	3	3	7
http/multipartparser.py::MultiPartParser::handle_file_complete	2	0	0	3	3	10
http/multipartparser.py::MultiPartParser::parse	5	4	30	32	87	192
http/multipartparser.py::Parser::__init__	0	0	0	1	0	3
http/multipartparser.py::Parser::__iter__	1	0	0	2	1	5
http/multipartparser.py::_parse_header	1	0	0	2	1	7
http/multipartparser.py::_parse_header_params	2	0	0	5	6	13
http/multipartparser.py::exhaust	1	0	0	2	1	7
http/multipartparser.py::parse_boundary_stream	3	0	0	8	11	57
http/multipartparser.py::parse_header	4	1	2	8	17	30
http/request.py::HttpHeaders::__getitem__	0	0	0	1	0	3
http/request.py::HttpHeaders::__init__	2	0	0	3	3	7
http/request.py::HttpHeaders::parse_header_name	1	0	0	2	2	6
http/request.py::HttpRequest::__init__	0	0	0	1	0	17
http/request.py::HttpRequest::__iter__	0	0	0	1	0	2
http/request.py::HttpRequest::__repr__	1	0	0	3	2	4
http/request.py::HttpRequest::_current_scheme_host	0	0	0	1	0	2
http/request.py::HttpRequest::_get_full_path	1	0	0	4	3	8
http/request.py::HttpRequest::_get_raw_host	3	0	0	5	9	18
http/request.py::HttpRequest::_get_scheme	0	0	0	1	0	6
http/request.py::HttpRequest::_initialize_handlers	0	0	0	1	0	3
http/request.py::HttpRequest::_load_post_and_files	2	0	0	7	11	28
http/request.py::HttpRequest::_mark_post_parse_error	0	0	0	1	0	3
http/request.py::HttpRequest::_set_content_type_params	2	0	0	3	4	10
http/request.py::HttpRequest::accepted_types	0	0	0	1	0	3
http/request.py::HttpRequest::accepts	0	0	0	1	0	5
http/request.py::HttpRequest::body	2	0	0	7	9	16
http/request.py::HttpRequest::build_absolute_uri	3	0	0	10	11	35
http/request.py::HttpRequest::close	2	0	0	3	3	4
http/request.py::HttpRequest::encoding	0	0	0	1	0	2
http/request.py::HttpRequest::get_full_path	0	0	0	1	0	2
http/request.py::HttpRequest::get_full_path_info	0	0	0	1	0	2
http/request.py::HttpRequest::get_host	2	0	0	6	8	19
http/request.py::HttpRequest::get_port	1	0	0	3	3	7
http/request.py::HttpRequest::get_raw_uri	0	0	0	1	0	10
http/request.py::HttpRequest::get_signed_cookie	2	0	0	5	8	22
http/request.py::HttpRequest::headers	0	0	0	1	0	2
http/request.py::HttpRequest::is_ajax	0	0	0	1	0	8
http/request.py::HttpRequest::is_secure	0	0	0	1	0	2
http/request.py::HttpRequest::parse_file_upload	0	0	0	1	0	8
http/request.py::HttpRequest::read	1	0	0	2	1	6
http/request.py::HttpRequest::readline	1	0	0	2	1	6
http/request.py::HttpRequest::readlines	0	0	0	1	0	2
http/request.py::HttpRequest::scheme	3	0	0	5	8	12
http/request.py::HttpRequest::upload_handlers	1	0	0	2	1	5
http/request.py::MediaType::__init__	1	0	0	2	1	5
http/request.py::MediaType::__repr__	0	0	0	1	0	2
http/request.py::MediaType::__str__	1	0	0	2	1	10
http/request.py::MediaType::is_all_types	0	0	0	2	1	2
http/request.py::MediaType::match	1	0	0	4	3	7
http/request.py::QueryDict::__copy__	1	0	0	2	1	5
http/request.py::QueryDict::__deepcopy__	1	0	0	2	1	6
http/request.py::QueryDict::__delitem__	0	0	0	1	0	3
http/request.py::QueryDict::__init__	2	0	0	7	7	29
http/request.py::QueryDict::__setitem__	0	0	0	1	0	5
http/request.py::QueryDict::_assert_mutable	1	0	0	2	1	3
http/request.py::QueryDict::appendlist	0	0	0	1	0	5
http/request.py::QueryDict::clear	0	0	0	1	0	3
http/request.py::QueryDict::copy	0	0	0	1	0	3
http/request.py::QueryDict::encode	0	0	0	1	0	2
http/request.py::QueryDict::encoding	1	0	0	2	1	4
http/request.py::QueryDict::fromkeys	1	0	0	3	2	11
http/request.py::QueryDict::pop	0	0	0	1	0	3
http/request.py::QueryDict::popitem	0	0	0	1	0	3
http/request.py::QueryDict::setdefault	0	0	0	1	0	5
http/request.py::QueryDict::setlist	0	0	0	1	0	5
http/request.py::QueryDict::setlistdefault	0	0	0	1	0	3
http/request.py::QueryDict::urlencode	1	0	0	3	3	28
http/request.py::bytes_to_text	1	0	0	2	2	12
http/request.py::parse_accept_header	0	0	0	1	0	2
http/request.py::split_domain_port	1	0	0	5	4	20
http/request.py::validate_host	0	0	0	2	1	16
http/response.py::FileResponse::__init__	0	0	0	1	0	4
http/response.py::FileResponse::_set_streaming_content	2	0	0	3	2	11
http/response.py::FileResponse::set_headers	2	0	0	11	16	38
http/response.py::HttpResponse::__init__	0	0	0	1	0	4
http/response.py::HttpResponse::__iter__	0	0	0	1	0	2
http/response.py::HttpResponse::__repr__	0	0	0	1	0	6
http/response.py::HttpResponse::content	0	0	0	1	0	2
http/response.py::HttpResponse::getvalue	0	0	0	1	0	2
http/response.py::HttpResponse::serialize	0	0	0	1	0	3
http/response.py::HttpResponse::tell	0	0	0	1	0	2
http/response.py::HttpResponse::writable	0	0	0	1	0	2
http/response.py::HttpResponse::write	0	0	0	1	0	2
http/response.py::HttpResponse::writelines	1	0	0	2	1	3
http/response.py::HttpResponseBase::__delitem__	0	0	0	1	0	2
http/response.py::HttpResponseBase::__getitem__	0	0	0	1	0	2
http/response.py::HttpResponseBase::__init__	2	0	0	9	11	27
http/response.py::HttpResponseBase::__setitem__	0	0	0	1	0	2
http/response.py::HttpResponseBase::_content_type_for_repr	1	0	0	2	1	2
http/response.py::HttpResponseBase::charset	1	0	0	3	2	9
http/response.py::HttpResponseBase::close	2	0	0	3	3	10
http/response.py::HttpResponseBase::delete_cookie	0	0	0	3	2	13
http/response.py::HttpResponseBase::flush	0	0	0	1	0	2
http/response.py::HttpResponseBase::get	0	0	0	1	0	2
http/response.py::HttpResponseBase::has_header	0	0	0	1	0	3
http/response.py::HttpResponseBase::items	0	0	0	1	0	2
http/response.py::HttpResponseBase::make_bytes	1	0	0	3	2	15
http/response.py::HttpResponseBase::readable	0	0	0	1	0	2
http/response.py::HttpResponseBase::reason_phrase	1	0	0	2	1	6
http/response.py::HttpResponseBase::seekable	0	0	0	1	0	2
http/response.py::HttpResponseBase::serialize_headers	1	0	0	2	1	10
http/response.py::HttpResponseBase::set_cookie	3	0	0	12	18	45
http/response.py::HttpResponseBase::set_signed_cookie	0	0	0	1	0	3
http/response.py::HttpResponseBase::setdefault	0	0	0	1	0	3
http/response.py::HttpResponseBase::tell	0	0	0	1	0	2
http/response.py::HttpResponseBase::to_bytes	1	0	0	2	1	2
http/response.py::HttpResponseBase::writable	0	0	0	1	0	2
http/response.py::HttpResponseBase::write	0	0	0	1	0	2
http/response.py::HttpResponseBase::writelines	0	0	0	1	0	2
http/response.py::HttpResponseNotAllowed::__init__	0	0	0	1	0	3
http/response.py::HttpResponseNotAllowed::__repr__	0	0	0	1	0	7
http/response.py::HttpResponseNotModified::__init__	0	0	0	1	0	3
http/response.py::HttpResponseNotModified::content	1	0	0	2	1	4
http/response.py::HttpResponseRedirectBase::__init__	1	0	0	3	2	6
http/response.py::HttpResponseRedirectBase::__repr__	0	0	0	1	0	7
http/response.py::JsonResponse::__init__	1	0	0	4	3	12
http/response.py::ResponseHeaders::__delitem__	0	0	0	1	0	2
http/response.py::ResponseHeaders::__init__	1	0	0	3	2	13
http/response.py::ResponseHeaders::__setitem__	0	0	0	1	0	4
http/response.py::ResponseHeaders::_convert_to_charset	2	0	0	11	13	27
http/response.py::ResponseHeaders::pop	0	0	0	1	0	2
http/response.py::ResponseHeaders::setdefault	1	0	0	2	1	3
http/response.py::StreamingHttpResponse::__init__	0	0	0	1	0	5
http/response.py::StreamingHttpResponse::__iter__	0	0	0	1	0	2
http/response.py::StreamingHttpResponse::_set_streaming_content	1	0	0	2	1	5
http/response.py::StreamingHttpResponse::content	0	0	0	1	0	5
http/response.py::StreamingHttpResponse::getvalue	0	0	0	1	0	2
http/response.py::StreamingHttpResponse::streaming_content	0	0	0	1	0	2
middleware/cache.py::CacheMiddleware::__init__	1	0	0	6	5	26
middleware/cache.py::FetchFromCacheMiddleware::__init__	0	0	0	1	0	5
middleware/cache.py::FetchFromCacheMiddleware::process_request	1	0	0	6	5	27
middleware/cache.py::UpdateCacheMiddleware::__init__	0	0	0	1	0	7
middleware/cache.py::UpdateCacheMiddleware::_should_update_cache	0	0	0	2	1	2
middleware/cache.py::UpdateCacheMiddleware::process_response	4	1	1	14	16	40
middleware/clickjacking.py::XFrameOptionsMiddleware::get_xframe_options_value	0	0	0	1	0	9
middleware/clickjacking.py::XFrameOptionsMiddleware::process_response	1	0	0	3	2	14
middleware/common.py::BrokenLinkEmailsMiddleware::is_ignorable_request	1	0	0	9	7	26
middleware/common.py::BrokenLinkEmailsMiddleware::is_internal_request	0	0	0	1	0	7
middleware/common.py::BrokenLinkEmailsMiddleware::process_response	3	0	0	5	7	20
middleware/common.py::CommonMiddleware::get_full_path_with_slash	1	0	0	3	2	22
middleware/common.py::CommonMiddleware::process_request	3	0	0	10	12	28
middleware/common.py::CommonMiddleware::process_response	1	0	0	5	4	16
middleware/common.py::CommonMiddleware::should_redirect_with_slash	3	0	0	5	7	13
middleware/csrf.py::CsrfViewMiddleware::_accept	0	0	0	1	0	6
middleware/csrf.py::CsrfViewMiddleware::_get_token	2	0	0	5	8	22
middleware/csrf.py::CsrfViewMiddleware::_reject	0	0	0	1	0	9
middleware/csrf.py::CsrfViewMiddleware::_set_token	2	0	0	3	4	17
middleware/csrf.py::CsrfViewMiddleware::process_request	1	0	0	2	1	5
middleware/csrf.py::CsrfViewMiddleware::process_response	2	0	0	4	4	13
middleware/csrf.py::CsrfViewMiddleware::process_view	4	2	4	20	48	111
middleware/csrf.py::_compare_masked_tokens	0	0	0	1	0	7
middleware/csrf.py::_get_failure_view	0	0	0	1	0	3
middleware/csrf.py::_get_new_csrf_string	0	0	0	1	0	2
middleware/csrf.py::_get_new_csrf_token	0	0	0	1	0	2
middleware/csrf.py::_mask_cipher_secret	0	0	0	1	0	10
middleware/csrf.py::_sanitize_token	1	0	0	2	3	15
middleware/csrf.py::_unmask_cipher_token	0	0	0	1	0	11
middleware/csrf.py::get_token	1	0	0	2	2	17
middleware/csrf.py::rotate_token	0	0	0	1	0	10
middleware/gzip.py::GZipMiddleware::process_response	2	0	0	9	10	37
middleware/http.py::ConditionalGetMiddleware::needs_etag	0	0	0	1	0	4
middleware/http.py::ConditionalGetMiddleware::process_response	1	0	0	7	6	23
middleware/locale.py::LocaleMiddleware::process_request	1	0	0	4	2	9
middleware/locale.py::LocaleMiddleware::process_response	2	0	0	12	9	34
middleware/security.py::SecurityMiddleware::__init__	0	0	0	1	0	11
middleware/security.py::SecurityMiddleware::process_request	1	0	0	5	3	9
middleware/security.py::SecurityMiddleware::process_response	2	0	0	10	11	25
shortcuts.py::_get_queryset	1	0	0	2	1	11
shortcuts.py::get_list_or_404	2	0	0	4	4	19
shortcuts.py::get_object_or_404	2	0	0	4	4	22
shortcuts.py::redirect	1	0	0	2	1	19
shortcuts.py::render	0	0	0	1	0	7
shortcuts.py::resolve_url	2	0	0	9	10	39
template/autoreload.py::get_template_directories	3	0	0	5	8	20
template/autoreload.py::reset_loaders	2	0	0	4	5	6
template/autoreload.py::template_changed	2	0	0	3	3	5
template/autoreload.py::watch_for_template_changes	1	0	0	2	1	3
template/backends/base.py::BaseEngine::__init__	1	0	0	2	1	13
template/backends/base.py::BaseEngine::app_dirname	0	0	0	1	0	4
template/backends/base.py::BaseEngine::from_string	0	0	0	1	0	9
template/backends/base.py::BaseEngine::get_template	0	0	0	1	0	9
template/backends/base.py::BaseEngine::iter_template_filenames	2	0	0	3	3	14
template/backends/base.py::BaseEngine::template_dirs	1	0	0	2	1	9
template/backends/django.py::DjangoTemplates::__init__	0	0	0	1	0	10
template/backends/django.py::DjangoTemplates::from_string	0	0	0	1	0	2
template/backends/django.py::DjangoTemplates::get_template	1	0	0	2	1	5
template/backends/django.py::DjangoTemplates::get_templatetag_libraries	0	0	0	1	0	8
template/backends/django.py::Template::__init__	0	0	0	1	0	3
template/backends/django.py::Template::origin	0	0	0	1	0	2
template/backends/django.py::Template::render	1	0	0	2	1	6
template/backends/django.py::copy_exception	1	0	0	3	2	11
template/backends/django.py::get_installed_libraries	3	0	0	5	8	25
template/backends/django.py::get_package_libraries	2	0	0	4	5	16
template/backends/django.py::reraise	0	0	0	1	0	6
template/backends/dummy.py::Template::render	1	0	0	3	3	9
template/backends/dummy.py::TemplateStrings::__init__	1	0	0	2	1	7
template/backends/dummy.py::TemplateStrings::from_string	0	0	0	1	0	2
template/backends/dummy.py::TemplateStrings::get_template	2	0	0	3	4	14
template/backends/jinja2.py::Jinja2::__init__	1	0	0	3	2	18
template/backends/jinja2.py::Jinja2::from_string	0	0	0	1	0	2
template/backends/jinja2.py::Jinja2::get_template	1	0	0	3	2	9
template/backends/jinja2.py::Jinja2::template_context_processors	0	0	0	1	0	2
template/backends/jinja2.py::Origin::__init__	0	0	0	1	0	3
template/backends/jinja2.py::Template::__init__	0	0	0	1	0	6
template/backends/jinja2.py::Template::render	2	0	0	5	5	16
template/backends/jinja2.py::get_exception_info	2	0	0	4	5	35
template/backends/utils.py::csrf_input	0	0	0	1	0	4
template/base.py::DebugLexer::tokenize	2	0	0	4	4	23
template/base.py::FilterExpression::__init__	4	1	2	8	20	43
template/base.py::FilterExpression::__str__	0	0	0	1	0	2
template/base.py::FilterExpression::args_check	1	0	0	4	3	16
template/base.py::FilterExpression::resolve	5	1	7	13	35	36
template/base.py::Lexer::__init__	0	0	0	1	0	3
template/base.py::Lexer::create_token	3	0	0	10	18	28
template/base.py::Lexer::tokenize	2	0	0	3	3	13
template/base.py::Node::__iter__	0	0	0	1	0	2
template/base.py::Node::get_nodes_by_type	2	0	0	4	4	13
template/base.py::Node::render	0	0	0	1	0	5
template/base.py::Node::render_annotated	2	0	0	4	4	13
template/base.py::NodeList::get_nodes_by_type	1	0	0	2	1	6
template/base.py::NodeList::render	2	0	0	3	4	9
template/base.py::Origin::__eq__	0	0	0	3	1	6
template/base.py::Origin::__init__	0	0	0	1	0	4
template/base.py::Origin::__str__	0	0	0	1	0	2
template/base.py::Origin::loader_name	1	0	0	2	1	5
template/base.py::Parser::__init__	1	0	0	4	3	17
template/base.py::Parser::add_library	0	0	0	1	0	3
template/base.py::Parser::compile_filter	0	0	0	1	0	5
template/base.py::Parser::delete_first_token	0	0	0	1	0	2
template/base.py::Parser::error	1	0	0	3	2	12
template/base.py::Parser::extend_nodelist	1	0	0	5	4	13
template/base.py::Parser::find_filter	1	0	0	2	2	5
template/base.py::Parser::invalid_block_tag	1	0	0	2	1	16
template/base.py::Parser::next_token	0	0	0	1	0	2
template/base.py::Parser::parse	3	0	0	11	25	59
template/base.py::Parser::prepend_token	0	0	0	1	0	2
template/base.py::Parser::skip_past	2	0	0	4	4	6
template/base.py::Parser::unclosed_block_tag	0	0	0	1	0	8
template/base.py::Template::__init__	1	0	0	3	2	15
template/base.py::Template::__iter__	1	0	0	2	1	3
template/base.py::Template::_render	0	0	0	1	0	2
template/base.py::Template::compile_nodelist	2	0	0	4	5	24
template/base.py::Template::get_exception_info	2	0	0	5	5	77
template/base.py::Template::render	1	0	0	2	2	9
template/base.py::TextNode::__init__	0	0	0	1	0	2
template/base.py::TextNode::__repr__	0	0	0	1	0	2
template/base.py::TextNode::render	0	0	0	1	0	2
template/base.py::Token::__init__	0	0	0	1	0	22
template/base.py::Token::__str__	0	0	0	1	0	4
template/base.py::Token::split_contents	3	0	0	4	6	14
template/base.py::Variable::__init__	3	0	0	11	16	45
template/base.py::Variable::__repr__	0	0	0	1	0	2
template/base.py::Variable::__str__	0	0	0	1	0	2
template/base.py::Variable::_resolve_lookup	5	3	17	16	41	66
template/base.py::Variable::resolve	2	0	0	5	8	17
template/base.py::VariableDoesNotExist::__init__	0	0	0	1	0	3
template/base.py::VariableDoesNotExist::__str__	0	0	0	1	0	2
template/base.py::VariableNode::__init__	0	0	0	1	0	2
template/base.py::VariableNode::__repr__	0	0	0	1	0	2
template/base.py::VariableNode::render	1	0	0	2	1	9
template/base.py::linebreak_iter	1	0	0	2	1	7
template/base.py::render_value_in_context	2	0	0	3	4	14
template/base.py::token_kwargs	3	0	0	16	26	45
template/context.py::BaseContext::__contains__	0	0	0	1	0	2
template/context.py::BaseContext::__copy__	0	0	0	1	0	4
template/context.py::BaseContext::__delitem__	0	0	0	1	0	3
template/context.py::BaseContext::__eq__	1	0	0	2	1	8
template/context.py::BaseContext::__getitem__	2	0	0	3	3	6
template/context.py::BaseContext::__init__	0	0	0	1	0	2
template/context.py::BaseContext::__iter__	0	0	0	1	0	2
template/context.py::BaseContext::__repr__	0	0	0	1	0	2
template/context.py::BaseContext::__setitem__	0	0	0	1	0	3
template/context.py::BaseContext::_reset_dicts	1	0	0	2	1	5
template/context.py::BaseContext::flatten	1	0	0	2	1	8
template/context.py::BaseContext::get	2	0	0	3	3	5
template/context.py::BaseContext::new	0	0	0	1	0	8
template/context.py::BaseContext::pop	1	0	0	2	1	4
template/context.py::BaseContext::push	2	0	0	3	4	8
template/context.py::BaseContext::set_upward	2	0	0	3	3	11
template/context.py::BaseContext::setdefault	1	0	0	2	1	6
template/context.py::Context::__copy__	0	0	0	1	0	4
template/context.py::Context::__init__	0	0	0	1	0	10
template/context.py::Context::bind_template	1	0	0	2	1	8
template/context.py::Context::update	1	0	0	3	2	7
template/context.py::ContextDict::__enter__	0	0	0	1	0	2
template/context.py::ContextDict::__exit__	0	0	0	1	0	2
template/context.py::ContextDict::__init__	0	0	0	1	0	5
template/context.py::RenderContext::__contains__	0	0	0	1	0	2
template/context.py::RenderContext::__getitem__	0	0	0	1	0	2
template/context.py::RenderContext::__iter__	0	0	0	1	0	2
template/context.py::RenderContext::get	0	0	0	1	0	2
template/context.py::RenderContext::push_state	1	0	0	3	2	11
template/context.py::RequestContext::__init__	1	0	0	2	1	12
template/context.py::RequestContext::bind_template	1	0	0	3	2	19
template/context.py::RequestContext::new	1	0	0	2	1	7
template/context.py::make_context	2	0	0	5	6	16
template/context_processors.py::_get_val	1	0	0	2	2	9
template/context_processors.py::csrf	1	0	0	2	2	16
template/context_processors.py::debug	3	0	0	3	2	16
template/context_processors.py::i18n	0	0	0	1	0	7
template/context_processors.py::media	0	0	0	1	0	5
template/context_processors.py::request	0	0	0	1	0	2
template/context_processors.py::static	0	0	0	1	0	5
template/context_processors.py::tz	0	0	0	1	0	3
template/defaultfilters.py::_dec	1	0	0	3	2	7
template/defaultfilters.py::_property_resolver	1	0	0	2	2	24
template/defaultfilters.py::add	2	0	0	3	3	9
template/defaultfilters.py::addslashes	0	0	0	1	0	7
template/defaultfilters.py::capfirst	0	0	0	2	1	3
template/defaultfilters.py::center	0	0	0	1	0	3
template/defaultfilters.py::cut	1	0	0	3	2	7
template/defaultfilters.py::date	2	0	0	4	4	11
template/defaultfilters.py::default	0	0	0	2	1	3
template/defaultfilters.py::default_if_none	1	0	0	2	1	5
template/defaultfilters.py::dictsort	1	0	0	2	1	9
template/defaultfilters.py::dictsortreversed	1	0	0	2	1	9
template/defaultfilters.py::divisibleby	0	0	0	1	0	3
template/defaultfilters.py::escape_filter	0	0	0	1	0	3
template/defaultfilters.py::escapejs_filter	0	0	0	1	0	3
template/defaultfilters.py::escaper	0	0	0	1	0	2
template/defaultfilters.py::filesize_number_format	0	0	0	1	0	2
template/defaultfilters.py::filesizeformat	1	0	0	5	9	40
template/defaultfilters.py::first	1	0	0	2	1	6
template/defaultfilters.py::floatformat	2	0	0	14	14	85
template/defaultfilters.py::force_escape	0	0	0	1	0	7
template/defaultfilters.py::get_digit	1	0	0	4	3	18
template/defaultfilters.py::iriencode	0	0	0	1	0	3
template/defaultfilters.py::join	1	0	0	3	2	9
template/defaultfilters.py::json_script	0	0	0	1	0	6
template/defaultfilters.py::last	1	0	0	2	1	6
template/defaultfilters.py::length	1	0	0	2	1	6
template/defaultfilters.py::length_is	1	0	0	2	1	6
template/defaultfilters.py::linebreaks_filter	0	0	0	2	1	8
template/defaultfilters.py::linebreaksbr	1	0	0	3	2	10
template/defaultfilters.py::linenumbers	2	0	0	5	7	13
template/defaultfilters.py::list_formatter	2	0	0	3	3	11
template/defaultfilters.py::ljust	0	0	0	1	0	3
template/defaultfilters.py::lower	0	0	0	1	0	3
template/defaultfilters.py::make_list	0	0	0	1	0	8
template/defaultfilters.py::phone2numeric_filter	0	0	0	1	0	3
template/defaultfilters.py::pluralize	2	0	0	8	9	39
template/defaultfilters.py::pprint	1	0	0	2	1	6
template/defaultfilters.py::random	0	0	0	1	0	3
template/defaultfilters.py::rjust	0	0	0	1	0	3
template/defaultfilters.py::safe	0	0	0	1	0	3
template/defaultfilters.py::safeseq	0	0	0	1	0	7
template/defaultfilters.py::slice_filter	2	0	0	4	5	15
template/defaultfilters.py::slugify	0	0	0	1	0	7
template/defaultfilters.py::stringfilter	1	0	0	3	2	19
template/defaultfilters.py::stringformat	1	0	0	3	2	16
template/defaultfilters.py::striptags	0	0	0	1	0	3
template/defaultfilters.py::time	2	0	0	4	4	11
template/defaultfilters.py::timesince_filter	1	0	0	4	3	10
template/defaultfilters.py::timeuntil_filter	1	0	0	3	2	8
template/defaultfilters.py::title	2	0	0	1	0	4
template/defaultfilters.py::truncatechars	1	0	0	2	1	7
template/defaultfilters.py::truncatechars_html	1	0	0	2	1	10
template/defaultfilters.py::truncatewords	1	0	0	2	1	10
template/defaultfilters.py::truncatewords_html	1	0	0	2	1	10
template/defaultfilters.py::unordered_list	3	0	0	9	15	64
template/defaultfilters.py::upper	0	0	0	1	0	3
template/defaultfilters.py::urlencode	1	0	0	2	1	13
template/defaultfilters.py::urlize	0	0	0	1	0	3
template/defaultfilters.py::urlizetrunc	0	0	0	1	0	8
template/defaultfilters.py::walk_items	3	0	0	6	10	23
template/defaultfilters.py::wordcount	0	0	0	1	0	3
template/defaultfilters.py::wordwrap	0	0	0	1	0	3
template/defaultfilters.py::yesno	1	0	0	6	5	31
template/defaulttags.py::AutoEscapeControlNode::__init__	0	0	0	1	0	2
template/defaulttags.py::AutoEscapeControlNode::render	1	0	0	2	2	9
template/defaulttags.py::CommentNode::render	0	0	0	1	0	2
template/defaulttags.py::CsrfTokenNode::render	2	0	0	4	7	17
template/defaulttags.py::CycleNode::__init__	0	0	0	1	0	4
template/defaulttags.py::CycleNode::render	1	0	0	4	3	11
template/defaulttags.py::CycleNode::reset	0	0	0	1	0	5
template/defaulttags.py::DebugNode::render	0	0	0	1	0	6
template/defaulttags.py::FilterNode::__init__	0	0	0	1	0	2
template/defaulttags.py::FilterNode::render	0	0	0	1	0	5
template/defaulttags.py::FirstOfNode::__init__	0	0	0	1	0	3
template/defaulttags.py::FirstOfNode::render	2	0	0	4	4	11
template/defaulttags.py::ForNode::__init__	1	0	0	2	2	8
template/defaulttags.py::ForNode::__repr__	1	0	0	2	1	9
template/defaulttags.py::ForNode::render	3	0	0	12	20	62
template/defaulttags.py::IfChangedNode::__init__	0	0	0	1	0	3
template/defaulttags.py::IfChangedNode::_get_context_stack_frame	1	0	0	2	2	11
template/defaulttags.py::IfChangedNode::render	1	0	0	4	5	22
template/defaulttags.py::IfEqualNode::__init__	0	0	0	1	0	4
template/defaulttags.py::IfEqualNode::__repr__	0	0	0	1	0	2
template/defaulttags.py::IfEqualNode::render	1	0	0	5	4	6
template/defaulttags.py::IfNode::__init__	0	0	0	1	0	2
template/defaulttags.py::IfNode::__iter__	1	0	0	2	1	3
template/defaulttags.py::IfNode::__repr__	0	0	0	1	0	2
template/defaulttags.py::IfNode::nodelist	0	0	0	1	0	2
template/defaulttags.py::IfNode::render	3	0	0	5	9	15
template/defaulttags.py::LoadNode::render	0	0	0	1	0	2
template/defaulttags.py::LoremNode::__init__	0	0	0	1	0	2
template/defaulttags.py::LoremNode::render	1	0	0	4	4	12
template/defaulttags.py::NowNode::__init__	0	0	0	1	0	3
template/defaulttags.py::NowNode::render	1	0	0	3	3	9
template/defaulttags.py::RegroupNode::__init__	0	0	0	1	0	3
template/defaulttags.py::RegroupNode::render	2	0	0	2	1	14
template/defaulttags.py::RegroupNode::resolve_expression	0	0	0	1	0	5
template/defaulttags.py::ResetCycleNode::__init__	0	0	0	1	0	2
template/defaulttags.py::ResetCycleNode::render	0	0	0	1	0	3
template/defaulttags.py::SpacelessNode::__init__	0	0	0	1	0	2
template/defaulttags.py::SpacelessNode::render	0	0	0	1	0	3
template/defaulttags.py::TemplateIfParser::__init__	0	0	0	1	0	3
template/defaulttags.py::TemplateIfParser::create_var	0	0	0	1	0	2
template/defaulttags.py::TemplateLiteral::__init__	0	0	0	1	0	3
template/defaulttags.py::TemplateLiteral::display	0	0	0	1	0	2
template/defaulttags.py::TemplateLiteral::eval	0	0	0	1	0	2
template/defaulttags.py::TemplateTagNode::__init__	0	0	0	1	0	2
template/defaulttags.py::TemplateTagNode::render	0	0	0	1	0	2
template/defaulttags.py::URLNode::__init__	0	0	0	1	0	5
template/defaulttags.py::URLNode::render	2	0	0	7	10	28
template/defaulttags.py::VerbatimNode::__init__	0	0	0	1	0	2
template/defaulttags.py::VerbatimNode::render	0	0	0	1	0	2
template/defaulttags.py::WidthRatioNode::__init__	0	0	0	1	0	5
template/defaulttags.py::WidthRatioNode::render	1	0	0	6	6	24
template/defaulttags.py::WithNode::__init__	1	0	0	3	2	7
template/defaulttags.py::WithNode::__repr__	0	0	0	1	0	2
template/defaulttags.py::WithNode::render	0	0	0	1	0	4
template/defaulttags.py::autoescape	1	0	0	3	2	14
template/defaulttags.py::comment	0	0	0	1	0	6
template/defaulttags.py::csrf_token	0	0	0	1	0	2
template/defaulttags.py::cycle	3	0	0	10	17	85
template/defaulttags.py::debug	0	0	0	1	0	12
template/defaulttags.py::do_filter	2	0	0	3	3	27
template/defaulttags.py::do_for	2	0	0	8	9	89
template/defaulttags.py::do_if	1	0	0	4	3	84
template/defaulttags.py::do_ifequal	1	0	0	3	3	16
template/defaulttags.py::do_with	1	0	0	3	2	32
template/defaulttags.py::find_library	1	0	0	2	1	9
template/defaulttags.py::firstof	1	0	0	4	3	46
template/defaulttags.py::ifchanged	1	0	0	2	2	39
template/defaulttags.py::ifequal	0	0	0	1	0	21
template/defaulttags.py::ifnotequal	0	0	0	1	0	11
template/defaulttags.py::load	2	0	0	4	5	28
template/defaulttags.py::load_from_library	2	0	0	5	7	20
template/defaulttags.py::lorem	1	0	0	5	6	44
template/defaulttags.py::now	1	0	0	4	3	20
template/defaulttags.py::regroup	1	0	0	4	3	66
template/defaulttags.py::resetcycle	2	0	0	5	5	23
template/defaulttags.py::spaceless	0	0	0	1	0	28
template/defaulttags.py::templatetag	1	0	0	3	2	32
template/defaulttags.py::url	2	0	0	7	9	64
template/defaulttags.py::verbatim	0	0	0	1	0	20
template/defaulttags.py::widthratio	2	0	0	3	5	35
template/engine.py::Engine::__init__	2	0	0	9	12	34
template/engine.py::Engine::find_template	2	0	0	3	3	9
template/engine.py::Engine::find_template_loader	1	0	0	3	4	12
template/engine.py::Engine::from_string	0	0	0	1	0	6
template/engine.py::Engine::get_default	2	0	0	3	3	23
template/engine.py::Engine::get_template	1	0	0	2	1	10
template/engine.py::Engine::get_template_builtins	0	0	0	1	0	2
template/engine.py::Engine::get_template_libraries	1	0	0	2	1	5
template/engine.py::Engine::get_template_loaders	2	0	0	3	3	7
template/engine.py::Engine::render_to_string	1	0	0	3	4	15
template/engine.py::Engine::select_template	3	0	0	5	7	16
template/engine.py::Engine::template_context_processors	0	0	0	1	0	4
template/engine.py::Engine::template_loaders	0	0	0	1	0	2
template/exceptions.py::TemplateDoesNotExist::__init__	1	0	0	3	2	9
template/library.py::InclusionNode::__init__	0	0	0	1	0	3
template/library.py::InclusionNode::render	2	0	0	5	8	28
template/library.py::Library::__init__	0	0	0	1	0	3
template/library.py::Library::compile_func	1	0	0	3	2	11
template/library.py::Library::dec	0	0	0	1	0	2
template/library.py::Library::filter	4	1	2	9	19	41
template/library.py::Library::filter_function	0	0	0	1	0	3
template/library.py::Library::inclusion_tag	0	0	0	2	1	26
template/library.py::Library::simple_tag	1	0	0	5	6	35
template/library.py::Library::tag	2	0	0	6	10	22
template/library.py::Library::tag_function	0	0	0	1	0	3
template/library.py::SimpleNode::__init__	0	0	0	1	0	3
template/library.py::SimpleNode::render	1	0	0	3	2	9
template/library.py::TagHelperNode::__init__	0	0	0	1	0	5
template/library.py::TagHelperNode::get_resolved_arguments	1	0	0	2	1	6
template/library.py::import_library	1	0	0	3	2	17
template/library.py::parse_bits	5	2	12	16	36	73
template/loader.py::_engine_list	1	0	0	2	1	2
template/loader.py::get_template	2	0	0	3	3	15
template/loader.py::render_to_string	1	0	0	2	2	11
template/loader.py::select_template	3	0	0	6	9	28
template/loader_tags.py::BlockContext::__init__	0	0	0	1	0	3
template/loader_tags.py::BlockContext::add_blocks	1	0	0	2	1	3
template/loader_tags.py::BlockContext::get_block	1	0	0	2	1	5
template/loader_tags.py::BlockContext::pop	1	0	0	2	1	5
template/loader_tags.py::BlockContext::push	0	0	0	1	0	2
template/loader_tags.py::BlockNode::__init__	0	0	0	1	0	2
template/loader_tags.py::BlockNode::__repr__	0	0	0	1	0	2
template/loader_tags.py::BlockNode::render	2	0	0	4	6	18
template/loader_tags.py::BlockNode::super	1	0	0	4	3	11
template/loader_tags.py::ExtendsNode::__init__	0	0	0	1	0	5
template/loader_tags.py::ExtendsNode::__repr__	0	0	0	1	0	2
template/loader_tags.py::ExtendsNode::find_template	0	0	0	1	0	15
template/loader_tags.py::ExtendsNode::get_parent	2	0	0	6	6	16
template/loader_tags.py::ExtendsNode::render	3	0	0	5	7	25
template/loader_tags.py::IncludeNode::__init__	0	0	0	2	1	5
template/loader_tags.py::IncludeNode::render	2	0	0	6	9	31
template/loader_tags.py::construct_relative_path	1	0	0	4	3	28
template/loader_tags.py::do_block	1	0	0	5	4	26
template/loader_tags.py::do_extends	1	0	0	3	2	19
template/loader_tags.py::do_include	3	0	0	6	11	45
template/loaders/app_directories.py::Loader::get_dirs	0	0	0	1	0	2
template/loaders/base.py::Loader::__init__	0	0	0	1	0	2
template/loaders/base.py::Loader::get_template	2	0	0	5	7	25
template/loaders/base.py::Loader::get_template_sources	0	0	0	1	0	8
template/loaders/base.py::Loader::reset	0	0	0	1	0	6
template/loaders/cached.py::Loader::__init__	0	0	0	1	0	4
template/loaders/cached.py::Loader::cache_key	2	0	0	3	3	20
template/loaders/cached.py::Loader::generate_hash	0	0	0	1	0	2
template/loaders/cached.py::Loader::get_contents	0	0	0	1	0	2
template/loaders/cached.py::Loader::get_dirs	2	0	0	3	3	4
template/loaders/cached.py::Loader::get_template	2	0	0	6	9	37
template/loaders/cached.py::Loader::get_template_sources	1	0	0	2	1	3
template/loaders/cached.py::Loader::reset	0	0	0	1	0	3
template/loaders/filesystem.py::Loader::__init__	0	0	0	1	0	3
template/loaders/filesystem.py::Loader::get_contents	1	0	0	2	1	6
template/loaders/filesystem.py::Loader::get_dirs	1	0	0	2	1	2
template/loaders/filesystem.py::Loader::get_template_sources	2	0	0	3	3	19
template/loaders/locmem.py::Loader::__init__	0	0	0	1	0	3
template/loaders/locmem.py::Loader::get_contents	1	0	0	2	1	5
template/loaders/locmem.py::Loader::get_template_sources	0	0	0	1	0	6
template/response.py::SimpleTemplateResponse::__getstate__	2	0	0	4	4	14
template/response.py::SimpleTemplateResponse::__init__	0	0	0	1	0	31
template/response.py::SimpleTemplateResponse::__iter__	1	0	0	2	1	6
template/response.py::SimpleTemplateResponse::add_post_render_callback	1	0	0	2	2	10
template/response.py::SimpleTemplateResponse::content	1	0	0	2	1	6
template/response.py::SimpleTemplateResponse::is_rendered	0	0	0	1	0	2
template/response.py::SimpleTemplateResponse::render	3	0	0	4	6	15
template/response.py::SimpleTemplateResponse::rendered_content	0	0	0	1	0	11
template/response.py::SimpleTemplateResponse::resolve_context	0	0	0	1	0	2
template/response.py::SimpleTemplateResponse::resolve_template	1	0	0	2	3	8
template/response.py::TemplateResponse::__init__	0	0	0	1	0	4
template/smartif.py::EndToken::nud	0	0	0	1	0	2
template/smartif.py::IfParser::__init__	2	0	0	7	6	19
template/smartif.py::IfParser::create_var	0	0	0	1	0	2
template/smartif.py::IfParser::expression	1	0	0	2	1	9
template/smartif.py::IfParser::next_token	1	0	0	2	2	7
template/smartif.py::IfParser::parse	1	0	0	2	1	7
template/smartif.py::IfParser::translate_token	1	0	0	2	2	7
template/smartif.py::Literal::__init__	0	0	0	1	0	2
template/smartif.py::Literal::__repr__	0	0	0	1	0	2
template/smartif.py::Literal::display	0	0	0	1	0	2
template/smartif.py::Literal::eval	0	0	0	1	0	2
template/smartif.py::Literal::nud	0	0	0	1	0	2
template/smartif.py::Operator::eval	1	0	0	2	1	8
template/smartif.py::Operator::led	0	0	0	1	0	4
template/smartif.py::Operator::nud	0	0	0	1	0	4
template/smartif.py::TokenBase::__repr__	0	0	0	1	0	3
template/smartif.py::TokenBase::display	0	0	0	1	0	5
template/smartif.py::TokenBase::led	0	0	0	1	0	5
template/smartif.py::TokenBase::nud	0	0	0	1	0	5
template/smartif.py::infix	1	0	0	2	1	23
template/smartif.py::prefix	1	0	0	2	1	20
template/utils.py::EngineHandler::__getitem__	2	0	0	3	3	21
template/utils.py::EngineHandler::__init__	0	0	0	1	0	7
template/utils.py::EngineHandler::__iter__	0	0	0	1	0	2
template/utils.py::EngineHandler::all	0	0	0	1	0	2
template/utils.py::EngineHandler::templates	2	0	0	5	5	37
template/utils.py::get_app_template_dirs	0	0	0	2	1	14
templatetags/cache.py::CacheNode::__init__	0	0	0	1	0	6
templatetags/cache.py::CacheNode::render	2	0	0	9	13	32
templatetags/cache.py::do_cache	1	0	0	4	4	41
templatetags/i18n.py::BlockTranslateNode::__init__	0	0	0	1	0	12
templatetags/i18n.py::BlockTranslateNode::render	2	0	0	13	22	56
templatetags/i18n.py::BlockTranslateNode::render_token_list	2	0	0	4	5	13
templatetags/i18n.py::BlockTranslateNode::render_value	2	0	0	3	4	6
templatetags/i18n.py::GetAvailableLanguagesNode::__init__	0	0	0	1	0	2
templatetags/i18n.py::GetAvailableLanguagesNode::render	0	0	0	1	0	3
templatetags/i18n.py::GetCurrentLanguageBidiNode::__init__	0	0	0	1	0	2
templatetags/i18n.py::GetCurrentLanguageBidiNode::render	0	0	0	1	0	3
templatetags/i18n.py::GetCurrentLanguageNode::__init__	0	0	0	1	0	2
templatetags/i18n.py::GetCurrentLanguageNode::render	0	0	0	1	0	3
templatetags/i18n.py::GetLanguageInfoListNode::__init__	0	0	0	1	0	3
templatetags/i18n.py::GetLanguageInfoListNode::get_language_info	1	0	0	2	2	7
templatetags/i18n.py::GetLanguageInfoListNode::render	0	0	0	1	0	4
templatetags/i18n.py::GetLanguageInfoNode::__init__	0	0	0	1	0	3
templatetags/i18n.py::GetLanguageInfoNode::render	0	0	0	1	0	4
templatetags/i18n.py::LanguageNode::__init__	0	0	0	1	0	3
templatetags/i18n.py::LanguageNode::render	0	0	0	1	0	4
templatetags/i18n.py::TranslateNode::__init__	1	0	0	2	1	9
templatetags/i18n.py::TranslateNode::render	1	0	0	4	4	17
templatetags/i18n.py::do_block_translate	3	0	0	18	41	120
templatetags/i18n.py::do_get_available_languages	1	0	0	3	2	18
templatetags/i18n.py::do_get_current_language	1	0	0	3	2	16
templatetags/i18n.py::do_get_current_language_bidi	1	0	0	3	2	17
templatetags/i18n.py::do_get_language_info	1	0	0	4	2	18
templatetags/i18n.py::do_get_language_info_list	1	0	0	4	2	22
templatetags/i18n.py::do_translate	3	0	0	7	17	90
templatetags/i18n.py::language	1	0	0	2	1	17
templatetags/i18n.py::language_bidi	0	0	0	1	0	2
templatetags/i18n.py::language_name	0	0	0	1	0	2
templatetags/i18n.py::language_name_local	0	0	0	1	0	2
templatetags/i18n.py::language_name_translated	0	0	0	1	0	3
templatetags/l10n.py::LocalizeNode::__init__	0	0	0	1	0	3
templatetags/l10n.py::LocalizeNode::__repr__	0	0	0	1	0	2
templatetags/l10n.py::LocalizeNode::render	0	0	0	1	0	6
templatetags/l10n.py::localize	0	0	0	1	0	6
templatetags/l10n.py::localize_tag	1	0	0	3	4	22
templatetags/l10n.py::unlocalize	0	0	0	1	0	6
templatetags/static.py::PrefixNode::__init__	1	0	0	2	1	6
templatetags/static.py::PrefixNode::__repr__	0	0	0	1	0	2
templatetags/static.py::PrefixNode::handle_simple	1	0	0	2	2	8
templatetags/static.py::PrefixNode::handle_token	1	0	0	4	4	14
templatetags/static.py::PrefixNode::render	1	0	0	2	1	6
templatetags/static.py::StaticNode::__init__	1	0	0	2	1	6
templatetags/static.py::StaticNode::handle_simple	1	0	0	2	2	6
templatetags/static.py::StaticNode::handle_token	1	0	0	4	4	18
templatetags/static.py::StaticNode::render	1	0	0	3	2	8
templatetags/static.py::StaticNode::url	0	0	0	1	0	3
templatetags/static.py::do_static	0	0	0	1	0	16
templatetags/static.py::get_media_prefix	0	0	0	1	0	15
templatetags/static.py::get_static_prefix	0	0	0	1	0	15
templatetags/static.py::static	0	0	0	1	0	6
templatetags/tz.py::GetCurrentTimezoneNode::__init__	0	0	0	1	0	2
templatetags/tz.py::GetCurrentTimezoneNode::render	0	0	0	1	0	3
templatetags/tz.py::LocalTimeNode::__init__	0	0	0	1	0	3
templatetags/tz.py::LocalTimeNode::render	0	0	0	1	0	6
templatetags/tz.py::TimezoneNode::__init__	0	0	0	1	0	3
templatetags/tz.py::TimezoneNode::render	0	0	0	1	0	4
templatetags/tz.py::do_timezone	2	0	0	6	8	41
templatetags/tz.py::get_current_timezone_tag	1	0	0	3	2	17
templatetags/tz.py::localtime	0	0	0	1	0	7
templatetags/tz.py::localtime_tag	1	0	0	3	4	20
templatetags/tz.py::timezone_tag	1	0	0	2	1	22
templatetags/tz.py::utc	0	0	0	1	0	5
test/client.py::AsyncClient::__init__	0	0	0	1	0	6
test/client.py::AsyncClient::request	2	0	0	5	4	47
test/client.py::AsyncClientHandler::__call__	1	0	0	4	5	38
test/client.py::AsyncClientHandler::__init__	0	0	0	1	0	3
test/client.py::AsyncRequestFactory::_base_scope	0	0	0	1	0	25
test/client.py::AsyncRequestFactory::generic	1	0	0	6	5	32
test/client.py::AsyncRequestFactory::request	1	0	0	2	2	10
test/client.py::Client::__init__	0	0	0	1	0	6
test/client.py::Client::_handle_redirects	3	0	0	10	19	56
test/client.py::Client::delete	1	0	0	2	1	8
test/client.py::Client::get	1	0	0	2	1	7
test/client.py::Client::head	1	0	0	2	1	7
test/client.py::Client::options	1	0	0	2	1	8
test/client.py::Client::patch	1	0	0	2	1	8
test/client.py::Client::post	1	0	0	2	1	8
test/client.py::Client::put	1	0	0	2	1	8
test/client.py::Client::request	2	0	0	4	3	43
test/client.py::Client::trace	1	0	0	2	1	7
test/client.py::ClientHandler::__call__	1	0	0	3	3	36
test/client.py::ClientHandler::__init__	0	0	0	1	0	3
test/client.py::ClientMixin::_login	1	0	0	3	3	24
test/client.py::ClientMixin::_parse_json	2	0	0	3	3	9
test/client.py::ClientMixin::check_exception	2	0	0	3	3	12
test/client.py::ClientMixin::force_login	2	0	0	4	4	12
test/client.py::ClientMixin::get_backend	2	0	0	3	3	6
test/client.py::ClientMixin::login	1	0	0	2	1	13
test/client.py::ClientMixin::logout	1	0	0	2	2	12
test/client.py::ClientMixin::session	1	0	0	2	1	10
test/client.py::ClientMixin::store_exc_info	0	0	0	1	0	3
test/client.py::FakePayload::__init__	1	0	0	2	1	6
test/client.py::FakePayload::__len__	0	0	0	1	0	2
test/client.py::FakePayload::read	1	0	0	4	3	10
test/client.py::FakePayload::write	1	0	0	2	1	6
test/client.py::RedirectCycleError::__init__	0	0	0	1	0	4
test/client.py::RequestFactory::__init__	0	0	0	1	0	5
test/client.py::RequestFactory::_base_environ	0	0	0	1	0	30
test/client.py::RequestFactory::_encode_data	2	0	0	3	5	11
test/client.py::RequestFactory::_encode_json	1	0	0	3	2	7
test/client.py::RequestFactory::_get_path	1	0	0	2	1	10
test/client.py::RequestFactory::delete	0	0	0	1	0	6
test/client.py::RequestFactory::generic	1	0	0	5	4	25
test/client.py::RequestFactory::get	1	0	0	2	1	7
test/client.py::RequestFactory::head	1	0	0	2	1	7
test/client.py::RequestFactory::options	0	0	0	1	0	5
test/client.py::RequestFactory::patch	0	0	0	1	0	6
test/client.py::RequestFactory::post	1	0	0	2	1	8
test/client.py::RequestFactory::put	0	0	0	1	0	6
test/client.py::RequestFactory::request	0	0	0	1	0	3
test/client.py::RequestFactory::trace	0	0	0	1	0	3
test/client.py::closing_iterator_wrapper	0	0	0	1	0	7
test/client.py::conditional_content_removal	2	0	0	6	9	17
test/client.py::encode_file	1	0	0	6	7	27
test/client.py::encode_multipart	4	1	9	7	16	52
test/client.py::is_file	0	0	0	2	1	2
test/client.py::store_rendered_templates	1	0	0	2	1	11
test/client.py::to_bytes	0	0	0	1	0	2
test/html.py::Element::__contains__	0	0	0	1	0	2
test/html.py::Element::__eq__	3	0	0	10	16	19
test/html.py::Element::__getitem__	0	0	0	1	0	2
test/html.py::Element::__hash__	0	0	0	1	0	2
test/html.py::Element::__init__	0	0	0	1	0	4
test/html.py::Element::__repr__	0	0	0	1	0	2
test/html.py::Element::__str__	2	0	0	4	6	14
test/html.py::Element::_count	5	2	13	15	34	38
test/html.py::Element::append	2	0	0	7	9	15
test/html.py::Element::count	0	0	0	1	0	2
test/html.py::Element::finalize	2	0	0	6	8	15
test/html.py::Element::rstrip_last_element	2	0	0	4	4	7
test/html.py::Parser::__init__	0	0	0	1	0	5
test/html.py::Parser::current	1	0	0	2	2	5
test/html.py::Parser::error	0	0	0	1	0	2
test/html.py::Parser::format_position	1	0	0	5	4	8
test/html.py::Parser::handle_data	0	0	0	1	0	2
test/html.py::Parser::handle_endtag	2	0	0	4	4	10
test/html.py::Parser::handle_startendtag	1	0	0	2	1	4
test/html.py::Parser::handle_starttag	1	0	0	3	2	14
test/html.py::RootElement::__init__	0	0	0	1	0	2
test/html.py::RootElement::__str__	0	0	0	1	0	2
test/html.py::normalize_whitespace	0	0	0	1	0	2
test/html.py::parse_html	1	0	0	3	2	16
test/runner.py::DebugSQLTextTestResult::__init__	0	0	0	1	0	5
test/runner.py::DebugSQLTextTestResult::addError	1	0	0	2	2	9
test/runner.py::DebugSQLTextTestResult::addFailure	0	0	0	1	0	4
test/runner.py::DebugSQLTextTestResult::addSubTest	2	0	0	3	3	6
test/runner.py::DebugSQLTextTestResult::printErrorList	1	0	0	2	1	8
test/runner.py::DebugSQLTextTestResult::startTest	0	0	0	1	0	5
test/runner.py::DebugSQLTextTestResult::stopTest	1	0	0	2	1	7
test/runner.py::DiscoverRunner::__init__	2	0	0	13	14	42
test/runner.py::DiscoverRunner::_get_databases	3	0	0	5	10	12
test/runner.py::DiscoverRunner::add_arguments	1	0	0	2	1	65
test/runner.py::DiscoverRunner::build_suite	5	1	7	22	39	82
test/runner.py::DiscoverRunner::get_databases	2	0	0	3	3	7
test/runner.py::DiscoverRunner::get_resultclass	1	0	0	2	2	5
test/runner.py::DiscoverRunner::get_test_runner_kwargs	0	0	0	1	0	7
test/runner.py::DiscoverRunner::run_checks	0	0	0	1	0	4
test/runner.py::DiscoverRunner::run_suite	0	0	0	1	0	4
test/runner.py::DiscoverRunner::run_tests	2	0	0	4	4	36
test/runner.py::DiscoverRunner::setup_databases	0	0	0	1	0	5
test/runner.py::DiscoverRunner::setup_test_environment	0	0	0	1	0	3
test/runner.py::DiscoverRunner::suite_result	0	0	0	1	0	2
test/runner.py::DiscoverRunner::teardown_databases	0	0	0	1	0	8
test/runner.py::DiscoverRunner::teardown_test_environment	0	0	0	1	0	3
test/runner.py::PDBDebugResult::addError	0	0	0	1	0	3
test/runner.py::PDBDebugResult::addFailure	0	0	0	1	0	3
test/runner.py::PDBDebugResult::debug	0	0	0	1	0	4
test/runner.py::ParallelTestSuite::__init__	0	0	0	1	0	5
test/runner.py::ParallelTestSuite::__iter__	0	0	0	1	0	2
test/runner.py::ParallelTestSuite::run	3	0	0	7	12	53
test/runner.py::RemoteTestResult::__init__	1	0	0	2	1	8
test/runner.py::RemoteTestResult::_confirm_picklable	0	0	0	1	0	7
test/runner.py::RemoteTestResult::_print_unpicklable_subtest	0	0	0	1	0	15
test/runner.py::RemoteTestResult::addError	0	0	0	1	0	4
test/runner.py::RemoteTestResult::addExpectedFailure	1	0	0	2	1	9
test/runner.py::RemoteTestResult::addFailure	0	0	0	1	0	4
test/runner.py::RemoteTestResult::addSkip	0	0	0	1	0	2
test/runner.py::RemoteTestResult::addSubTest	1	0	0	2	1	10
test/runner.py::RemoteTestResult::addSuccess	0	0	0	1	0	2
test/runner.py::RemoteTestResult::addUnexpectedSuccess	0	0	0	1	0	3
test/runner.py::RemoteTestResult::check_picklable	2	0	0	3	4	46
test/runner.py::RemoteTestResult::check_subtest_picklable	1	0	0	2	1	6
test/runner.py::RemoteTestResult::startTest	0	0	0	1	0	3
test/runner.py::RemoteTestResult::startTestRun	0	0	0	1	0	2
test/runner.py::RemoteTestResult::stop	0	0	0	1	0	2
test/runner.py::RemoteTestResult::stopTest	0	0	0	1	0	2
test/runner.py::RemoteTestResult::stopTestRun	0	0	0	1	0	2
test/runner.py::RemoteTestResult::stop_if_failfast	1	0	0	2	1	3
test/runner.py::RemoteTestResult::test_index	0	0	0	1	0	2
test/runner.py::RemoteTestRunner::__init__	1	0	0	2	1	4
test/runner.py::RemoteTestRunner::run	0	0	0	1	0	6
test/runner.py::_init_worker	1	0	0	2	1	23
test/runner.py::_run_subsuite	0	0	0	1	0	11
test/runner.py::default_test_processes	1	0	0	3	2	10
test/runner.py::filter_tests_by_tags	3	0	0	6	9	18
test/runner.py::is_discoverable	1	0	0	2	2	14
test/runner.py::partition_suite_by_case	3	0	0	4	7	11
test/runner.py::partition_suite_by_type	4	1	3	6	13	24
test/runner.py::reorder_suite	1	0	0	2	1	20
test/selenium.py::SeleniumTestCase::_tearDownClassInternal	1	0	0	2	1	7
test/selenium.py::SeleniumTestCase::allowed_host	0	0	0	2	1	2
test/selenium.py::SeleniumTestCase::disable_implicit_wait	0	0	0	1	0	7
test/selenium.py::SeleniumTestCase::live_server_url	0	0	0	2	1	2
test/selenium.py::SeleniumTestCase::setUpClass	0	0	0	1	0	4
test/selenium.py::SeleniumTestCaseBase::__new__	2	0	0	6	8	39
test/selenium.py::SeleniumTestCaseBase::create_options	2	0	0	3	3	8
test/selenium.py::SeleniumTestCaseBase::create_webdriver	1	0	0	2	1	8
test/selenium.py::SeleniumTestCaseBase::get_capability	0	0	0	1	0	5
test/selenium.py::SeleniumTestCaseBase::import_options	0	0	0	1	0	2
test/selenium.py::SeleniumTestCaseBase::import_webdriver	0	0	0	1	0	2
test/signals.py::auth_password_validators_changed	1	0	0	2	1	6
test/signals.py::clear_cache_handlers	1	0	0	2	1	6
test/signals.py::clear_routers_cache	1	0	0	2	1	3
test/signals.py::clear_serializers_cache	1	0	0	2	1	4
test/signals.py::complex_setting_changed	1	0	0	3	2	6
test/signals.py::file_storage_changed	1	0	0	2	1	4
test/signals.py::language_changed	1	0	0	3	2	9
test/signals.py::localize_settings_changed	1	0	0	3	2	3
test/signals.py::reset_template_engines	2	0	0	3	3	17
test/signals.py::root_urlconf_changed	1	0	0	2	1	5
test/signals.py::static_finders_changed	1	0	0	2	1	7
test/signals.py::static_storage_changed	1	0	0	2	1	8
test/signals.py::update_connections_time_zone	3	0	0	8	16	25
test/signals.py::update_installed_apps	1	0	0	2	1	14
test/signals.py::user_model_swapped	2	0	0	3	4	24
test/testcases.py::CheckCondition::__get__	2	0	0	4	4	11
test/testcases.py::CheckCondition::__init__	0	0	0	1	0	2
test/testcases.py::CheckCondition::add_condition	0	0	0	1	0	2
test/testcases.py::FSFilesHandler::__call__	1	0	0	2	1	4
test/testcases.py::FSFilesHandler::__init__	0	0	0	1	0	4
test/testcases.py::FSFilesHandler::_should_handle	0	0	0	2	1	7
test/testcases.py::FSFilesHandler::file_path	0	0	0	1	0	4
test/testcases.py::FSFilesHandler::get_response	2	0	0	3	3	9
test/testcases.py::FSFilesHandler::serve	0	0	0	1	0	8
test/testcases.py::LiveServerTestCase::_create_server_thread	0	0	0	1	0	7
test/testcases.py::LiveServerTestCase::_tearDownClassInternal	2	0	0	3	3	10
test/testcases.py::LiveServerTestCase::allowed_host	0	0	0	1	0	2
test/testcases.py::LiveServerTestCase::live_server_url	0	0	0	1	0	2
test/testcases.py::LiveServerTestCase::setUpClass	2	0	0	5	5	26
test/testcases.py::LiveServerTestCase::tearDownClass	0	0	0	1	0	4
test/testcases.py::LiveServerThread::__init__	0	0	0	1	0	8
test/testcases.py::LiveServerThread::_create_server	0	0	0	1	0	2
test/testcases.py::LiveServerThread::run	2	0	0	5	5	25
test/testcases.py::LiveServerThread::terminate	1	0	0	2	1	6
test/testcases.py::QuietWSGIRequestHandler::log_message	0	0	0	1	0	2
test/testcases.py::SerializeMixin::setUpClass	1	0	0	2	1	8
test/testcases.py::SerializeMixin::tearDownClass	0	0	0	1	0	3
test/testcases.py::SimpleTestCase::__call__	0	0	0	1	0	7
test/testcases.py::SimpleTestCase::_add_databases_failures	2	0	0	4	5	14
test/testcases.py::SimpleTestCase::_assertFooMessage	1	0	0	3	2	11
test/testcases.py::SimpleTestCase::_assert_contains	1	0	0	9	9	30
test/testcases.py::SimpleTestCase::_assert_raises_or_warns_cm	0	0	0	1	0	4
test/testcases.py::SimpleTestCase::_assert_template_used	2	0	0	11	10	23
test/testcases.py::SimpleTestCase::_post_teardown	0	0	0	1	0	3
test/testcases.py::SimpleTestCase::_pre_setup	0	0	0	1	0	9
test/testcases.py::SimpleTestCase::_remove_databases_failures	2	0	0	4	5	8
test/testcases.py::SimpleTestCase::_setup_and_call	3	0	0	10	16	38
test/testcases.py::SimpleTestCase::_validate_databases	3	0	0	5	7	15
test/testcases.py::SimpleTestCase::assertContains	1	0	0	2	2	18
test/testcases.py::SimpleTestCase::assertFieldOutput	1	0	0	7	6	45
test/testcases.py::SimpleTestCase::assertFormError	4	1	19	10	19	54
test/testcases.py::SimpleTestCase::assertFormsetError	4	1	19	9	19	79
test/testcases.py::SimpleTestCase::assertHTMLEqual	1	0	0	2	1	17
test/testcases.py::SimpleTestCase::assertHTMLNotEqual	1	0	0	2	1	9
test/testcases.py::SimpleTestCase::assertInHTML	1	0	0	2	2	11
test/testcases.py::SimpleTestCase::assertJSONEqual	2	0	0	4	4	16
test/testcases.py::SimpleTestCase::assertJSONNotEqual	2	0	0	4	4	16
test/testcases.py::SimpleTestCase::assertNotContains	0	0	0	1	0	10
test/testcases.py::SimpleTestCase::assertRaisesMessage	0	0	0	1	0	15
test/testcases.py::SimpleTestCase::assertRedirects	3	0	0	8	12	83
test/testcases.py::SimpleTestCase::assertTemplateNotUsed	1	0	0	2	1	16
test/testcases.py::SimpleTestCase::assertTemplateUsed	1	0	0	4	3	28
test/testcases.py::SimpleTestCase::assertURLEqual	0	0	0	1	0	19
test/testcases.py::SimpleTestCase::assertWarnsMessage	0	0	0	1	0	9
test/testcases.py::SimpleTestCase::assertXMLEqual	1	0	0	3	3	19
test/testcases.py::SimpleTestCase::assertXMLNotEqual	1	0	0	3	3	15
test/testcases.py::SimpleTestCase::debug	0	0	0	1	0	4
test/testcases.py::SimpleTestCase::modify_settings	0	0	0	1	0	6
test/testcases.py::SimpleTestCase::normalize	0	0	0	1	0	6
test/testcases.py::SimpleTestCase::setUpClass	1	0	0	3	2	9
test/testcases.py::SimpleTestCase::settings	0	0	0	1	0	6
test/testcases.py::SimpleTestCase::tearDownClass	1	0	0	3	2	9
test/testcases.py::TestCase::_databases_support_transactions	0	0	0	1	0	2
test/testcases.py::TestCase::_enter_atomics	1	0	0	2	1	7
test/testcases.py::TestCase::_fixture_setup	1	0	0	2	1	9
test/testcases.py::TestCase::_fixture_teardown	2	0	0	4	4	9
test/testcases.py::TestCase::_rollback_atomics	1	0	0	2	1	5
test/testcases.py::TestCase::_should_check_constraints	0	0	0	3	1	5
test/testcases.py::TestCase::_should_reload_connections	1	0	0	2	1	4
test/testcases.py::TestCase::captureOnCommitCallbacks	2	0	0	3	3	12
test/testcases.py::TestCase::setUpClass	3	0	0	9	12	31
test/testcases.py::TestCase::setUpTestData	0	0	0	1	0	3
test/testcases.py::TestCase::tearDownClass	2	0	0	3	3	7
test/testcases.py::TestData::__get__	1	0	0	3	2	23
test/testcases.py::TestData::__init__	0	0	0	1	0	3
test/testcases.py::TestData::__repr__	0	0	0	1	0	2
test/testcases.py::TestData::get_memo	1	0	0	2	1	7
test/testcases.py::TransactionTestCase::_databases_names	0	0	0	3	2	8
test/testcases.py::TransactionTestCase::_fixture_setup	3	0	0	8	14	21
test/testcases.py::TransactionTestCase::_fixture_teardown	1	0	0	4	3	17
test/testcases.py::TransactionTestCase::_post_teardown	2	0	0	4	4	26
test/testcases.py::TransactionTestCase::_pre_setup	2	0	0	6	7	36
test/testcases.py::TransactionTestCase::_reset_sequences	3	0	0	4	6	10
test/testcases.py::TransactionTestCase::_should_reload_connections	0	0	0	1	0	2
test/testcases.py::TransactionTestCase::assertNumQueries	1	0	0	2	1	9
test/testcases.py::TransactionTestCase::assertQuerysetEqual	2	0	0	11	8	29
test/testcases.py::_AssertNumQueriesContext::__exit__	1	0	0	2	1	14
test/testcases.py::_AssertNumQueriesContext::__init__	0	0	0	1	0	4
test/testcases.py::_AssertTemplateNotUsedContext::message	0	0	0	1	0	2
test/testcases.py::_AssertTemplateNotUsedContext::test	0	0	0	1	0	2
test/testcases.py::_AssertTemplateUsedContext::__enter__	0	0	0	1	0	3
test/testcases.py::_AssertTemplateUsedContext::__exit__	2	0	0	4	5	14
test/testcases.py::_AssertTemplateUsedContext::__init__	0	0	0	1	0	6
test/testcases.py::_AssertTemplateUsedContext::message	0	0	0	1	0	2
test/testcases.py::_AssertTemplateUsedContext::on_template_render	0	0	0	1	0	4
test/testcases.py::_AssertTemplateUsedContext::test	0	0	0	1	0	2
test/testcases.py::_DatabaseFailure::__call__	0	0	0	1	0	2
test/testcases.py::_DatabaseFailure::__init__	0	0	0	1	0	3
test/testcases.py::_MediaFilesHandler::get_base_dir	0	0	0	1	0	2
test/testcases.py::_MediaFilesHandler::get_base_url	0	0	0	1	0	2
test/testcases.py::_StaticFilesHandler::get_base_dir	0	0	0	1	0	2
test/testcases.py::_StaticFilesHandler::get_base_url	0	0	0	1	0	2
test/testcases.py::_deferredSkip	2	0	0	10	14	44
test/testcases.py::assert_and_parse_html	1	0	0	2	1	7
test/testcases.py::condition	0	0	0	1	0	7
test/testcases.py::connections_support_transactions	1	0	0	2	1	7
test/testcases.py::decorator	2	0	0	10	14	42
test/testcases.py::skipIfDBFeature	2	0	0	1	0	7
test/testcases.py::skipUnlessAnyDBFeature	2	0	0	1	0	7
test/testcases.py::skipUnlessDBFeature	2	0	0	1	0	7
test/testcases.py::skip_wrapper	1	0	0	5	3	15
test/testcases.py::to_list	1	0	0	2	2	10
test/utils.py::Approximate::__eq__	0	0	0	2	1	2
test/utils.py::Approximate::__init__	0	0	0	1	0	3
test/utils.py::Approximate::__repr__	0	0	0	1	0	2
test/utils.py::CaptureQueriesContext::__enter__	0	0	0	1	0	10
test/utils.py::CaptureQueriesContext::__exit__	1	0	0	2	1	6
test/utils.py::CaptureQueriesContext::__getitem__	0	0	0	1	0	2
test/utils.py::CaptureQueriesContext::__init__	0	0	0	1	0	2
test/utils.py::CaptureQueriesContext::__iter__	0	0	0	1	0	2
test/utils.py::CaptureQueriesContext::__len__	0	0	0	1	0	2
test/utils.py::CaptureQueriesContext::captured_queries	0	0	0	1	0	2
test/utils.py::ContextList::__contains__	1	0	0	2	1	6
test/utils.py::ContextList::__getitem__	3	0	0	4	7	8
test/utils.py::ContextList::get	1	0	0	2	1	5
test/utils.py::ContextList::keys	0	0	0	1	0	5
test/utils.py::LoggingCaptureMixin::setUp	0	0	0	1	0	5
test/utils.py::LoggingCaptureMixin::tearDown	0	0	0	1	0	2
test/utils.py::NullTimeKeeper::print_results	0	0	0	1	0	2
test/utils.py::NullTimeKeeper::timed	0	0	0	1	0	2
test/utils.py::TestContextDecorator::__call__	1	0	0	2	2	6
test/utils.py::TestContextDecorator::__enter__	0	0	0	1	0	2
test/utils.py::TestContextDecorator::__exit__	0	0	0	1	0	2
test/utils.py::TestContextDecorator::__init__	0	0	0	1	0	3
test/utils.py::TestContextDecorator::decorate_callable	2	0	0	4	6	18
test/utils.py::TestContextDecorator::decorate_class	2	0	0	3	3	14
test/utils.py::TestContextDecorator::disable	0	0	0	1	0	2
test/utils.py::TestContextDecorator::enable	0	0	0	1	0	2
test/utils.py::TestContextDecorator::inner	1	0	0	2	1	5
test/utils.py::TestContextDecorator::setUp	1	0	0	2	1	6
test/utils.py::TimeKeeper::__init__	0	0	0	1	0	2
test/utils.py::TimeKeeper::print_results	2	0	0	3	3	5
test/utils.py::TimeKeeper::timed	0	0	0	1	0	8
test/utils.py::attrs_dict	0	0	0	1	0	2
test/utils.py::captured_output	0	0	0	1	0	12
test/utils.py::captured_stderr	0	0	0	1	0	8
test/utils.py::captured_stdin	0	0	0	1	0	11
test/utils.py::captured_stdout	0	0	0	1	0	8
test/utils.py::check_element	1	0	0	5	4	12
test/utils.py::child_text	0	0	0	1	0	3
test/utils.py::children	0	0	0	1	0	3
test/utils.py::compare_xml	2	0	0	8	8	65
test/utils.py::decorator	1	0	0	2	2	6
test/utils.py::dependency_ordered	3	0	0	8	14	40
test/utils.py::extend_sys_path	0	0	0	1	0	8
test/utils.py::first_node	2	0	0	3	3	8
test/utils.py::freeze_time	2	0	0	1	0	14
test/utils.py::get_runner	1	0	0	3	3	10
test/utils.py::get_unique_databases_and_mirrors	4	1	2	7	14	44
test/utils.py::ignore_warnings::__init__	1	0	0	3	3	7
test/utils.py::ignore_warnings::disable	0	0	0	1	0	2
test/utils.py::ignore_warnings::enable	0	0	0	1	0	4
test/utils.py::instrumented_test_render	0	0	0	1	0	7
test/utils.py::isolate_apps::__init__	0	0	0	1	0	3
test/utils.py::isolate_apps::disable	0	0	0	1	0	2
test/utils.py::isolate_apps::enable	0	0	0	1	0	5
test/utils.py::isolate_lru_cache	0	0	0	1	0	7
test/utils.py::modify_settings::__init__	1	0	0	2	2	9
test/utils.py::modify_settings::enable	3	0	0	6	14	23
test/utils.py::modify_settings::save_options	1	0	0	2	2	7
test/utils.py::norm_child_text	0	0	0	1	0	2
test/utils.py::norm_whitespace	0	0	0	1	0	2
test/utils.py::override_script_prefix::__init__	0	0	0	1	0	3
test/utils.py::override_script_prefix::disable	0	0	0	1	0	2
test/utils.py::override_script_prefix::enable	0	0	0	1	0	3
test/utils.py::override_settings::__init__	0	0	0	1	0	3
test/utils.py::override_settings::decorate_class	1	0	0	2	1	8
test/utils.py::override_settings::disable	2	0	0	6	6	20
test/utils.py::override_settings::enable	2	0	0	6	7	23
test/utils.py::override_settings::save_options	1	0	0	2	2	9
test/utils.py::override_system_checks::__init__	0	0	0	1	0	6
test/utils.py::override_system_checks::disable	0	0	0	1	0	3
test/utils.py::override_system_checks::enable	2	0	0	4	4	10
test/utils.py::register_lookup	1	0	0	3	2	12
test/utils.py::require_jinja2	0	0	0	1	0	14
test/utils.py::setup_databases	5	1	8	10	21	48
test/utils.py::setup_test_environment	1	0	0	3	2	34
test/utils.py::tag	1	0	0	2	2	9
test/utils.py::teardown_databases	4	1	6	5	10	12
test/utils.py::teardown_test_environment	0	0	0	1	0	14
urls/base.py::clear_script_prefix	1	0	0	2	1	8
urls/base.py::clear_url_caches	0	0	0	1	0	4
urls/base.py::get_script_prefix	0	0	0	1	0	7
urls/base.py::get_urlconf	0	0	0	1	0	6
urls/base.py::is_valid_path	1	0	0	2	1	10
urls/base.py::resolve	1	0	0	2	1	4
urls/base.py::reverse	4	1	7	15	34	60
urls/base.py::set_script_prefix	1	0	0	2	1	7
urls/base.py::set_urlconf	2	0	0	3	4	10
urls/base.py::translate_url	1	0	0	4	5	21
urls/conf.py::_path	1	0	0	2	3	17
urls/conf.py::include	3	0	0	11	17	43
urls/converters.py::IntConverter::to_python	0	0	0	1	0	2
urls/converters.py::IntConverter::to_url	0	0	0	1	0	2
urls/converters.py::StringConverter::to_python	0	0	0	1	0	2
urls/converters.py::StringConverter::to_url	0	0	0	1	0	2
urls/converters.py::UUIDConverter::to_python	0	0	0	1	0	2
urls/converters.py::UUIDConverter::to_url	0	0	0	1	0	2
urls/converters.py::get_converter	0	0	0	1	0	2
urls/converters.py::get_converters	0	0	0	1	0	2
urls/converters.py::register_converter	0	0	0	1	0	3
urls/resolvers.py::CheckURLMixin::_check_pattern_startswith_slash	1	0	0	4	4	21
urls/resolvers.py::CheckURLMixin::describe	1	0	0	2	1	8
urls/resolvers.py::LocalePrefixPattern::__init__	0	0	0	1	0	3
urls/resolvers.py::LocalePrefixPattern::__str__	0	0	0	1	0	2
urls/resolvers.py::LocalePrefixPattern::check	0	0	0	1	0	2
urls/resolvers.py::LocalePrefixPattern::describe	0	0	0	1	0	2
urls/resolvers.py::LocalePrefixPattern::language_prefix	1	0	0	4	4	6
urls/resolvers.py::LocalePrefixPattern::match	1	0	0	2	1	5
urls/resolvers.py::LocalePrefixPattern::regex	0	0	0	1	0	3
urls/resolvers.py::LocaleRegexDescriptor::__get__	1	0	0	4	3	17
urls/resolvers.py::LocaleRegexDescriptor::__init__	0	0	0	1	0	2
urls/resolvers.py::RegexPattern::__init__	0	0	0	1	0	6
urls/resolvers.py::RegexPattern::__str__	0	0	0	1	0	2
urls/resolvers.py::RegexPattern::_check_include_trailing_dollar	1	0	0	3	3	11
urls/resolvers.py::RegexPattern::_compile	1	0	0	2	1	8
urls/resolvers.py::RegexPattern::check	1	0	0	2	1	6
urls/resolvers.py::RegexPattern::match	2	0	0	3	3	11
urls/resolvers.py::ResolverMatch::__getitem__	0	0	0	1	0	2
urls/resolvers.py::ResolverMatch::__init__	1	0	0	5	5	24
urls/resolvers.py::ResolverMatch::__repr__	0	0	0	1	0	5
urls/resolvers.py::RoutePattern::__init__	0	0	0	1	0	6
urls/resolvers.py::RoutePattern::__str__	0	0	0	1	0	2
urls/resolvers.py::RoutePattern::_compile	0	0	0	1	0	2
urls/resolvers.py::RoutePattern::check	1	0	0	4	2	11
urls/resolvers.py::RoutePattern::match	3	0	0	4	6	13
urls/resolvers.py::URLPattern::__init__	0	0	0	2	1	5
urls/resolvers.py::URLPattern::__repr__	0	0	0	1	0	2
urls/resolvers.py::URLPattern::_check_pattern_name	1	0	0	3	3	13
urls/resolvers.py::URLPattern::check	0	0	0	1	0	4
urls/resolvers.py::URLPattern::lookup_str	1	0	0	3	2	11
urls/resolvers.py::URLPattern::resolve	1	0	0	2	1	7
urls/resolvers.py::URLResolver::__init__	0	0	0	2	1	18
urls/resolvers.py::URLResolver::__repr__	1	0	0	3	3	10
urls/resolvers.py::URLResolver::_check_custom_error_handlers	3	0	0	5	8	29
urls/resolvers.py::URLResolver::_extend_tried	1	0	0	2	2	5
urls/resolvers.py::URLResolver::_is_callback	1	0	0	2	1	4
urls/resolvers.py::URLResolver::_join_route	1	0	0	3	2	7
urls/resolvers.py::URLResolver::_populate	5	3	18	11	31	60
urls/resolvers.py::URLResolver::_reverse_with_prefix	5	4	14	19	50	73
urls/resolvers.py::URLResolver::app_dict	1	0	0	2	1	5
urls/resolvers.py::URLResolver::check	1	0	0	3	2	6
urls/resolvers.py::URLResolver::namespace_dict	1	0	0	2	1	5
urls/resolvers.py::URLResolver::resolve	4	2	3	7	18	37
urls/resolvers.py::URLResolver::resolve_error_handler	1	0	0	2	1	8
urls/resolvers.py::URLResolver::reverse	0	0	0	1	0	2
urls/resolvers.py::URLResolver::reverse_dict	1	0	0	2	1	5
urls/resolvers.py::URLResolver::url_patterns	1	0	0	2	1	13
urls/resolvers.py::URLResolver::urlconf_module	1	0	0	2	2	5
urls/resolvers.py::_get_cached_resolver	0	0	0	1	0	2
urls/resolvers.py::_route_to_regex	2	0	0	7	11	44
urls/resolvers.py::get_ns_resolver	0	0	0	1	0	8
urls/resolvers.py::get_resolver	1	0	0	2	1	4
urls/utils.py::get_callable	2	0	0	9	12	44
urls/utils.py::get_mod_func	1	0	0	2	1	8
utils/_os.py::safe_join	1	0	0	4	2	24
utils/_os.py::symlinks_supported	1	0	0	2	1	16
utils/_os.py::to_path	1	0	0	2	2	7
utils/archive.py::Archive::__enter__	0	0	0	1	0	2
utils/archive.py::Archive::__exit__	0	0	0	1	0	2
utils/archive.py::Archive::__init__	0	0	0	1	0	2
utils/archive.py::Archive::_archive_cls	2	0	0	5	6	19
utils/archive.py::Archive::close	0	0	0	1	0	2
utils/archive.py::Archive::extract	0	0	0	1	0	2
utils/archive.py::Archive::list	0	0	0	1	0	2
utils/archive.py::BaseArchive::_copy_permissions	1	0	0	2	1	8
utils/archive.py::BaseArchive::extract	0	0	0	1	0	2
utils/archive.py::BaseArchive::has_leading_dir	2	0	0	3	5	15
utils/archive.py::BaseArchive::list	0	0	0	1	0	2
utils/archive.py::BaseArchive::split_leading_dir	1	0	0	5	6	9
utils/archive.py::TarArchive::__init__	0	0	0	1	0	2
utils/archive.py::TarArchive::close	0	0	0	1	0	2
utils/archive.py::TarArchive::extract	3	0	0	8	19	29
utils/archive.py::TarArchive::list	0	0	0	1	0	2
utils/archive.py::ZipArchive::__init__	0	0	0	1	0	2
utils/archive.py::ZipArchive::close	0	0	0	1	0	2
utils/archive.py::ZipArchive::extract	3	0	0	5	9	21
utils/archive.py::ZipArchive::list	0	0	0	1	0	2
utils/archive.py::extract	0	0	0	1	0	7
utils/asyncio.py::async_unsafe	2	0	0	5	8	27
utils/asyncio.py::decorator	2	0	0	4	6	15
utils/asyncio.py::inner	2	0	0	4	6	12
utils/autoreload.py::BaseReloader::__init__	0	0	0	1	0	4
utils/autoreload.py::BaseReloader::check_availability	0	0	0	1	0	2
utils/autoreload.py::BaseReloader::notify_file_changed	1	0	0	2	1	5
utils/autoreload.py::BaseReloader::run	1	0	0	2	1	16
utils/autoreload.py::BaseReloader::run_loop	2	0	0	3	3	8
utils/autoreload.py::BaseReloader::should_stop	0	0	0	1	0	2
utils/autoreload.py::BaseReloader::stop	0	0	0	1	0	2
utils/autoreload.py::BaseReloader::tick	0	0	0	1	0	9
utils/autoreload.py::BaseReloader::wait_for_apps_ready	2	0	0	3	4	17
utils/autoreload.py::BaseReloader::watch_dir	1	0	0	2	1	13
utils/autoreload.py::BaseReloader::watched_files	3	0	0	4	6	11
utils/autoreload.py::StatReloader::check_availability	0	0	0	1	0	2
utils/autoreload.py::StatReloader::snapshot_files	2	0	0	4	5	13
utils/autoreload.py::StatReloader::tick	3	0	0	4	7	15
utils/autoreload.py::WatchmanReloader::__init__	0	0	0	1	0	5
utils/autoreload.py::WatchmanReloader::_check_subscription	2	0	0	4	4	14
utils/autoreload.py::WatchmanReloader::_get_clock	0	0	0	1	0	2
utils/autoreload.py::WatchmanReloader::_subscribe	1	0	0	2	1	19
utils/autoreload.py::WatchmanReloader::_subscribe_dir	2	0	0	3	4	13
utils/autoreload.py::WatchmanReloader::_update_watches	3	0	0	4	3	15
utils/autoreload.py::WatchmanReloader::_watch_glob	2	0	0	4	4	22
utils/autoreload.py::WatchmanReloader::_watch_root	2	0	0	4	4	20
utils/autoreload.py::WatchmanReloader::check_availability	1	0	0	4	3	15
utils/autoreload.py::WatchmanReloader::check_server_status	1	0	0	2	1	7
utils/autoreload.py::WatchmanReloader::client	0	0	0	1	0	2
utils/autoreload.py::WatchmanReloader::request_processed	0	0	0	1	0	3
utils/autoreload.py::WatchmanReloader::stop	0	0	0	1	0	3
utils/autoreload.py::WatchmanReloader::tick	2	0	0	6	10	20
utils/autoreload.py::WatchmanReloader::update_watches	2	0	0	3	3	7
utils/autoreload.py::WatchmanReloader::watched_roots	0	0	0	1	0	5
utils/autoreload.py::_walk	1	0	0	3	2	5
utils/autoreload.py::check_errors	2	0	0	4	6	23
utils/autoreload.py::common_roots	2	0	0	5	5	28
utils/autoreload.py::ensure_echo_on	2	0	0	6	8	17
utils/autoreload.py::get_child_arguments	2	0	0	5	8	34
utils/autoreload.py::get_reloader	1	0	0	2	1	7
utils/autoreload.py::is_django_module	0	0	0	1	0	3
utils/autoreload.py::is_django_path	0	0	0	1	0	3
utils/autoreload.py::iter_all_python_module_files	0	0	0	1	0	8
utils/autoreload.py::iter_modules_and_files	3	0	0	12	22	43
utils/autoreload.py::raise_last_exception	1	0	0	2	1	4
utils/autoreload.py::restart_with_reloader	2	0	0	3	3	7
utils/autoreload.py::run_with_reloader	2	0	0	3	3	12
utils/autoreload.py::start_django	2	0	0	3	3	17
utils/autoreload.py::sys_path_directories	2	0	0	4	6	15
utils/autoreload.py::trigger_reload	0	0	0	1	0	3
utils/autoreload.py::wrapper	2	0	0	4	6	19
utils/baseconv.py::BaseConverter::__init__	1	0	0	2	1	5
utils/baseconv.py::BaseConverter::__repr__	0	0	0	1	0	2
utils/baseconv.py::BaseConverter::convert	2	0	0	5	7	22
utils/baseconv.py::BaseConverter::decode	1	0	0	2	1	5
utils/baseconv.py::BaseConverter::encode	1	0	0	2	1	5
utils/cache.py::_generate_cache_header_key	0	0	0	1	0	6
utils/cache.py::_generate_cache_key	2	0	0	3	3	11
utils/cache.py::_i18n_cache_key_suffix	1	0	0	3	2	10
utils/cache.py::_if_match_passes	1	0	0	2	4	19
utils/cache.py::_if_modified_since_passes	0	0	0	2	1	5
utils/cache.py::_if_none_match_passes	1	0	0	2	3	17
utils/cache.py::_if_unmodified_since_passes	0	0	0	2	1	6
utils/cache.py::_not_modified	3	0	0	4	6	16
utils/cache.py::_precondition_failed	0	0	0	1	0	8
utils/cache.py::_to_tuple	1	0	0	2	1	5
utils/cache.py::add_never_cache_headers	0	0	0	1	0	6
utils/cache.py::dictitem	1	0	0	2	2	6
utils/cache.py::dictvalue	1	0	0	2	2	5
utils/cache.py::get_cache_key	1	0	0	4	4	20
utils/cache.py::get_conditional_response	2	0	0	17	15	41
utils/cache.py::get_max_age	1	0	0	3	2	12
utils/cache.py::has_vary_header	1	0	0	2	1	9
utils/cache.py::learn_cache_key	3	0	0	8	11	39
utils/cache.py::patch_cache_control	3	0	0	16	28	66
utils/cache.py::patch_response_headers	1	0	0	4	3	17
utils/cache.py::patch_vary_headers	1	0	0	3	4	23
utils/cache.py::set_response_etag	1	0	0	3	2	4
utils/connection.py::BaseConnectionHandler::__delitem__	0	0	0	1	0	2
utils/connection.py::BaseConnectionHandler::__getitem__	2	0	0	3	3	9
utils/connection.py::BaseConnectionHandler::__init__	0	0	0	1	0	3
utils/connection.py::BaseConnectionHandler::__iter__	0	0	0	1	0	2
utils/connection.py::BaseConnectionHandler::__setitem__	0	0	0	1	0	2
utils/connection.py::BaseConnectionHandler::all	0	0	0	1	0	2
utils/connection.py::BaseConnectionHandler::configure_settings	1	0	0	2	1	4
utils/connection.py::BaseConnectionHandler::create_connection	0	0	0	1	0	2
utils/connection.py::BaseConnectionHandler::settings	0	0	0	1	0	3
utils/connection.py::ConnectionProxy::__contains__	0	0	0	1	0	2
utils/connection.py::ConnectionProxy::__delattr__	0	0	0	1	0	2
utils/connection.py::ConnectionProxy::__eq__	0	0	0	1	0	2
utils/connection.py::ConnectionProxy::__getattr__	0	0	0	1	0	2
utils/connection.py::ConnectionProxy::__init__	0	0	0	1	0	3
utils/connection.py::ConnectionProxy::__setattr__	0	0	0	1	0	2
utils/crypto.py::constant_time_compare	0	0	0	1	0	3
utils/crypto.py::get_random_string	1	0	0	2	1	21
utils/crypto.py::pbkdf2	1	0	0	3	2	8
utils/crypto.py::salted_hmac	1	0	0	3	2	28
utils/datastructures.py::CaseInsensitiveMapping::__eq__	0	0	0	2	1	6
utils/datastructures.py::CaseInsensitiveMapping::__getitem__	0	0	0	1	0	2
utils/datastructures.py::CaseInsensitiveMapping::__init__	1	0	0	2	1	4
utils/datastructures.py::CaseInsensitiveMapping::__iter__	0	0	0	1	0	2
utils/datastructures.py::CaseInsensitiveMapping::__len__	0	0	0	1	0	2
utils/datastructures.py::CaseInsensitiveMapping::__repr__	0	0	0	1	0	2
utils/datastructures.py::CaseInsensitiveMapping::copy	0	0	0	1	0	2
utils/datastructures.py::DictWrapper::__getitem__	1	0	0	3	2	13
utils/datastructures.py::DictWrapper::__init__	0	0	0	1	0	4
utils/datastructures.py::ImmutableList::__new__	0	0	0	1	0	4
utils/datastructures.py::ImmutableList::complain	0	0	0	1	0	2
utils/datastructures.py::MultiValueDict::__copy__	0	0	0	1	0	5
utils/datastructures.py::MultiValueDict::__deepcopy__	1	0	0	2	1	7
utils/datastructures.py::MultiValueDict::__getitem__	1	0	0	3	2	13
utils/datastructures.py::MultiValueDict::__getstate__	0	0	0	1	0	2
utils/datastructures.py::MultiValueDict::__init__	0	0	0	1	0	2
utils/datastructures.py::MultiValueDict::__repr__	0	0	0	1	0	2
utils/datastructures.py::MultiValueDict::__setitem__	0	0	0	1	0	2
utils/datastructures.py::MultiValueDict::__setstate__	1	0	0	2	1	5
utils/datastructures.py::MultiValueDict::_getlist	2	0	0	5	7	17
utils/datastructures.py::MultiValueDict::appendlist	0	0	0	1	0	3
utils/datastructures.py::MultiValueDict::copy	0	0	0	1	0	3
utils/datastructures.py::MultiValueDict::dict	0	0	0	1	0	3
utils/datastructures.py::MultiValueDict::get	1	0	0	3	2	12
utils/datastructures.py::MultiValueDict::getlist	0	0	0	1	0	6
utils/datastructures.py::MultiValueDict::items	1	0	0	2	1	7
utils/datastructures.py::MultiValueDict::lists	0	0	0	1	0	3
utils/datastructures.py::MultiValueDict::setdefault	1	0	0	2	1	6
utils/datastructures.py::MultiValueDict::setlist	0	0	0	1	0	2
utils/datastructures.py::MultiValueDict::setlistdefault	2	0	0	3	3	8
utils/datastructures.py::MultiValueDict::update	3	0	0	8	15	16
utils/datastructures.py::MultiValueDict::values	1	0	0	2	1	4
utils/datastructures.py::OrderedSet::__bool__	0	0	0	1	0	2
utils/datastructures.py::OrderedSet::__contains__	0	0	0	1	0	2
utils/datastructures.py::OrderedSet::__init__	0	0	0	2	1	2
utils/datastructures.py::OrderedSet::__iter__	0	0	0	1	0	2
utils/datastructures.py::OrderedSet::__len__	0	0	0	1	0	2
utils/datastructures.py::OrderedSet::add	0	0	0	1	0	2
utils/datastructures.py::OrderedSet::discard	1	0	0	2	1	5
utils/datastructures.py::OrderedSet::remove	0	0	0	1	0	2
utils/datastructures.py::_destruct_iterable_mapping_values	2	0	0	4	5	10
utils/dateformat.py::DateFormat::D	0	0	0	1	0	3
utils/dateformat.py::DateFormat::E	0	0	0	1	0	3
utils/dateformat.py::DateFormat::F	0	0	0	1	0	3
utils/dateformat.py::DateFormat::I	1	0	0	4	4	12
utils/dateformat.py::DateFormat::L	0	0	0	1	0	3
utils/dateformat.py::DateFormat::M	0	0	0	1	0	3
utils/dateformat.py::DateFormat::N	0	0	0	1	0	3
utils/dateformat.py::DateFormat::S	1	0	0	5	4	12
utils/dateformat.py::DateFormat::U	1	0	0	3	3	6
utils/dateformat.py::DateFormat::W	0	0	0	1	0	3
utils/dateformat.py::DateFormat::Y	0	0	0	1	0	3
utils/dateformat.py::DateFormat::b	0	0	0	1	0	3
utils/dateformat.py::DateFormat::c	0	0	0	1	0	6
utils/dateformat.py::DateFormat::d	0	0	0	1	0	3
utils/dateformat.py::DateFormat::j	0	0	0	1	0	3
utils/dateformat.py::DateFormat::l	0	0	0	1	0	3
utils/dateformat.py::DateFormat::m	0	0	0	1	0	3
utils/dateformat.py::DateFormat::n	0	0	0	1	0	3
utils/dateformat.py::DateFormat::o	0	0	0	1	0	3
utils/dateformat.py::DateFormat::r	1	0	0	3	3	12
utils/dateformat.py::DateFormat::t	0	0	0	1	0	3
utils/dateformat.py::DateFormat::w	0	0	0	1	0	3
utils/dateformat.py::DateFormat::y	0	0	0	1	0	3
utils/dateformat.py::DateFormat::z	0	0	0	1	0	3
utils/dateformat.py::Formatter::format	3	0	0	5	8	13
utils/dateformat.py::TimeFormat::A	1	0	0	2	1	5
utils/dateformat.py::TimeFormat::G	0	0	0	1	0	3
utils/dateformat.py::TimeFormat::H	0	0	0	1	0	3
utils/dateformat.py::TimeFormat::O	1	0	0	4	3	15
utils/dateformat.py::TimeFormat::P	1	0	0	5	4	12
utils/dateformat.py::TimeFormat::T	1	0	0	4	3	20
utils/dateformat.py::TimeFormat::Z	1	0	0	3	2	24
utils/dateformat.py::TimeFormat::__init__	2	0	0	3	4	12
utils/dateformat.py::TimeFormat::a	1	0	0	2	1	5
utils/dateformat.py::TimeFormat::e	1	0	0	6	5	15
utils/dateformat.py::TimeFormat::f	1	0	0	2	1	10
utils/dateformat.py::TimeFormat::g	0	0	0	2	1	3
utils/dateformat.py::TimeFormat::h	0	0	0	1	0	3
utils/dateformat.py::TimeFormat::i	0	0	0	1	0	3
utils/dateformat.py::TimeFormat::s	0	0	0	1	0	3
utils/dateformat.py::TimeFormat::u	0	0	0	1	0	3
utils/dateformat.py::format	0	0	0	1	0	4
utils/dateformat.py::time_format	0	0	0	1	0	4
utils/dateparse.py::parse_date	1	0	0	2	1	10
utils/dateparse.py::parse_datetime	3	0	0	6	11	25
utils/dateparse.py::parse_duration	2	0	0	11	12	25
utils/dateparse.py::parse_time	1	0	0	3	2	15
utils/datetime_safe.py::_findall	2	0	0	3	3	11
utils/datetime_safe.py::date::strftime	0	0	0	1	0	2
utils/datetime_safe.py::datetime::combine	0	0	0	1	0	4
utils/datetime_safe.py::datetime::date	0	0	0	1	0	2
utils/datetime_safe.py::datetime::strftime	0	0	0	1	0	2
utils/datetime_safe.py::new_date	0	0	0	1	0	3
utils/datetime_safe.py::new_datetime	1	0	0	2	1	8
utils/datetime_safe.py::strftime	2	0	0	6	6	33
utils/deconstruct.py::__new__	0	0	0	1	0	5
utils/deconstruct.py::deconstruct	1	0	0	4	4	27
utils/deconstruct.py::deconstructible	1	0	0	5	5	50
utils/deconstruct.py::decorator	1	0	0	4	4	39
utils/decorators.py::_dec	1	0	0	5	4	17
utils/decorators.py::_decorator	3	0	0	13	21	35
utils/decorators.py::_make_decorator	3	0	0	13	21	37
utils/decorators.py::_multi_decorate	1	0	0	4	4	29
utils/decorators.py::_update_method_wrapper	0	0	0	1	0	7
utils/decorators.py::_wrapped_view	3	0	0	13	21	30
utils/decorators.py::_wrapper	1	0	0	2	1	9
utils/decorators.py::async_only_middleware	0	0	0	1	0	5
utils/decorators.py::callback	0	0	0	1	0	2
utils/decorators.py::classonlymethod::__get__	1	0	0	2	1	4
utils/decorators.py::decorator_from_middleware	0	0	0	1	0	7
utils/decorators.py::decorator_from_middleware_with_args	0	0	0	1	0	14
utils/decorators.py::dummy	0	0	0	1	0	2
utils/decorators.py::make_middleware_decorator	3	0	0	13	21	39
utils/decorators.py::method_decorator	1	0	0	7	6	34
utils/decorators.py::sync_and_async_middleware	0	0	0	1	0	8
utils/decorators.py::sync_only_middleware	0	0	0	1	0	8
utils/deprecation.py::DeprecationInstanceCheck::__instancecheck__	0	0	0	1	0	6
utils/deprecation.py::MiddlewareMixin::__acall__	1	0	0	4	3	18
utils/deprecation.py::MiddlewareMixin::__call__	1	0	0	5	4	11
utils/deprecation.py::MiddlewareMixin::__init__	0	0	0	1	0	5
utils/deprecation.py::MiddlewareMixin::_async_check	1	0	0	2	1	9
utils/deprecation.py::MiddlewareMixin::_get_response_none_deprecation	1	0	0	2	1	7
utils/deprecation.py::RenameMethodsBase::__new__	3	0	0	7	11	27
utils/deprecation.py::warn_about_renamed_method::__call__	0	0	0	1	0	8
utils/deprecation.py::warn_about_renamed_method::__init__	0	0	0	1	0	5
utils/deprecation.py::warn_about_renamed_method::wrapped	0	0	0	1	0	6
utils/duration.py::_get_duration_components	0	0	0	1	0	12
utils/duration.py::duration_iso_string	1	0	0	3	3	10
utils/duration.py::duration_microseconds	0	0	0	1	0	2
utils/duration.py::duration_string	1	0	0	3	2	11
utils/encoding.py::DjangoUnicodeDecodeError::__init__	0	0	0	1	0	3
utils/encoding.py::DjangoUnicodeDecodeError::__str__	0	0	0	1	0	2
utils/encoding.py::escape_uri_path	0	0	0	1	0	15
utils/encoding.py::filepath_to_uri	1	0	0	2	1	13
utils/encoding.py::force_bytes	2	0	0	6	7	18
utils/encoding.py::force_str	1	0	0	6	6	20
utils/encoding.py::force_text	0	0	0	1	0	6
utils/encoding.py::get_system_encoding	1	0	0	3	2	12
utils/encoding.py::iri_to_uri	1	0	0	2	2	30
utils/encoding.py::is_protected_type	0	0	0	1	0	7
utils/encoding.py::punycode	0	0	0	1	0	3
utils/encoding.py::repercent_broken_unicode	2	0	0	3	4	16
utils/encoding.py::smart_bytes	1	0	0	2	1	10
utils/encoding.py::smart_str	1	0	0	2	1	11
utils/encoding.py::smart_text	0	0	0	1	0	6
utils/encoding.py::uri_to_iri	3	0	0	5	9	34
utils/feedgenerator.py::Atom1Feed::add_item_elements	2	0	0	11	13	47
utils/feedgenerator.py::Atom1Feed::add_root_elements	2	0	0	8	9	21
utils/feedgenerator.py::Atom1Feed::root_attributes	1	0	0	2	2	5
utils/feedgenerator.py::Atom1Feed::write	0	0	0	1	0	7
utils/feedgenerator.py::Atom1Feed::write_items	1	0	0	2	1	5
utils/feedgenerator.py::Enclosure::__init__	0	0	0	1	0	4
utils/feedgenerator.py::Rss201rev2Feed::add_item_elements	2	0	0	12	15	46
utils/feedgenerator.py::RssFeed::add_root_elements	1	0	0	6	5	15
utils/feedgenerator.py::RssFeed::endChannelElement	0	0	0	1	0	2
utils/feedgenerator.py::RssFeed::rss_attributes	0	0	0	1	0	5
utils/feedgenerator.py::RssFeed::write	0	0	0	1	0	9
utils/feedgenerator.py::RssFeed::write_items	1	0	0	2	1	5
utils/feedgenerator.py::RssUserland091Feed::add_item_elements	1	0	0	2	1	5
utils/feedgenerator.py::SyndicationFeed::__init__	1	0	0	5	4	23
utils/feedgenerator.py::SyndicationFeed::add_item	1	0	0	5	4	30
utils/feedgenerator.py::SyndicationFeed::add_item_elements	0	0	0	1	0	5
utils/feedgenerator.py::SyndicationFeed::add_root_elements	0	0	0	1	0	6
utils/feedgenerator.py::SyndicationFeed::item_attributes	0	0	0	1	0	5
utils/feedgenerator.py::SyndicationFeed::latest_post_date	4	1	2	7	12	17
utils/feedgenerator.py::SyndicationFeed::num_items	0	0	0	1	0	2
utils/feedgenerator.py::SyndicationFeed::root_attributes	0	0	0	1	0	6
utils/feedgenerator.py::SyndicationFeed::to_str	1	0	0	2	1	2
utils/feedgenerator.py::SyndicationFeed::write	0	0	0	1	0	6
utils/feedgenerator.py::SyndicationFeed::writeString	0	0	0	1	0	7
utils/feedgenerator.py::get_tag_uri	1	0	0	2	1	11
utils/feedgenerator.py::rfc2822_date	1	0	0	2	1	4
utils/feedgenerator.py::rfc3339_date	1	0	0	3	2	4
utils/formats.py::date_format	0	0	0	2	1	9
utils/formats.py::get_format	3	0	0	13	20	40
utils/formats.py::get_format_modules	1	0	0	4	3	10
utils/formats.py::iter_format_modules	3	0	0	10	14	25
utils/formats.py::localize	2	0	0	3	8	23
utils/formats.py::localize_input	1	0	0	5	9	23
utils/formats.py::number_format	1	0	0	4	4	20
utils/formats.py::reset_format_cache	0	0	0	1	0	9
utils/formats.py::sanitize_separators	4	1	3	8	14	23
utils/formats.py::time_format	0	0	0	2	1	8
utils/functional.py::LazyObject::__copy__	1	0	0	2	2	8
utils/functional.py::LazyObject::__deepcopy__	1	0	0	2	1	8
utils/functional.py::LazyObject::__delattr__	1	0	0	3	2	6
utils/functional.py::LazyObject::__init__	0	0	0	1	0	4
utils/functional.py::LazyObject::__reduce__	1	0	0	2	1	4
utils/functional.py::LazyObject::__setattr__	2	0	0	3	4	8
utils/functional.py::LazyObject::_setup	0	0	0	1	0	5
utils/functional.py::SimpleLazyObject::__copy__	1	0	0	2	2	8
utils/functional.py::SimpleLazyObject::__deepcopy__	1	0	0	2	1	8
utils/functional.py::SimpleLazyObject::__init__	0	0	0	1	0	11
utils/functional.py::SimpleLazyObject::__repr__	1	0	0	2	2	6
utils/functional.py::SimpleLazyObject::_setup	0	0	0	1	0	2
utils/functional.py::__proxy__::__add__	0	0	0	1	0	2
utils/functional.py::__proxy__::__bytes_cast	0	0	0	1	0	2
utils/functional.py::__proxy__::__bytes_cast_encoded	0	0	0	1	0	2
utils/functional.py::__proxy__::__cast	1	0	0	2	3	7
utils/functional.py::__proxy__::__deepcopy__	0	0	0	1	0	6
utils/functional.py::__proxy__::__eq__	1	0	0	2	1	4
utils/functional.py::__proxy__::__hash__	0	0	0	1	0	2
utils/functional.py::__proxy__::__init__	1	0	0	2	1	6
utils/functional.py::__proxy__::__lt__	1	0	0	2	1	4
utils/functional.py::__proxy__::__mod__	1	0	0	2	1	4
utils/functional.py::__proxy__::__prepare_class__	4	1	2	7	13	18
utils/functional.py::__proxy__::__promise__	0	0	0	1	0	8
utils/functional.py::__proxy__::__radd__	0	0	0	1	0	2
utils/functional.py::__proxy__::__reduce__	0	0	0	1	0	5
utils/functional.py::__proxy__::__repr__	0	0	0	1	0	2
utils/functional.py::__proxy__::__str__	0	0	0	1	0	4
utils/functional.py::__proxy__::__text_cast	0	0	0	1	0	2
utils/functional.py::__proxy__::__wrapper__	0	0	0	1	0	5
utils/functional.py::__wrapper__	0	0	0	1	0	3
utils/functional.py::_lazy_proxy_unpickle	0	0	0	1	0	2
utils/functional.py::cached_property::__get__	1	0	0	2	1	10
utils/functional.py::cached_property::__init__	0	0	0	1	0	3
utils/functional.py::cached_property::__set_name__	1	0	0	2	2	9
utils/functional.py::cached_property::func	0	0	0	1	0	5
utils/functional.py::classproperty::__get__	0	0	0	1	0	2
utils/functional.py::classproperty::__init__	0	0	0	1	0	2
utils/functional.py::classproperty::getter	0	0	0	1	0	3
utils/functional.py::decorator	1	0	0	2	1	9
utils/functional.py::inner	1	0	0	2	1	4
utils/functional.py::keep_lazy	1	0	0	3	2	20
utils/functional.py::keep_lazy_text	0	0	0	1	0	5
utils/functional.py::lazy	4	1	2	12	20	122
utils/functional.py::lazystr	0	0	0	1	0	5
utils/functional.py::new_method_proxy	1	0	0	2	1	6
utils/functional.py::partition	1	0	0	2	1	12
utils/functional.py::unpickle_lazyobject	0	0	0	1	0	6
utils/functional.py::wrapper	1	0	0	2	1	4
utils/hashable.py::make_hashable	2	0	0	4	4	21
utils/html.py::MLStripper::__init__	0	0	0	1	0	4
utils/html.py::MLStripper::get_data	0	0	0	1	0	2
utils/html.py::MLStripper::handle_charref	0	0	0	1	0	2
utils/html.py::MLStripper::handle_data	0	0	0	1	0	2
utils/html.py::MLStripper::handle_entityref	0	0	0	1	0	2
utils/html.py::_strip_once	0	0	0	1	0	8
utils/html.py::avoid_wrapping	0	0	0	1	0	6
utils/html.py::conditional_escape	1	0	0	3	3	13
utils/html.py::escape	0	0	0	1	0	10
utils/html.py::escapejs	0	0	0	1	0	3
utils/html.py::format_html	0	0	0	1	0	9
utils/html.py::format_html_join	0	0	0	1	0	18
utils/html.py::html_safe	2	0	0	3	2	19
utils/html.py::is_email_simple	1	0	0	7	5	14
utils/html.py::json_script	0	0	0	1	0	12
utils/html.py::linebreaks	1	0	0	2	2	9
utils/html.py::smart_urlquote	1	0	0	4	3	33
utils/html.py::strip_spaces_between_tags	0	0	0	1	0	3
utils/html.py::strip_tags	2	0	0	4	4	12
utils/html.py::trim_punctuation	3	0	0	7	12	31
utils/html.py::trim_url	1	0	0	3	2	4
utils/html.py::unquote_quote	0	0	0	1	0	6
utils/html.py::urlize	4	3	9	27	52	114
utils/http.py::_url_has_allowed_host_and_scheme	1	0	0	12	11	27
utils/http.py::_urlparse	1	0	0	3	3	15
utils/http.py::_urlsplit	3	0	0	12	16	27
utils/http.py::base36_to_int	1	0	0	2	1	11
utils/http.py::escape_leading_slashes	1	0	0	2	1	9
utils/http.py::http_date	0	0	0	1	0	12
utils/http.py::int_to_base36	1	0	0	4	3	12
utils/http.py::is_safe_url	0	0	0	1	0	7
utils/http.py::is_same_domain	1	0	0	5	4	17
utils/http.py::parse_etags	1	0	0	2	2	12
utils/http.py::parse_http_date	2	0	0	6	9	38
utils/http.py::parse_http_date_safe	1	0	0	2	1	8
utils/http.py::parse_qsl	3	0	0	11	19	69
utils/http.py::quote_etag	1	0	0	2	2	9
utils/http.py::url_has_allowed_host_and_scheme	1	0	0	5	5	27
utils/http.py::urlencode	4	1	8	8	20	39
utils/http.py::urlquote	0	0	0	1	0	11
utils/http.py::urlquote_plus	0	0	0	1	0	11
utils/http.py::urlsafe_base64_decode	1	0	0	2	1	10
utils/http.py::urlsafe_base64_encode	0	0	0	1	0	6
utils/http.py::urlunquote	0	0	0	1	0	11
utils/http.py::urlunquote_plus	0	0	0	1	0	11
utils/inspect.py::_get_signature	0	0	0	1	0	2
utils/inspect.py::func_accepts_kwargs	0	0	0	1	0	6
utils/inspect.py::func_accepts_var_args	0	0	0	1	0	8
utils/inspect.py::func_supports_parameter	0	0	0	1	0	2
utils/inspect.py::get_func_args	0	0	0	1	0	6
utils/inspect.py::get_func_full_args	2	0	0	5	9	22
utils/inspect.py::method_has_no_args	1	0	0	2	1	7
utils/ipv6.py::clean_ipv6_address	1	0	0	4	4	29
utils/ipv6.py::is_valid_ipv6_address	1	0	0	2	1	9
utils/itercompat.py::is_iterable	1	0	0	2	2	8
utils/jslex.py::JsLexer::__init__	0	0	0	1	0	2
utils/jslex.py::Lexer::__init__	2	0	0	3	3	13
utils/jslex.py::Lexer::lex	3	0	0	4	6	25
utils/jslex.py::Tok::__init__	0	0	0	1	0	6
utils/jslex.py::escape_quotes	1	0	0	2	2	7
utils/jslex.py::literals	0	0	0	1	0	8
utils/jslex.py::prepare_js_for_gettext	3	0	0	5	10	36
utils/log.py::AdminEmailHandler::__init__	0	0	0	2	1	5
utils/log.py::AdminEmailHandler::connection	0	0	0	1	0	2
utils/log.py::AdminEmailHandler::emit	1	0	0	5	5	32
utils/log.py::AdminEmailHandler::format_subject	0	0	0	1	0	5
utils/log.py::AdminEmailHandler::send_mail	0	0	0	1	0	2
utils/log.py::CallbackFilter::__init__	0	0	0	1	0	2
utils/log.py::CallbackFilter::filter	1	0	0	2	1	4
utils/log.py::RequireDebugFalse::filter	0	0	0	1	0	2
utils/log.py::RequireDebugTrue::filter	0	0	0	1	0	2
utils/log.py::ServerFormatter::__init__	0	0	0	1	0	3
utils/log.py::ServerFormatter::format	2	0	0	5	11	27
utils/log.py::ServerFormatter::uses_server_time	0	0	0	1	0	2
utils/log.py::configure_logging	2	0	0	3	3	10
utils/log.py::log_response	2	0	0	4	6	32
utils/lorem_ipsum.py::paragraph	0	0	0	1	0	7
utils/lorem_ipsum.py::paragraphs	2	0	0	4	5	15
utils/lorem_ipsum.py::sentence	0	0	0	1	0	13
utils/lorem_ipsum.py::words	2	0	0	4	5	18
utils/module_loading.py::autodiscover_modules	4	2	4	7	17	34
utils/module_loading.py::import_string	1	0	0	3	2	18
utils/module_loading.py::module_dir	2	0	0	3	4	16
utils/module_loading.py::module_has_submodule	1	0	0	3	2	17
utils/numberformat.py::format	4	1	2	27	40	84
utils/regex_helper.py::_compile	1	0	0	2	2	9
utils/regex_helper.py::_lazy_re_compile	1	0	0	2	2	12
utils/regex_helper.py::contains	3	0	0	5	7	12
utils/regex_helper.py::flatten_result	4	1	3	16	34	52
utils/regex_helper.py::get_quantifier	2	0	0	8	10	35
utils/regex_helper.py::next_char	2	0	0	4	5	19
utils/regex_helper.py::normalize	5	2	45	19	67	150
utils/regex_helper.py::walk_to_end	3	0	0	5	10	19
utils/safestring.py::SafeData::__html__	0	0	0	1	0	7
utils/safestring.py::SafeString::__add__	1	0	0	2	1	9
utils/safestring.py::SafeString::__str__	0	0	0	1	0	2
utils/safestring.py::_safety_decorator	0	0	0	1	0	5
utils/safestring.py::mark_safe	1	0	0	3	2	14
utils/safestring.py::wrapped	0	0	0	1	0	2
utils/termcolors.py::colorize	2	0	0	11	12	43
utils/termcolors.py::make_style	2	0	0	1	0	11
utils/termcolors.py::parse_color_setting	3	0	0	11	20	79
utils/text.py::StreamingBuffer::read	0	0	0	1	0	5
utils/text.py::Truncator::__init__	2	0	0	1	0	2
utils/text.py::Truncator::_text_chars	2	0	0	7	9	19
utils/text.py::Truncator::_text_words	1	0	0	2	1	11
utils/text.py::Truncator::_truncate_html	3	0	0	16	26	71
utils/text.py::Truncator::add_truncation_text	1	0	0	4	3	14
utils/text.py::Truncator::chars	3	0	0	5	7	22
utils/text.py::Truncator::words	1	0	0	2	1	11
utils/text.py::_format_lazy	0	0	0	1	0	6
utils/text.py::_generator	4	1	4	10	16	16
utils/text.py::_replace_entity	2	0	0	5	9	17
utils/text.py::camel_case_to_spaces	0	0	0	1	0	5
utils/text.py::capfirst	0	0	0	2	1	3
utils/text.py::compress_sequence	2	0	0	3	3	11
utils/text.py::compress_string	0	0	0	1	0	5
utils/text.py::get_text_list	1	0	0	3	2	21
utils/text.py::get_valid_filename	0	0	0	1	0	11
utils/text.py::normalize_newlines	0	0	0	1	0	3
utils/text.py::phone2numeric	0	0	0	1	0	9
utils/text.py::slugify	1	0	0	2	2	14
utils/text.py::smart_split	1	0	0	2	1	17
utils/text.py::unescape_entities	0	0	0	1	0	7
utils/text.py::unescape_string_literal	1	0	0	3	2	18
utils/text.py::wrap	4	1	4	10	16	28
utils/timesince.py::timesince	2	0	0	17	21	68
utils/timesince.py::timeuntil	0	0	0	1	0	5
utils/timezone.py::_get_timezone_name	0	0	0	1	0	3
utils/timezone.py::activate	1	0	0	2	3	13
utils/timezone.py::deactivate	1	0	0	2	1	8
utils/timezone.py::get_current_timezone	0	0	0	1	0	3
utils/timezone.py::get_current_timezone_name	0	0	0	1	0	3
utils/timezone.py::get_default_timezone	0	0	0	1	0	7
utils/timezone.py::get_default_timezone_name	0	0	0	1	0	3
utils/timezone.py::get_fixed_timezone	1	0	0	3	2	8
utils/timezone.py::is_aware	0	0	0	1	0	11
utils/timezone.py::is_naive	0	0	0	1	0	11
utils/timezone.py::localdate	0	0	0	1	0	11
utils/timezone.py::localtime	1	0	0	4	3	18
utils/timezone.py::make_aware	2	0	0	4	5	14
utils/timezone.py::make_naive	1	0	0	3	2	8
utils/timezone.py::now	1	0	0	2	2	9
utils/timezone.py::override::__enter__	1	0	0	2	2	6
utils/timezone.py::override::__exit__	1	0	0	2	2	5
utils/timezone.py::override::__init__	0	0	0	1	0	2
utils/timezone.py::template_localtime	1	0	0	6	3	16
utils/topological_sort.py::stable_topological_sort	3	0	0	4	6	7
utils/topological_sort.py::topological_sort_as_sets	2	0	0	3	3	23
utils/translation/__init__.py::NumberAwareString::__bool__	0	0	0	1	0	2
utils/translation/__init__.py::NumberAwareString::__mod__	1	0	0	4	4	12
utils/translation/__init__.py::NumberAwareString::_get_number_value	1	0	0	2	1	9
utils/translation/__init__.py::NumberAwareString::_translate	0	0	0	1	0	3
utils/translation/__init__.py::NumberAwareString::format	1	0	0	3	2	3
utils/translation/__init__.py::Trans::__getattr__	1	0	0	2	2	13
utils/translation/__init__.py::_lazy_number_unpickle	0	0	0	1	0	2
utils/translation/__init__.py::activate	0	0	0	1	0	2
utils/translation/__init__.py::check_for_language	0	0	0	1	0	2
utils/translation/__init__.py::deactivate	0	0	0	1	0	2
utils/translation/__init__.py::deactivate_all	0	0	0	1	0	2
utils/translation/__init__.py::get_language	0	0	0	1	0	2
utils/translation/__init__.py::get_language_bidi	0	0	0	1	0	2
utils/translation/__init__.py::get_language_from_path	0	0	0	1	0	2
utils/translation/__init__.py::get_language_from_request	0	0	0	1	0	2
utils/translation/__init__.py::get_language_info	2	0	0	7	9	20
utils/translation/__init__.py::get_supported_language_variant	0	0	0	1	0	2
utils/translation/__init__.py::gettext	0	0	0	1	0	2
utils/translation/__init__.py::gettext_noop	0	0	0	1	0	2
utils/translation/__init__.py::lazy_number	3	0	0	8	13	45
utils/translation/__init__.py::ngettext	0	0	0	1	0	2
utils/translation/__init__.py::ngettext_lazy	0	0	0	1	0	2
utils/translation/__init__.py::npgettext	0	0	0	1	0	2
utils/translation/__init__.py::npgettext_lazy	0	0	0	1	0	2
utils/translation/__init__.py::override::__enter__	1	0	0	2	2	6
utils/translation/__init__.py::override::__exit__	1	0	0	2	3	7
utils/translation/__init__.py::override::__init__	0	0	0	1	0	3
utils/translation/__init__.py::pgettext	0	0	0	1	0	2
utils/translation/__init__.py::round_away_from_one	0	0	0	1	0	2
utils/translation/__init__.py::templatize	0	0	0	1	0	3
utils/translation/__init__.py::to_language	1	0	0	2	2	7
utils/translation/__init__.py::to_locale	1	0	0	4	3	14
utils/translation/__init__.py::trim_whitespace	0	0	0	1	0	2
utils/translation/__init__.py::ugettext	0	0	0	1	0	11
utils/translation/__init__.py::ugettext_lazy	0	0	0	1	0	11
utils/translation/__init__.py::ugettext_noop	0	0	0	1	0	11
utils/translation/__init__.py::ungettext	0	0	0	1	0	11
utils/translation/__init__.py::ungettext_lazy	0	0	0	1	0	11
utils/translation/reloader.py::translation_file_changed	1	0	0	2	1	11
utils/translation/reloader.py::watch_for_translation_changes	2	0	0	3	3	14
utils/translation/template.py::blankout	0	0	0	1	0	6
utils/translation/template.py::join_tokens	1	0	0	2	1	5
utils/translation/template.py::templatize	7	10	133	40	194	193
utils/translation/trans_null.py::activate	0	0	0	1	0	2
utils/translation/trans_null.py::check_for_language	0	0	0	1	0	2
utils/translation/trans_null.py::deactivate	0	0	0	1	0	2
utils/translation/trans_null.py::get_language	0	0	0	1	0	2
utils/translation/trans_null.py::get_language_bidi	0	0	0	1	0	2
utils/translation/trans_null.py::get_language_from_path	0	0	0	1	0	2
utils/translation/trans_null.py::get_language_from_request	0	0	0	1	0	2
utils/translation/trans_null.py::get_supported_language_variant	1	0	0	2	2	5
utils/translation/trans_null.py::gettext	0	0	0	1	0	2
utils/translation/trans_null.py::ngettext	1	0	0	2	1	4
utils/translation/trans_null.py::npgettext	0	0	0	1	0	2
utils/translation/trans_null.py::pgettext	0	0	0	1	0	2
utils/translation/trans_real.py::DjangoTranslation::__init__	2	0	0	10	11	36
utils/translation/trans_real.py::DjangoTranslation::__repr__	0	0	0	1	0	2
utils/translation/trans_real.py::DjangoTranslation::_add_fallback	1	0	0	4	4	14
utils/translation/trans_real.py::DjangoTranslation::_add_installed_apps_translations	2	0	0	4	4	14
utils/translation/trans_real.py::DjangoTranslation::_add_local_translations	1	0	0	2	1	5
utils/translation/trans_real.py::DjangoTranslation::_init_translation_catalog	0	0	0	1	0	6
utils/translation/trans_real.py::DjangoTranslation::_new_gnu_trans	0	0	0	1	0	14
utils/translation/trans_real.py::DjangoTranslation::language	0	0	0	1	0	3
utils/translation/trans_real.py::DjangoTranslation::merge	1	0	0	4	4	13
utils/translation/trans_real.py::DjangoTranslation::ngettext	2	0	0	4	6	11
utils/translation/trans_real.py::DjangoTranslation::to_language	0	0	0	1	0	3
utils/translation/trans_real.py::TranslationCatalog::__contains__	0	0	0	1	0	2
utils/translation/trans_real.py::TranslationCatalog::__getitem__	2	0	0	3	3	7
utils/translation/trans_real.py::TranslationCatalog::__init__	3	0	0	3	2	3
utils/translation/trans_real.py::TranslationCatalog::__setitem__	0	0	0	1	0	2
utils/translation/trans_real.py::TranslationCatalog::get	2	0	0	3	3	7
utils/translation/trans_real.py::TranslationCatalog::items	1	0	0	2	1	3
utils/translation/trans_real.py::TranslationCatalog::keys	1	0	0	2	1	3
utils/translation/trans_real.py::TranslationCatalog::plural	2	0	0	3	3	6
utils/translation/trans_real.py::TranslationCatalog::update	2	0	0	3	4	9
utils/translation/trans_real.py::activate	1	0	0	2	1	8
utils/translation/trans_real.py::all_locale_paths	2	0	0	3	3	12
utils/translation/trans_real.py::catalog	1	0	0	3	2	14
utils/translation/trans_real.py::check_for_language	1	0	0	3	2	17
utils/translation/trans_real.py::deactivate	1	0	0	2	1	7
utils/translation/trans_real.py::deactivate_all	2	0	0	1	0	8
utils/translation/trans_real.py::do_ntranslate	1	0	0	3	2	9
utils/translation/trans_real.py::get_language	2	0	0	3	3	10
utils/translation/trans_real.py::get_language_bidi	1	0	0	2	2	13
utils/translation/trans_real.py::get_language_from_path	1	0	0	3	2	15
utils/translation/trans_real.py::get_language_from_request	2	0	0	12	14	41
utils/translation/trans_real.py::get_languages	0	0	0	1	0	5
utils/translation/trans_real.py::get_supported_language_variant	4	1	2	9	18	32
utils/translation/trans_real.py::gettext	1	0	0	4	4	24
utils/translation/trans_real.py::gettext_noop	0	0	0	1	0	8
utils/translation/trans_real.py::ngettext	0	0	0	1	0	6
utils/translation/trans_real.py::npgettext	1	0	0	2	1	9
utils/translation/trans_real.py::parse_accept_lang_header	2	0	0	5	7	22
utils/translation/trans_real.py::pgettext	1	0	0	2	2	9
utils/translation/trans_real.py::reset_cache	1	0	0	2	1	9
utils/translation/trans_real.py::translation	1	0	0	2	1	8
utils/tree.py::Node::__bool__	0	0	0	1	0	3
utils/tree.py::Node::__contains__	0	0	0	1	0	3
utils/tree.py::Node::__deepcopy__	0	0	0	1	0	5
utils/tree.py::Node::__eq__	0	0	0	3	1	6
utils/tree.py::Node::__hash__	0	0	0	1	0	2
utils/tree.py::Node::__init__	1	0	0	3	2	5
utils/tree.py::Node::__len__	0	0	0	1	0	3
utils/tree.py::Node::__repr__	0	0	0	1	0	2
utils/tree.py::Node::__str__	1	0	0	2	1	3
utils/tree.py::Node::_new_instance	0	0	0	1	0	12
utils/tree.py::Node::add	2	0	0	8	9	43
utils/tree.py::Node::negate	0	0	0	1	0	3
utils/version.py::get_complete_version	1	0	0	2	2	12
utils/version.py::get_docs_version	1	0	0	2	2	6
utils/version.py::get_git_changeset	1	0	0	2	1	19
utils/version.py::get_main_version	1	0	0	2	1	5
utils/version.py::get_version	2	0	0	4	5	22
utils/version.py::get_version_tuple	2	0	0	3	3	12
utils/xmlutils.py::SimplerXMLGenerator::addQuickElement	1	0	0	3	2	8
utils/xmlutils.py::SimplerXMLGenerator::characters	1	0	0	3	2	6
utils/xmlutils.py::SimplerXMLGenerator::startElement	1	0	0	2	1	4
views/csrf.py::csrf_failure	2	0	0	3	4	51
views/debug.py::CallableSettingWrapper::__init__	0	0	0	1	0	2
views/debug.py::CallableSettingWrapper::__repr__	0	0	0	1	0	2
views/debug.py::ExceptionReporter::__init__	0	0	0	1	0	11
views/debug.py::ExceptionReporter::_get_explicit_or_implicit_cause	1	0	0	3	2	5
views/debug.py::ExceptionReporter::_get_lines_from_file	3	0	0	6	8	33
views/debug.py::ExceptionReporter::_get_source	2	0	0	6	8	16
views/debug.py::ExceptionReporter::get_exception_traceback_frames	2	0	0	7	9	45
views/debug.py::ExceptionReporter::get_traceback_data	4	1	2	18	26	71
views/debug.py::ExceptionReporter::get_traceback_frames	2	0	0	7	8	32
views/debug.py::ExceptionReporter::get_traceback_html	0	0	0	1	0	6
views/debug.py::ExceptionReporter::get_traceback_text	0	0	0	1	0	6
views/debug.py::SafeExceptionReporterFilter::cleanse_setting	1	0	0	4	7	25
views/debug.py::SafeExceptionReporterFilter::cleanse_special_types	1	0	0	3	2	13
views/debug.py::SafeExceptionReporterFilter::get_cleansed_multivaluedict	3	0	0	5	7	13
views/debug.py::SafeExceptionReporterFilter::get_post_parameters	5	2	5	8	23	24
views/debug.py::SafeExceptionReporterFilter::get_safe_request_meta	1	0	0	2	1	7
views/debug.py::SafeExceptionReporterFilter::get_safe_settings	2	0	0	3	3	10
views/debug.py::SafeExceptionReporterFilter::get_traceback_frame_variables	4	1	4	13	25	49
views/debug.py::SafeExceptionReporterFilter::is_active	0	0	0	1	0	8
views/debug.py::default_urlconf	0	0	0	1	0	9
views/debug.py::get_default_exception_reporter_filter	0	0	0	1	0	3
views/debug.py::get_exception_reporter_class	0	0	0	1	0	3
views/debug.py::get_exception_reporter_filter	0	0	0	1	0	3
views/debug.py::technical_404_response	2	0	0	14	15	58
views/debug.py::technical_500_response	1	0	0	2	2	12
views/decorators/cache.py::_cache_controlled	0	0	0	1	0	4
views/decorators/cache.py::_cache_controller	0	0	0	1	0	7
views/decorators/cache.py::_wrapped_view_func	0	0	0	1	0	4
views/decorators/cache.py::cache_control	0	0	0	1	0	9
views/decorators/cache.py::cache_page	0	0	0	1	0	17
views/decorators/cache.py::never_cache	0	0	0	1	0	10
views/decorators/clickjacking.py::wrapped_view	1	0	0	2	1	5
views/decorators/clickjacking.py::xframe_options_deny	1	0	0	2	1	16
views/decorators/clickjacking.py::xframe_options_exempt	0	0	0	1	0	14
views/decorators/clickjacking.py::xframe_options_sameorigin	1	0	0	2	1	16
views/decorators/common.py::no_append_slash	0	0	0	1	0	11
views/decorators/common.py::wrapped_view	0	0	0	1	0	2
views/decorators/csrf.py::_EnsureCsrfCookie::_reject	0	0	0	1	0	2
views/decorators/csrf.py::_EnsureCsrfCookie::process_view	0	0	0	1	0	5
views/decorators/csrf.py::_EnsureCsrfToken::_reject	0	0	0	1	0	2
views/decorators/csrf.py::csrf_exempt	0	0	0	1	0	8
views/decorators/csrf.py::wrapped_view	0	0	0	1	0	2
views/decorators/debug.py::decorator	1	0	0	2	2	9
views/decorators/debug.py::sensitive_post_parameters	1	0	0	4	4	45
views/decorators/debug.py::sensitive_post_parameters_wrapper	1	0	0	2	2	11
views/decorators/debug.py::sensitive_variables	1	0	0	4	4	39
views/decorators/debug.py::sensitive_variables_wrapper	1	0	0	2	2	6
views/decorators/http.py::condition	2	0	0	10	12	58
views/decorators/http.py::decorator	1	0	0	2	1	13
views/decorators/http.py::etag	0	0	0	1	0	2
views/decorators/http.py::get_last_modified	2	0	0	3	3	5
views/decorators/http.py::inner	1	0	0	2	1	10
views/decorators/http.py::last_modified	0	0	0	1	0	2
views/decorators/http.py::require_http_methods	1	0	0	2	1	25
views/decorators/vary.py::decorator	0	0	0	1	0	7
views/decorators/vary.py::inner_func	0	0	0	1	0	4
views/decorators/vary.py::vary_on_cookie	0	0	0	1	0	15
views/decorators/vary.py::vary_on_headers	0	0	0	1	0	19
views/defaults.py::bad_request	2	0	0	3	3	19
views/defaults.py::page_not_found	2	0	0	5	6	46
views/defaults.py::permission_denied	2	0	0	3	3	23
views/defaults.py::server_error	2	0	0	3	3	18
views/generic/base.py::ContextMixin::get_context_data	1	0	0	2	1	5
views/generic/base.py::RedirectView::delete	0	0	0	1	0	2
views/generic/base.py::RedirectView::get	2	0	0	3	5	13
views/generic/base.py::RedirectView::get_redirect_url	1	0	0	4	5	17
views/generic/base.py::RedirectView::head	0	0	0	1	0	2
views/generic/base.py::RedirectView::options	0	0	0	1	0	2
views/generic/base.py::RedirectView::patch	0	0	0	1	0	2
views/generic/base.py::RedirectView::post	0	0	0	1	0	2
views/generic/base.py::RedirectView::put	0	0	0	1	0	2
views/generic/base.py::TemplateResponseMixin::get_template_names	1	0	0	2	2	11
views/generic/base.py::TemplateResponseMixin::render_to_response	0	0	0	1	0	15
views/generic/base.py::TemplateView::get	0	0	0	1	0	3
views/generic/base.py::View::__init__	1	0	0	2	1	9
views/generic/base.py::View::_allowed_methods	0	0	0	1	0	2
views/generic/base.py::View::as_view	2	0	0	5	6	32
views/generic/base.py::View::dispatch	1	0	0	2	2	9
views/generic/base.py::View::http_method_not_allowed	0	0	0	1	0	6
views/generic/base.py::View::options	0	0	0	1	0	6
views/generic/base.py::View::setup	1	0	0	3	2	7
views/generic/base.py::View::view	1	0	0	2	1	9
views/generic/dates.py::BaseArchiveIndexView::get_dated_items	1	0	0	2	1	9
views/generic/dates.py::BaseDateDetailView::get_object	1	0	0	4	3	28
views/generic/dates.py::BaseDateListView::get	0	0	0	1	0	8
views/generic/dates.py::BaseDateListView::get_date_list	1	0	0	6	5	22
views/generic/dates.py::BaseDateListView::get_date_list_period	0	0	0	1	0	6
views/generic/dates.py::BaseDateListView::get_dated_items	0	0	0	1	0	3
views/generic/dates.py::BaseDateListView::get_dated_queryset	2	0	0	6	8	25
views/generic/dates.py::BaseDateListView::get_ordering	1	0	0	2	1	6
views/generic/dates.py::BaseDayArchiveView::_get_dated_items	0	0	0	1	0	15
views/generic/dates.py::BaseDayArchiveView::get_dated_items	0	0	0	1	0	11
views/generic/dates.py::BaseMonthArchiveView::get_dated_items	0	0	0	1	0	24
views/generic/dates.py::BaseTodayArchiveView::get_dated_items	0	0	0	1	0	3
views/generic/dates.py::BaseWeekArchiveView::get_dated_items	1	0	0	4	3	38
views/generic/dates.py::BaseYearArchiveView::get_dated_items	1	0	0	2	1	27
views/generic/dates.py::BaseYearArchiveView::get_make_object_list	0	0	0	1	0	6
views/generic/dates.py::DateMixin::_make_date_lookup_arg	2	0	0	3	3	12
views/generic/dates.py::DateMixin::_make_single_date_lookup	1	0	0	2	2	18
views/generic/dates.py::DateMixin::get_allow_future	0	0	0	1	0	6
views/generic/dates.py::DateMixin::get_date_field	1	0	0	2	1	5
views/generic/dates.py::DateMixin::uses_datetime_field	1	0	0	2	1	8
views/generic/dates.py::DayMixin::_get_current_day	0	0	0	1	0	3
views/generic/dates.py::DayMixin::_get_next_day	0	0	0	1	0	7
views/generic/dates.py::DayMixin::get_day	3	0	0	4	6	12
views/generic/dates.py::DayMixin::get_day_format	0	0	0	1	0	6
views/generic/dates.py::DayMixin::get_next_day	0	0	0	1	0	3
views/generic/dates.py::DayMixin::get_previous_day	0	0	0	1	0	3
views/generic/dates.py::MonthMixin::_get_current_month	0	0	0	1	0	3
views/generic/dates.py::MonthMixin::_get_next_month	2	0	0	3	4	13
views/generic/dates.py::MonthMixin::get_month	3	0	0	4	6	12
views/generic/dates.py::MonthMixin::get_month_format	0	0	0	1	0	6
views/generic/dates.py::MonthMixin::get_next_month	0	0	0	1	0	3
views/generic/dates.py::MonthMixin::get_previous_month	0	0	0	1	0	3
views/generic/dates.py::WeekMixin::_get_current_week	0	0	0	1	0	3
views/generic/dates.py::WeekMixin::_get_next_week	1	0	0	2	1	10
views/generic/dates.py::WeekMixin::_get_weekday	1	0	0	2	3	13
views/generic/dates.py::WeekMixin::get_next_week	0	0	0	1	0	3
views/generic/dates.py::WeekMixin::get_previous_week	0	0	0	1	0	3
views/generic/dates.py::WeekMixin::get_week	3	0	0	4	6	12
views/generic/dates.py::WeekMixin::get_week_format	0	0	0	1	0	6
views/generic/dates.py::YearMixin::_get_current_year	0	0	0	1	0	3
views/generic/dates.py::YearMixin::_get_next_year	1	0	0	2	1	10
views/generic/dates.py::YearMixin::get_next_year	0	0	0	1	0	3
views/generic/dates.py::YearMixin::get_previous_year	0	0	0	1	0	3
views/generic/dates.py::YearMixin::get_year	3	0	0	4	6	12
views/generic/dates.py::YearMixin::get_year_format	0	0	0	1	0	6
views/generic/dates.py::_date_from_string	1	0	0	2	1	14
views/generic/dates.py::_get_next_prev	3	0	0	11	25	88
views/generic/dates.py::timezone_today	1	0	0	2	2	6
views/generic/detail.py::BaseDetailView::get	0	0	0	1	0	4
views/generic/detail.py::SingleObjectMixin::get_context_data	2	0	0	3	3	10
views/generic/detail.py::SingleObjectMixin::get_context_object_name	1	0	0	2	3	8
views/generic/detail.py::SingleObjectMixin::get_object	1	0	0	9	8	37
views/generic/detail.py::SingleObjectMixin::get_queryset	2	0	0	3	4	19
views/generic/detail.py::SingleObjectMixin::get_slug_field	0	0	0	1	0	3
views/generic/detail.py::SingleObjectTemplateResponseMixin::get_template_names	3	0	0	8	13	47
views/generic/edit.py::BaseCreateView::get	0	0	0	1	0	3
views/generic/edit.py::BaseCreateView::post	0	0	0	1	0	3
views/generic/edit.py::BaseUpdateView::get	0	0	0	1	0	3
views/generic/edit.py::BaseUpdateView::post	0	0	0	1	0	3
views/generic/edit.py::DeletionMixin::delete	0	0	0	1	0	9
views/generic/edit.py::DeletionMixin::get_success_url	1	0	0	2	2	6
views/generic/edit.py::DeletionMixin::post	0	0	0	1	0	2
views/generic/edit.py::FormMixin::form_invalid	0	0	0	1	0	3
views/generic/edit.py::FormMixin::form_valid	0	0	0	1	0	3
views/generic/edit.py::FormMixin::get_context_data	1	0	0	2	1	5
views/generic/edit.py::FormMixin::get_form	1	0	0	2	1	5
views/generic/edit.py::FormMixin::get_form_class	0	0	0	1	0	3
views/generic/edit.py::FormMixin::get_form_kwargs	1	0	0	2	1	13
views/generic/edit.py::FormMixin::get_initial	0	0	0	1	0	3
views/generic/edit.py::FormMixin::get_prefix	0	0	0	1	0	3
views/generic/edit.py::FormMixin::get_success_url	1	0	0	2	1	5
views/generic/edit.py::ModelFormMixin::form_valid	0	0	0	1	0	4
views/generic/edit.py::ModelFormMixin::get_form_class	2	0	0	6	10	28
views/generic/edit.py::ModelFormMixin::get_form_kwargs	1	0	0	2	1	6
views/generic/edit.py::ModelFormMixin::get_success_url	2	0	0	3	4	12
views/generic/edit.py::ProcessFormView::get	0	0	0	1	0	3
views/generic/edit.py::ProcessFormView::post	1	0	0	2	2	10
views/generic/edit.py::ProcessFormView::put	0	0	0	1	0	2
views/generic/list.py::BaseListView::get	2	0	0	5	7	18
views/generic/list.py::MultipleObjectMixin::get_allow_empty	0	0	0	1	0	6
views/generic/list.py::MultipleObjectMixin::get_context_data	1	0	0	4	4	24
views/generic/list.py::MultipleObjectMixin::get_context_object_name	1	0	0	2	3	8
views/generic/list.py::MultipleObjectMixin::get_ordering	0	0	0	1	0	3
views/generic/list.py::MultipleObjectMixin::get_paginate_by	0	0	0	1	0	5
views/generic/list.py::MultipleObjectMixin::get_paginate_orphans	0	0	0	1	0	6
views/generic/list.py::MultipleObjectMixin::get_paginator	0	0	0	1	0	6
views/generic/list.py::MultipleObjectMixin::get_queryset	2	0	0	5	8	28
views/generic/list.py::MultipleObjectMixin::paginate_queryset	2	0	0	6	6	22
views/generic/list.py::MultipleObjectTemplateResponseMixin::get_template_names	1	0	0	3	3	27
views/i18n.py::JSONCatalog::render_to_response	0	0	0	1	0	2
views/i18n.py::JavaScriptCatalog::_num_plurals	1	0	0	3	2	9
views/i18n.py::JavaScriptCatalog::_plural_string	3	0	0	4	6	10
views/i18n.py::JavaScriptCatalog::get	1	0	0	3	2	11
views/i18n.py::JavaScriptCatalog::get_catalog	2	0	0	7	10	21
views/i18n.py::JavaScriptCatalog::get_context_data	0	0	0	1	0	6
views/i18n.py::JavaScriptCatalog::get_paths	1	0	0	2	1	10
views/i18n.py::JavaScriptCatalog::get_plural	1	0	0	2	1	8
views/i18n.py::JavaScriptCatalog::indent	0	0	0	1	0	2
views/i18n.py::JavaScriptCatalog::render_to_response	1	0	0	2	1	11
views/i18n.py::get_formats	0	0	0	1	0	10
views/i18n.py::set_language	4	1	2	13	21	51
views/static.py::directory_index	3	0	0	5	8	23
views/static.py::serve	2	0	0	7	7	36
views/static.py::was_modified_since	1	0	0	6	5	28
