id	nest	humps	deep	cx	ccx	loc
abicheck.h::KindCounts::add	1	0	0	2	1	9
abicheck.h::KindCounts::breaks	0	0	0	1	0	1
abicheck.h::KindCounts::excluded	0	0	0	1	0	1
abicheck.h::KindCounts::listed	0	0	0	1	0	1
abicheck.h::KindCounts::sumWhere	2	0	0	3	3	12
abicheck.h::KindCounts::total	0	0	0	1	0	1
abicheck.h::SweepState::wantBlob	1	0	0	5	3	14
abicheck.h::abicheck::abiContractBroken	2	0	0	3	3	11
abicheck.h::abicheck::buildCandidates	2	0	0	10	13	45
abicheck.h::abicheck::classifyCandidate	2	0	0	16	18	82
abicheck.h::abicheck::classifyPathSite	2	0	0	7	8	25
abicheck.h::abicheck::collectAuthoredSites	3	0	0	9	19	56
abicheck.h::abicheck::computeAbiCheck	3	0	0	14	25	83
abicheck.h::abicheck::ctx	0	0	0	1	0	1
abicheck.h::abicheck::eligibleRows	2	0	0	4	4	12
abicheck.h::abicheck::headChangedPaths	2	0	0	5	6	24
abicheck.h::abicheck::headDefFor	1	0	0	2	1	11
abicheck.h::abicheck::k	0	0	0	1	0	1
abicheck.h::abicheck::kindFlag	0	0	0	2	1	1
abicheck.h::abicheck::kindIndex	2	0	0	3	3	11
abicheck.h::abicheck::kindIsBreak	0	0	0	1	0	1
abicheck.h::abicheck::kindListed	0	0	0	1	0	1
abicheck.h::abicheck::modelKey	0	0	0	1	0	7
abicheck.h::abicheck::modelRefBlobs	4	1	4	10	19	49
abicheck.h::abicheck::writeAbiCaveats	1	0	0	2	1	7
abicheck.h::abicheck::writeAbiCheck	2	0	0	6	8	70
abicheck.h::abicheck::writeAbiRef	2	0	0	6	7	34
abicheck.h::abicheck::writeAbiStruct	2	0	0	4	4	22
abicheck.h::abicheck::writeKindAttrs	2	0	0	3	3	10
accessshape.h::accessshape::accessShapeSpecs	0	0	0	1	0	12
accessshape.h::accessshape::chaseFieldConfidence	1	0	0	11	7	23
accessshape.h::accessshape::chaseFieldOf	1	0	0	9	8	25
accessshape.h::accessshape::chaseTypeCanPoint	0	0	0	2	1	4
accessshape.h::accessshape::classifyAccessShapes	6	3	24	34	73	164
accessshape.h::accessshape::confidenceName	1	0	0	4	1	9
accessshape.h::accessshape::contains	0	0	0	3	1	4
accessshape.h::accessshape::isChaseRhsRow	0	0	0	2	1	4
accessshape.h::accessshape::shapeName	1	0	0	5	1	10
accessshape.h::accessshape::spanOf	0	0	0	1	0	4
arch.h::rw::archBaselinePath	0	0	0	1	0	4
arch.h::rw::archLayerId	2	0	0	4	4	15
arch.h::rw::archLayerOf	3	0	0	4	6	14
arch.h::rw::archReadBaseline	2	0	0	6	7	25
arch.h::rw::archViolHash	2	0	0	2	2	20
arch.h::rw::archViolates	2	0	0	14	14	22
arch.h::rw::archWriteBaseline	1	0	0	3	2	19
arch.h::rw::builtinLayer	3	0	0	7	11	28
arch.h::rw::builtinLayerSubs	3	0	0	8	15	37
arch.h::rw::ciEqualAscii	2	0	0	4	4	15
arch.h::rw::computeModuleMetrics	3	0	0	42	68	190
arch.h::rw::dsmPropagationCost	0	0	0	1	0	5
arch.h::rw::dsmPropagationCostCapable	2	0	0	6	6	28
arch.h::rw::dstS	0	0	0	1	0	1
arch.h::rw::f	0	0	0	1	0	1
arch.h::rw::fnv1a64	1	0	0	2	1	9
arch.h::rw::mout	0	0	0	1	0	1
arch.h::rw::parseArchRules	4	3	4	30	57	132
arch.h::rw::pathRuleForbids	2	0	0	13	20	45
arch.h::rw::regexEscapeLiteral	2	0	0	18	3	18
arch.h::rw::relForHash	2	0	0	17	13	35
arch.h::rw::seen	0	0	0	1	0	1
arch.h::rw::srcS	0	0	0	1	0	1
arch.h::rw::ss	0	0	0	1	0	1
arch.h::rw::substituteBackrefs	4	1	4	8	13	29
arch.h::rw::sumReachableClosure	4	2	8	7	16	45
atoms.h::Exclusions::Exclusions	0	0	0	1	0	4
atoms.h::Exclusions::suppresses	1	0	0	7	6	7
atoms.h::OwnerIndex::OwnerIndex	2	0	0	4	4	16
atoms.h::OwnerIndex::ownerOf	2	0	0	7	8	21
atoms.h::SpanIndex::SpanIndex	0	0	0	1	0	1
atoms.h::SpanIndex::add	1	0	0	2	1	7
atoms.h::SpanIndex::excludes	2	0	0	8	9	26
atoms.h::atomdetail::applyExclusions	3	0	0	22	32	60
atoms.h::atomdetail::arith	0	0	0	1	0	1
atoms.h::atomdetail::atomsSpecs	0	0	0	1	0	44
atoms.h::atomdetail::collapseNestedTernaries	2	0	0	7	9	32
atoms.h::atomdetail::collectExclusions	2	0	0	10	8	22
atoms.h::atomdetail::forHeader	0	0	0	1	0	1
atoms.h::atomdetail::implicit	0	0	0	1	0	1
atoms.h::atomdetail::isCFamilyPath	1	0	0	7	4	15
atoms.h::atomdetail::isExecutableContext	0	0	0	3	2	5
atoms.h::atomdetail::isOctalLiteralText	2	0	0	12	9	25
atoms.h::atomdetail::needsExecutableContext	0	0	0	1	0	4
atoms.h::atomdetail::owners	0	0	0	1	0	1
atoms.h::atomdetail::spanOf	0	0	0	1	0	4
atoms.h::rw::atoms::atomsOfConfusion	3	0	0	8	13	41
binstale.h::binstale::computeBinaryStaleness	3	0	0	22	39	109
binstale.h::binstale::f	0	0	0	1	0	1
binstale.h::binstale::lastTouchingCommit	0	0	0	1	0	4
binstale.h::binstale::looksBinary	2	0	0	4	4	19
binstale.h::binstale::stemOf	0	0	0	1	0	1
blanktext.h::rw::blankPayloadSpelling	3	0	0	6	9	33
blanktext.h::rw::blankRangesAreCanonical	2	0	0	5	6	15
blanktext.h::rw::decodeUtf8At	1	0	0	4	3	21
blanktext.h::rw::hasVisibleContent	2	0	0	4	5	18
blanktext.h::rw::isBlankCodePoint	1	0	0	2	1	9
ccjson.h::ccdetail::childNamed	2	0	0	3	3	14
ccjson.h::rw::ccComputeMetrics	3	0	0	7	9	39
ccjson.h::rw::ccCountLoc	3	0	0	7	9	30
ccjson.h::rw::ccJsonEscape	0	0	0	1	0	4
ccjson.h::rw::m	0	0	0	1	0	1
ccjson.h::rw::writeCcJson	4	1	4	19	32	125
charconvcompat.h::charconvdetail::callStrtox	0	0	0	1	0	1
charconvcompat.h::charconvdetail::isInfiniteBits	0	0	0	1	0	11
charconvcompat.h::charconvdetail::nullTerminated	0	0	0	1	0	1
charconvcompat.h::charconvdetail::parseFloatingViaStrtox	1	0	0	13	11	47
charconvcompat.h::rw::parseFloating	1	0	0	2	2	11
cli.h::rw::applyIntFlag	2	0	0	9	14	40
cli.h::rw::applyViewFlag	2	0	0	7	10	31
cli.h::rw::honorsPaging	0	0	0	37	3	11
cli.h::rw::honorsTopK	0	0	0	1	0	4
cli.h::rw::noticeShapingFlagIgnored	1	0	0	15	12	49
cli.h::rw::pagingDisablingMode	1	0	0	7	6	16
cli.h::rw::parseArgs	5	17	109	64	154	258
cli.h::rw::parseByteSize	2	0	0	18	13	41
cli.h::rw::parseNonNegInt	1	0	0	7	4	15
cli.h::rw::parsePosInt	1	0	0	5	2	11
cli.h::rw::parsePosU64	1	0	0	7	4	16
cli.h::rw::printPlanLanesUsage	0	0	0	1	0	25
cli.h::rw::printUsage	0	0	0	1	0	891
cli.h::rw::refuseEmptyValue	0	0	0	1	0	5
cli.h::rw::refuseFlagValue	0	0	0	1	0	4
cli.h::rw::refusePageValue	1	0	0	10	7	29
cli.h::rw::refusePagingFamilyFlag	0	0	0	1	0	7
cli.h::rw::selectedShapingVerb	3	0	0	5	8	14
cli.h::rw::startsWith	0	0	0	2	1	4
cli.h::rw::usage	0	0	0	1	0	1
cli.h::rw::validateColumnarVerb	1	0	0	6	3	16
cli.h::rw::validateConfig	2	0	0	57	45	190
cli.h::rw::validateModifierGuards	2	0	0	41	32	141
cli.h::rw::validatePagingHonored	1	0	0	6	4	20
cli.h::rw::validatePlanLanes	1	0	0	15	14	41
cli.h::rw::validateShapingFlagsHonored	1	0	0	7	6	20
cli.h::rw::viewFlagEmptyPolicyIsWellFormed	2	0	0	5	6	16
clones.h::rw::cloneCharLiteralLen	2	0	0	8	8	23
clones.h::rw::cloneIsKeyword	2	0	0	2	2	23
clones.h::rw::cloneLcsLen	3	0	0	6	8	19
clones.h::rw::cloneNormalizedForm	1	0	0	2	1	5
clones.h::rw::cloneSketchMatches	1	0	0	2	1	9
clones.h::rw::cloneSketchSig	3	0	0	4	6	18
clones.h::rw::cloneTokenHash	1	0	0	2	1	10
clones.h::rw::findClones	3	0	0	18	29	81
clones.h::rw::findClonesType3	5	13	49	47	118	270
clones.h::rw::langBit	0	0	0	1	0	1
clones.h::rw::multiByteOperatorLen	2	0	0	5	4	12
clones.h::rw::normalizeSpan	1	0	0	1	0	14
clones.h::rw::normalizeTokens	1	0	0	1	0	11
clones.h::rw::scanCodeTokens	4	1	4	41	67	104
clones.h::rw::sketchSplitmix64	0	0	0	1	0	10
clones.h::rw::usesHashLineComments	0	0	0	1	0	4
columnar.h::rw::buildPathTable	3	0	0	5	8	23
columnar.h::rw::emitColumnarSymbolRows	2	0	0	10	13	68
columnar.h::rw::emitColumnarUseSites	2	0	0	9	12	61
columnar.h::rw::emitPathTable	2	0	0	3	3	16
columnar.h::rw::writeCommaEscaped	2	0	0	3	4	14
commentcoherence.h::rw::computeCommentCoherence	4	1	5	18	37	133
commentcoherence.h::rw::fileBytes	0	0	0	1	0	1
commentcoherence.h::rw::isCommentStopword	2	0	0	3	3	20
commentcoherence.h::rw::jaccardCounts	2	0	0	5	6	23
commentcoherence.h::rw::lowerSplitInto	1	0	0	2	1	9
commentcoherence.h::rw::toTermSet	1	0	0	2	1	8
commentcoherence.h::rw::writeCommentCoherenceReport	1	0	0	4	3	35
contextratio.h::contextratio::computeContextRatio	2	0	0	18	26	97
contextratio.h::contextratio::fileRows	0	0	0	1	0	1
contextratio.h::contextratio::isMeasurableKind	0	0	0	1	0	4
contextratio.h::contextratio::ratioOf	1	0	0	2	1	4
contextratio.h::contextratio::readerTokensOf	1	0	0	3	2	6
contextratio.h::contextratio::symRows	0	0	0	1	0	1
contextratio.h::contextratio::writeContextRatioReport	1	0	0	7	6	50
contextratio.h::detail::buildNameDefs	2	0	0	3	3	13
contextratio.h::detail::collectFacts	3	0	0	20	37	67
contextratio.h::detail::foldEntityPairs	4	1	5	9	18	45
contextratio.h::detail::foldNamePairs	2	0	0	3	3	11
contextratio.h::detail::packPair	0	0	0	1	0	4
contextratio.h::detail::resolveCandidates	2	0	0	5	6	21
crossref.h::BlobStore::BlobStore	0	0	0	1	0	1
crossref.h::BlobStore::distinctBlobs	0	0	0	1	0	1
crossref.h::BlobStore::fetched	0	0	0	1	0	1
crossref.h::BlobStore::fill	2	0	0	5	6	34
crossref.h::BlobStore::get	1	0	0	2	1	6
crossref.h::BlobStore::want	1	0	0	5	3	12
crossref.h::DiffPairTable::pairCount	0	0	0	1	0	1
crossref.h::DiffPairTable::reuseCount	0	0	0	1	0	1
crossref.h::DiffPairTable::rows	1	0	0	3	2	9
crossref.h::DiffPairTable::run	1	0	0	1	0	5
crossref.h::DiffPairTable::want	1	0	0	2	1	11
crossref.h::crossref::analyzeRef	3	0	0	15	24	87
crossref.h::crossref::blobs	0	0	0	1	0	1
crossref.h::crossref::classifyFile	2	0	0	7	6	26
crossref.h::crossref::computeStrayContent	2	0	0	7	8	43
crossref.h::crossref::computeWhereis	3	0	0	17	27	84
crossref.h::crossref::countAbsent	2	0	0	3	3	12
crossref.h::crossref::declaratorEnd	3	0	0	17	24	52
crossref.h::crossref::definitionShaped	2	0	0	21	16	36
crossref.h::crossref::diffRaw	2	0	0	10	13	36
crossref.h::crossref::enumerateRefs	2	0	0	11	15	46
crossref.h::crossref::evalStray	2	0	0	12	16	57
crossref.h::crossref::gatherRefDiffs	2	0	0	4	4	18
crossref.h::crossref::gitCapture	0	0	0	1	0	4
crossref.h::crossref::insideArgumentList	2	0	0	5	5	16
crossref.h::crossref::isBlobSha	0	0	0	1	0	4
crossref.h::crossref::isIdentByte	0	0	0	2	1	1
crossref.h::crossref::isNullSha	0	0	0	2	1	4
crossref.h::crossref::isRevisionToken	0	0	0	1	0	4
crossref.h::crossref::lineMultiset	2	0	0	8	11	29
crossref.h::crossref::lsTree	2	0	0	7	7	25
crossref.h::crossref::minhashSketch	3	0	0	6	10	40
crossref.h::crossref::msetDiff	2	0	0	5	6	24
crossref.h::crossref::nextNormToken	3	0	0	26	30	65
crossref.h::crossref::normalizeTokens	1	0	0	2	1	10
crossref.h::crossref::parallelIndexed	2	0	0	9	11	50
crossref.h::crossref::parseVerdict	1	0	0	5	4	8
crossref.h::crossref::probeRefBase	1	0	0	6	5	35
crossref.h::crossref::registerSweepBlobs	3	0	0	7	11	23
crossref.h::crossref::relabelHeadHitsFromIndex	3	0	0	15	25	47
crossref.h::crossref::sameTreePath	1	0	0	5	4	13
crossref.h::crossref::scanBlobForSymbol	2	0	0	4	5	24
crossref.h::crossref::scanLineForSymbol	2	0	0	7	9	23
crossref.h::crossref::sketchContainment	1	0	0	3	2	8
crossref.h::crossref::sortedIntersectSize	2	0	0	5	6	26
crossref.h::crossref::splitLines	0	0	0	1	0	4
crossref.h::crossref::streamBlobs	4	1	4	21	38	108
crossref.h::crossref::verdictTag	0	0	0	1	0	7
crossref.h::crossref::whereisBareNameOf	0	0	0	2	1	6
crossref.h::crossref::whereisSpecIsFileQualified	1	0	0	10	7	33
crossref.h::crossref::wholeWordAt	1	0	0	5	4	12
crossref.h::crossref::writeStrayContent	0	0	0	1	0	4
crossref.h::crossref::writeStrayContentPage	2	0	0	7	7	69
crossref.h::crossref::writeStrayEval	2	0	0	5	6	20
crossref.h::crossref::writeStrayFile	1	0	0	3	2	6
crossref.h::crossref::writeStrayRef	2	0	0	7	7	32
crossref.h::crossref::writeWhereis	0	0	0	1	0	4
crossref.h::crossref::writeWhereisPage	2	0	0	12	14	105
csrverify.h::rw::verifyCsr	2	0	0	17	16	35
darkflags.h::darkflags::collectCMakeFiles	3	0	0	14	22	44
darkflags.h::darkflags::computeFlags	4	1	4	23	40	128
darkflags.h::darkflags::containsWord	0	0	0	1	0	4
darkflags.h::darkflags::endsWithView	0	0	0	2	1	4
darkflags.h::darkflags::envNameAt	2	0	0	13	14	38
darkflags.h::darkflags::firstWordAt	2	0	0	4	4	15
darkflags.h::darkflags::forEachCodeByte	3	0	0	18	30	36
darkflags.h::darkflags::forEachLine	2	0	0	6	8	25
darkflags.h::darkflags::gateKindTag	0	0	0	1	0	5
darkflags.h::darkflags::harvestCMakeOption	2	0	0	16	17	45
darkflags.h::darkflags::harvestDirective	3	0	0	29	38	106
darkflags.h::darkflags::harvestEnvReads	3	0	0	5	8	17
darkflags.h::darkflags::harvestFile	4	1	4	15	25	69
darkflags.h::darkflags::heredocDelimiterOn	2	0	0	10	13	25
darkflags.h::darkflags::identByte	0	0	0	2	1	1
darkflags.h::darkflags::identsIn	2	0	0	6	6	14
darkflags.h::darkflags::isDarkDefault	1	0	0	7	2	10
darkflags.h::darkflags::isIdentShaped	2	0	0	7	7	19
darkflags.h::darkflags::it	0	0	0	1	0	1
darkflags.h::darkflags::lineSyntaxFor	4	1	4	10	12	26
darkflags.h::darkflags::mergeDef	1	0	0	6	5	27
darkflags.h::darkflags::readWhole	2	0	0	4	4	18
darkflags.h::darkflags::regionEndLine	0	0	0	1	0	1
darkflags.h::darkflags::rel	0	0	0	1	0	1
darkflags.h::darkflags::resolveAliases	3	0	0	12	20	58
darkflags.h::darkflags::siteLess	1	0	0	2	1	4
darkflags.h::darkflags::takeIdent	1	0	0	3	2	9
darkflags.h::darkflags::trimView	1	0	0	5	4	13
darkflags.h::darkflags::value	0	0	0	1	0	1
darkflags.h::darkflags::wholeWordAt	1	0	0	5	4	12
darkflags.h::darkflags::writeFlags	1	0	0	2	1	25
darkflags.h::darkflags::writeGate	1	0	0	7	6	33
didyoumean.h::rw::boundedEditDistance	3	0	0	12	14	40
didyoumean.h::rw::didYouMean	2	0	0	15	16	32
didyoumean.h::rw::withDidYouMean	1	0	0	3	2	9
dmm.h::rw::dmm::computeDmm	3	0	0	16	26	92
dmm.h::rw::dmm::ingestCommitTree	1	0	0	6	5	29
dmm.h::rw::dmm::ingestLock	0	0	0	1	0	1
dmm.h::rw::dmm::isLowRisk	1	0	0	3	2	12
dmm.h::rw::dmm::isUnit	1	0	0	3	2	8
dmm.h::rw::dmm::printScoreAttr	1	0	0	2	1	9
dmm.h::rw::dmm::profileOf	3	0	0	5	9	26
dmm.h::rw::dmm::scoreProperty	1	0	0	4	5	28
dmm.h::rw::dmm::scoreSides	1	0	0	4	3	16
dmm.h::rw::dmm::writeDmmReport	1	0	0	6	5	44
docdrift.h::docdrift::anchorKindTag	0	0	0	1	0	1
docdrift.h::docdrift::anchorLess	1	0	0	3	2	12
docdrift.h::docdrift::backtickSpans	2	0	0	6	8	21
docdrift.h::docdrift::blockFacts	0	0	0	1	0	1
docdrift.h::docdrift::buildPathMemo	4	1	4	6	11	29
docdrift.h::docdrift::codeFactText	1	0	0	2	1	9
docdrift.h::docdrift::codeShaped	3	0	0	13	14	24
docdrift.h::docdrift::collectDocAnchors	2	0	0	9	11	37
docdrift.h::docdrift::collectNamedSpans	2	0	0	8	7	25
docdrift.h::docdrift::collectRepoPaths	3	0	0	14	23	50
docdrift.h::docdrift::computeDocDrift	3	0	0	20	33	152
docdrift.h::docdrift::declKeywordOnLine	2	0	0	3	3	11
docdrift.h::docdrift::declShapeOf	0	0	0	3	2	12
docdrift.h::docdrift::docDatingOf	2	0	0	9	11	20
docdrift.h::docdrift::driftTag	0	0	0	1	0	1
docdrift.h::docdrift::findIsoDate	2	0	0	3	3	11
docdrift.h::docdrift::findNoCase	2	0	0	7	8	20
docdrift.h::docdrift::findWordNoCase	2	0	0	7	8	20
docdrift.h::docdrift::foldValueFact	1	0	0	7	6	13
docdrift.h::docdrift::forEachIndexParallel	2	0	0	8	9	42
docdrift.h::docdrift::harvestCodeLine	2	0	0	7	10	33
docdrift.h::docdrift::harvestCodeToken	2	0	0	10	9	27
docdrift.h::docdrift::hasAsOfHedge	2	0	0	6	8	29
docdrift.h::docdrift::hasDatingIsoDate	2	0	0	3	3	11
docdrift.h::docdrift::hasIsoDate	0	0	0	1	0	1
docdrift.h::docdrift::hasLabelledSelfDate	3	0	0	5	8	18
docdrift.h::docdrift::hasWholeWord	2	0	0	6	6	13
docdrift.h::docdrift::identOk	0	0	0	1	0	4
docdrift.h::docdrift::identStartsAt	0	0	0	3	2	5
docdrift.h::docdrift::introducesDate	2	0	0	4	5	17
docdrift.h::docdrift::isAuxTextFile	2	0	0	4	4	16
docdrift.h::docdrift::isCorroborated	1	0	0	3	2	6
docdrift.h::docdrift::isInceptionDate	1	0	0	1	0	5
docdrift.h::docdrift::isIndexedDocPath	0	0	0	2	1	4
docdrift.h::docdrift::isMarkdownPath	0	0	0	2	1	5
docdrift.h::docdrift::isSkippedProbeDir	0	0	0	3	1	4
docdrift.h::docdrift::isoDateAt	2	0	0	16	12	32
docdrift.h::docdrift::it	0	0	0	1	0	1
docdrift.h::docdrift::key	0	0	0	1	0	1
docdrift.h::docdrift::literalTerminates	1	0	0	13	5	13
docdrift.h::docdrift::literalTerminatesInProse	1	0	0	11	8	12
docdrift.h::docdrift::matchArrayClaim	1	0	0	5	4	13
docdrift.h::docdrift::matchAssignEquals	1	0	0	7	6	16
docdrift.h::docdrift::matchBareExtent	1	0	0	12	10	24
docdrift.h::docdrift::matchBracketExtent	1	0	0	9	8	25
docdrift.h::docdrift::matchFileLine	2	0	0	27	23	77
docdrift.h::docdrift::matchValueClaim	2	0	0	5	5	25
docdrift.h::docdrift::mergeNameFact	1	0	0	14	11	14
docdrift.h::docdrift::namesAMoment	2	0	0	16	12	29
docdrift.h::docdrift::nearestDefinedName	2	0	0	9	12	19
docdrift.h::docdrift::opensWithIsoDate	1	0	0	10	3	9
docdrift.h::docdrift::parseIntLiteral	3	0	0	24	34	48
docdrift.h::docdrift::pathExistsOnDisk	2	0	0	6	6	25
docdrift.h::docdrift::recordOf	1	0	0	6	5	20
docdrift.h::docdrift::recordTag	0	0	0	1	0	1
docdrift.h::docdrift::rel	0	0	0	1	0	1
docdrift.h::docdrift::resolveAnchor	1	0	0	5	1	10
docdrift.h::docdrift::resolveFileLine	2	0	0	19	23	69
docdrift.h::docdrift::resolveMention	2	0	0	11	12	26
docdrift.h::docdrift::resolveValue	1	0	0	11	10	23
docdrift.h::docdrift::scanBareExtentLane	2	0	0	8	9	29
docdrift.h::docdrift::scanCorpusFacts	3	0	0	14	22	80
docdrift.h::docdrift::scanDocAnchors	2	0	0	6	8	40
docdrift.h::docdrift::scanDocLine	2	0	0	4	4	16
docdrift.h::docdrift::scanFileLineLane	2	0	0	11	9	26
docdrift.h::docdrift::scanMentionLane	2	0	0	5	5	19
docdrift.h::docdrift::scanValueLane	2	0	0	7	10	39
docdrift.h::docdrift::skipClaimGap	1	0	0	6	4	8
docdrift.h::docdrift::skipLabelGap	2	0	0	5	5	11
docdrift.h::docdrift::sortDocsByLiveDrift	2	0	0	2	2	8
docdrift.h::docdrift::spanIdentifier	1	0	0	6	5	20
docdrift.h::docdrift::splitQualified	2	0	0	4	4	19
docdrift.h::docdrift::valueAnchor	0	0	0	1	0	11
docdrift.h::docdrift::writeAnchor	1	0	0	8	7	26
docdrift.h::docdrift::writeDocDrift	0	0	0	1	0	4
docdrift.h::docdrift::writeDocDriftPage	2	0	0	9	10	77
docdrift.h::docdrift::writeGateability	2	0	0	6	6	50
docdrift.h::docdrift::writeTally	2	0	0	3	3	12
docparse.h::detail::appendJsonString	3	0	0	14	10	31
docparse.h::detail::ciContains	2	0	0	5	5	15
docparse.h::detail::ciStartsWith	2	0	0	4	4	15
docparse.h::detail::readWholeFile	1	0	0	8	7	35
docparse.h::detail::shellQuote	0	0	0	1	0	4
docparse.h::docparse::classifyGeneratedDoc	1	0	0	7	6	27
docparse.h::docparse::docKindOf	1	0	0	9	6	22
docparse.h::docparse::extractCsv	4	1	1	22	35	70
docparse.h::docparse::extractHtml	4	7	39	32	69	114
docparse.h::docparse::extractIpynb	4	1	8	16	25	50
docparse.h::docparse::fencedLineFraction	1	0	0	2	1	4
docparse.h::docparse::generatedReasonTag	1	0	0	2	1	5
docparse.h::docparse::hasGeneratedMarker	2	0	0	6	7	26
docparse.h::docparse::isDocExtension	0	0	0	1	0	4
docparse.h::docparse::lowerExtOf	1	0	0	3	2	15
docparse.h::docparse::parseDocFile	2	0	0	11	5	30
docparse.h::docparse::runMarkitdown	1	0	0	4	3	23
docparse.h::docparse::scanMarkdownFences	2	0	0	10	13	32
editcheck.h::rw::editCheckAmbiguousMessage	2	0	0	4	4	23
editcheck.h::rw::editCheckBundleText	2	0	0	10	14	152
editcheck.h::rw::editCheckCallers	3	0	0	8	13	32
editcheck.h::rw::editCheckContractVsHead	2	0	0	16	16	76
editcheck.h::rw::editCheckGroups	3	0	0	10	16	43
editcheck.h::rw::editCheckImplicitReceiver	0	0	0	3	2	4
editcheck.h::rw::editCheckIncompatibleFlags	3	0	0	12	15	33
editcheck.h::rw::editCheckOverloadSet	3	0	0	8	9	19
editcheck.h::rw::editCheckVerdict	2	0	0	9	9	36
ensemble.h::detail::appendEvidence	1	0	0	2	1	8
ensemble.h::detail::appendHitEvidence	3	0	0	8	9	24
ensemble.h::detail::appendMeasurement	1	0	0	2	1	10
ensemble.h::detail::bindFindings	2	0	0	4	5	16
ensemble.h::detail::collectLintHits	2	0	0	5	6	28
ensemble.h::detail::countCoverage	2	0	0	8	11	25
ensemble.h::detail::eligibleByFile	1	0	0	1	0	6
ensemble.h::detail::eligibleForJoin	0	0	0	3	2	4
ensemble.h::detail::enclosingEligible	2	0	0	4	5	18
ensemble.h::detail::familyCountOf	0	0	0	1	0	4
ensemble.h::detail::markUnavailable	0	0	0	1	0	4
ensemble.h::detail::rankChurn	2	0	0	9	10	35
ensemble.h::detail::rankReadability	1	0	0	3	2	14
ensemble.h::detail::rollUpByFile	2	0	0	8	11	34
ensemble.h::detail::scopeByLanguage	2	0	0	6	7	25
ensemble.h::detail::structuralBarEvidence	2	0	0	4	4	31
ensemble.h::detail::unavailWhyList	0	0	0	1	0	4
ensemble.h::ensemble::computeEnsemble	2	0	0	13	20	89
ensemble.h::ensemble::ensembleFamilyName	0	0	0	1	0	4
ensemble.h::ensemble::familyList	0	0	0	1	0	4
ensemble.h::ensemble::familyListOf	3	0	0	4	6	16
ensemble.h::ensemble::markUnavailableIn	1	0	0	2	1	8
ensemble.h::ensemble::ordinalCut	1	0	0	3	2	9
ensemble.h::ensemble::rowOf	0	0	0	1	0	1
ensemble.h::ensemble::unavailWhyListOf	2	0	0	4	5	19
ensemble.h::ensemble::writeEnsembleReport	3	0	0	13	16	91
eval.h::minedjson::findBool	1	0	0	8	7	22
eval.h::minedjson::findStringValue	1	0	0	8	7	25
eval.h::minedjson::skipString	1	0	0	4	3	9
eval.h::minedjson::unescape	5	2	18	35	41	78
eval.h::rw::addMinedRow	1	0	0	4	3	18
eval.h::rw::addRecall	0	0	0	1	0	6
eval.h::rw::addRetrieval	1	0	0	4	3	17
eval.h::rw::allGoldWithinK	2	0	0	5	5	16
eval.h::rw::anchoredFileScore	3	0	0	8	13	41
eval.h::rw::bm25Seeded	3	0	0	7	14	26
eval.h::rw::dS	0	0	0	1	0	1
eval.h::rw::dW	0	0	0	1	0	1
eval.h::rw::docPhraseFirstLine	4	3	12	28	48	74
eval.h::rw::fileDir	0	0	0	1	0	1
eval.h::rw::firstGoldRank	2	0	0	3	3	11
eval.h::rw::in	0	0	0	1	0	1
eval.h::rw::maxPoolToFiles	2	0	0	4	4	12
eval.h::rw::parseMinedLine	2	0	0	8	9	37
eval.h::rw::printEvalRankerNote	0	0	0	1	0	12
eval.h::rw::rankFiles	2	0	0	3	3	11
eval.h::rw::rankOfSymbol	2	0	0	5	5	13
eval.h::rw::recallAtK	2	0	0	5	5	17
eval.h::rw::runEval	3	0	0	44	66	205
eval.h::rw::runEvalMined	3	0	0	25	38	102
eval.h::rw::runEvalRetrieval	3	0	0	15	25	108
exemplar.h::rw::eqLowerAscii	2	0	0	6	7	16
exemplar.h::rw::exemplarKindFromToken	1	0	0	10	9	28
exemplar.h::rw::isFixtureComponent	2	0	0	3	3	12
exemplar.h::rw::isFixturePath	2	0	0	5	6	19
exemplar.h::rw::pickWinnerOfKind	6	1	4	15	33	36
exemplar.h::rw::resolveExemplarKind	2	0	0	12	14	56
exemplar.h::rw::selectExemplar	1	0	0	3	2	19
exemplar.h::rw::shareNameSubtoken	3	0	0	5	7	20
expand.h::rw::applyStructuralExpansion	3	0	0	36	53	120
expand.h::rw::expandParams	2	0	0	15	17	29
expand.h::rw::rev	0	0	0	1	0	1
expand.h::rw::s	0	0	0	1	0	1
fieldaffinity.h::fieldaffinity::accumulateFunction	3	0	0	11	18	71
fieldaffinity.h::fieldaffinity::applyDisplayOrder	2	0	0	17	29	48
fieldaffinity.h::fieldaffinity::buildFieldOwners	3	0	0	5	7	16
fieldaffinity.h::fieldaffinity::buildStructRow	4	2	12	36	59	169
fieldaffinity.h::fieldaffinity::computeFieldAffinity	2	0	0	15	21	88
fieldaffinity.h::fieldaffinity::ctx	0	0	0	1	0	1
fieldaffinity.h::fieldaffinity::enclosingProfileScope	3	0	0	7	14	33
fieldaffinity.h::fieldaffinity::isDigitByte	0	0	0	2	1	1
fieldaffinity.h::fieldaffinity::modelAllAggregates	2	0	0	13	19	62
fieldaffinity.h::fieldaffinity::pairKey	0	0	0	1	0	4
fieldaffinity.h::fieldaffinity::resolveChaseField	2	0	0	7	8	33
fieldaffinity.h::fieldaffinity::scanMemberAccesses	2	0	0	26	26	46
fieldaffinity.h::fieldaffinity::separationWeight	1	0	0	2	1	8
fieldaffinity.h::fieldaffinity::straddlesLine	1	0	0	3	2	8
fieldaffinity.h::fieldaffinity::tallyChaseRefusals	4	1	5	7	14	31
fieldaffinity.h::fieldaffinity::writeFieldAffinity	4	1	4	27	55	188
filepool.h::rw::applyFilePooling	3	0	0	27	41	119
filepool.h::rw::filePoolParams	2	0	0	14	16	29
filepool.h::rw::perFile	0	0	0	1	0	1
filepool.h::rw::s	0	0	0	1	0	1
filter.h::rw::applyIgnoreTests	3	0	0	13	22	70
filter.h::rw::hasDirSegment	2	0	0	4	4	13
filter.h::rw::isDemoOrGeneratedPath	2	0	0	3	3	11
filter.h::rw::isTestPath	2	0	0	7	8	28
filter.h::rw::maxScoreUndoingTier	2	0	0	4	4	10
filter.h::rw::orderIdsByKeyDescPathAsc	2	0	0	2	2	6
filter.h::rw::pathTierOf	2	0	0	9	6	24
filter.h::rw::rankTierMultiplierOf	1	0	0	3	2	12
filter.h::rw::rankTierSymbolMultipliers	2	0	0	4	4	18
fixedStr.h::FixedStr::FixedStr	0	0	0	1	0	1
fixedStr.h::FixedStr::fits	0	0	0	1	0	1
fixedStr.h::FixedStr::hash	1	0	0	2	1	8
fixedStr.h::FixedStr::operator!=	0	0	0	1	0	1
fixedStr.h::FixedStr::operator==	0	0	0	2	1	20
fixedStr.h::FixedStr::view	0	0	0	1	0	1
fixedStr.h::FixedStrHash::operator()	0	0	0	1	0	1
flipimpact.h::flipimpact::adoptGateIdentity	2	0	0	5	5	26
flipimpact.h::flipimpact::aliasDescendants	3	0	0	11	22	48
flipimpact.h::flipimpact::attachHost	1	0	0	3	3	16
flipimpact.h::flipimpact::bindingNameOnLine	1	0	0	17	14	39
flipimpact.h::flipimpact::buildSiteLocator	1	0	0	2	1	11
flipimpact.h::flipimpact::buildSymbolLineIndex	2	0	0	2	2	11
flipimpact.h::flipimpact::collectEnvBranches	3	0	0	6	9	23
flipimpact.h::flipimpact::collectRegions	3	0	0	8	16	38
flipimpact.h::flipimpact::collectValueBranches	1	0	0	2	1	11
flipimpact.h::flipimpact::computeFlip	3	0	0	8	12	68
flipimpact.h::flipimpact::computeRadius	2	0	0	16	20	63
flipimpact.h::flipimpact::declaresConstant	2	0	0	11	15	29
flipimpact.h::flipimpact::fileIdFor	1	0	0	2	1	5
flipimpact.h::flipimpact::fileMayHold	1	0	0	2	1	8
flipimpact.h::flipimpact::forEachCodeLine	2	0	0	2	2	4
flipimpact.h::flipimpact::hasAnyExt	2	0	0	3	3	11
flipimpact.h::flipimpact::hostsForSpan	2	0	0	11	12	33
flipimpact.h::flipimpact::innermostAtLine	2	0	0	7	8	21
flipimpact.h::flipimpact::isCFamilyPath	0	0	0	1	0	1
flipimpact.h::flipimpact::isCMakePath	0	0	0	2	1	4
flipimpact.h::flipimpact::isCodeLine	1	0	0	8	6	20
flipimpact.h::flipimpact::isProsePath	0	0	0	1	0	1
flipimpact.h::flipimpact::nearestGateNames	2	0	0	13	17	49
flipimpact.h::flipimpact::orderFlipResult	3	0	0	9	17	33
flipimpact.h::flipimpact::qualifiedName	1	0	0	2	1	4
flipimpact.h::flipimpact::scanBindingUses	4	3	9	13	31	56
flipimpact.h::flipimpact::scanGateMentions	4	2	12	12	28	57
flipimpact.h::flipimpact::scanValueLane	1	0	0	3	2	15
flipimpact.h::flipimpact::symbolEndLine	1	0	0	2	1	4
flipimpact.h::flipimpact::writeCappedList	0	0	0	1	0	6
flipimpact.h::flipimpact::writeCappedRows	2	0	0	4	4	18
flipimpact.h::flipimpact::writeFlip	2	0	0	5	5	53
flipimpact.h::flipimpact::writeFlipHeader	2	0	0	9	9	53
flipimpact.h::flipimpact::writeFlipLights	2	0	0	2	2	17
gitmine.h::GitPathBinding::isAmbiguous	0	0	0	1	0	1
gitmine.h::GitPathBinding::isResolved	0	0	0	1	0	1
gitmine.h::StaticIncludeCoupling::StaticIncludeCoupling	2	0	0	4	4	10
gitmine.h::StaticIncludeCoupling::forwardClosure	4	1	5	7	12	27
gitmine.h::StaticIncludeCoupling::isStaticallyCoupled	1	0	0	6	5	14
gitmine.h::StaticIncludeCoupling::namesBaseNameOf	2	0	0	5	5	17
gitmine.h::rw::addRootFilesToGitPathIndex	3	0	0	16	25	53
gitmine.h::rw::applyCoChangeBoost	4	1	4	53	93	211
gitmine.h::rw::approxMonthsAgoEpoch	0	0	0	1	0	8
gitmine.h::rw::bindGitPathToFile	1	0	0	3	2	12
gitmine.h::rw::churnPriorFromFreq	2	0	0	8	8	27
gitmine.h::rw::churnTeleport	2	0	0	4	4	19
gitmine.h::rw::churnTeleportWorkspace	3	0	0	6	9	27
gitmine.h::rw::churnWindowStamp	1	0	0	2	1	9
gitmine.h::rw::coConfidence	1	0	0	2	1	4
gitmine.h::rw::coEffectiveSubWindows	0	0	0	1	0	4
gitmine.h::rw::coPairAttr	1	0	0	3	2	8
gitmine.h::rw::coPairDependencyCapable	0	0	0	2	1	5
gitmine.h::rw::coRecurrenceOf	0	0	0	1	0	4
gitmine.h::rw::coSubWindowOf	1	0	0	3	2	8
gitmine.h::rw::cochangePartners	3	0	0	14	22	71
gitmine.h::rw::cochangeViolationGroups	3	0	0	12	22	49
gitmine.h::rw::coupling	0	0	0	1	0	1
gitmine.h::rw::deriveGitPathOffset	3	0	0	18	32	89
gitmine.h::rw::forEachBoundGitPath	2	0	0	4	4	17
gitmine.h::rw::gitCoChangeAndChurn	0	0	0	1	0	9
gitmine.h::rw::gitCommandLines	2	0	0	7	8	39
gitmine.h::rw::gitCommitFileSets	1	0	0	2	1	7
gitmine.h::rw::gitFileAuthors	4	1	4	29	51	171
gitmine.h::rw::gitFileCommitCountsInDayWindow	3	0	0	21	29	94
gitmine.h::rw::gitLogFileSets	2	0	0	11	15	49
gitmine.h::rw::gitLogNameOnlyRaw	3	0	0	10	15	39
gitmine.h::rw::gitPathIndexOfFiles	2	0	0	9	11	45
gitmine.h::rw::gitPathOfEntry	0	0	0	1	0	1
gitmine.h::rw::gitRecentCommitFileSets	0	0	0	1	0	6
gitmine.h::rw::gitRepoToplevel	2	0	0	6	5	31
gitmine.h::rw::gitSpellingOfPath	1	0	0	5	4	15
gitmine.h::rw::gitUnquotePath	4	1	4	23	19	50
gitmine.h::rw::gitWindowBoundarySha	1	0	0	3	2	14
gitmine.h::rw::hasCombiningMark	3	0	0	13	22	38
gitmine.h::rw::hasEnclosingGitRepo	2	0	0	8	11	30
gitmine.h::rw::isBoundarySuffix	1	0	0	4	3	9
gitmine.h::rw::looksLikeDate	4	1	2	16	26	57
gitmine.h::rw::lower	0	0	0	1	0	1
gitmine.h::rw::mapChurnCountsOntoFiles	1	0	0	1	0	8
gitmine.h::rw::markChangedFilesFromGitPaths	1	0	0	1	0	7
gitmine.h::rw::normalizeJoinPath	2	0	0	5	6	12
gitmine.h::rw::noteAmbiguousGitJoin	0	0	0	1	0	8
gitmine.h::rw::noteDecomposedIndexedFiles	0	0	0	1	0	8
gitmine.h::rw::noteGitJoinDegradeOnce	1	0	0	2	1	9
gitmine.h::rw::noteUnderivableGitJoin	0	0	0	1	0	7
gitmine.h::rw::noteUnspelledIndexedFiles	0	0	0	1	0	7
gitmine.h::rw::ownershipForFile	1	0	0	3	2	6
gitmine.h::rw::resolveCommitStream	3	0	0	13	18	56
gitmine.h::rw::resolveFileSuffix	3	0	0	6	8	16
gitmine.h::rw::resolveGitPath	0	0	0	1	0	4
gitmine.h::rw::resolveSinceScope	2	0	0	6	6	61
gitmine.h::rw::sinceLogArgs	1	0	0	3	2	12
gitmine.h::rw::val	0	0	0	1	0	1
gitoracle.h::HistoryIndex::fateOf	1	0	0	6	4	15
gitoracle.h::Reader::pod	1	0	0	3	2	6
gitoracle.h::Reader::s	0	0	0	1	0	1
gitoracle.h::Reader::str	1	0	0	3	2	8
gitoracle.h::RemovalSite::setPath	0	0	0	1	0	1
gitoracle.h::gitoracle::chunk	0	0	0	1	0	1
gitoracle.h::gitoracle::fateTag	0	0	0	1	0	9
gitoracle.h::gitoracle::foldPatchLine	2	0	0	12	13	28
gitoracle.h::gitoracle::forEachIdentifier	2	0	0	8	10	17
gitoracle.h::gitoracle::identByte	0	0	0	2	1	1
gitoracle.h::gitoracle::isProsePath	0	0	0	4	1	5
gitoracle.h::gitoracle::loadOracleCache	2	0	0	17	17	81
gitoracle.h::gitoracle::oracleCachePath	0	0	0	1	0	4
gitoracle.h::gitoracle::oracleExclHex	0	0	0	1	0	8
gitoracle.h::gitoracle::probeNameHistory	1	0	0	5	4	26
gitoracle.h::gitoracle::putStr	0	0	0	1	0	8
gitoracle.h::gitoracle::recordRemoval	2	0	0	6	6	31
gitoracle.h::gitoracle::runProbe	1	0	0	5	4	49
gitoracle.h::gitoracle::saveOracleCache	1	0	0	7	6	51
gitoracle.h::gitoracle::walkGitPatch	3	0	0	12	19	56
gitoracle.h::gitoracle::writeHistoryProbe	2	0	0	4	4	13
gitoracle.h::gitoracle::writeNameFate	1	0	0	3	2	14
gitstamp.h::gitstamp::atAttr	1	0	0	2	1	5
gitstamp.h::gitstamp::stampAt	1	0	0	3	2	10
graph.h::UnionFind::UnionFind	1	0	0	2	1	7
graph.h::UnionFind::find	1	0	0	2	1	1
graph.h::UnionFind::unite	2	0	0	4	5	8
graph.h::priorwt::weight	1	0	0	6	5	17
graph.h::priorwt::wordCount	2	0	0	13	12	21
graph.h::routematch::isTemplateSegment	1	0	0	9	6	20
graph.h::routematch::methodsCompatible	0	0	0	3	1	4
graph.h::routematch::pathsMatch	2	0	0	5	5	17
graph.h::routematch::splitSegments	2	0	0	7	9	22
graph.h::rw::aPrev	0	0	0	1	0	1
graph.h::rw::adj	0	0	0	1	0	1
graph.h::rw::anchorIds	0	0	0	1	0	1
graph.h::rw::anchoredLexicalRank	2	0	0	10	10	43
graph.h::rw::applyOutInto	2	0	0	3	3	13
graph.h::rw::biasPrior	1	0	0	5	4	21
graph.h::rw::blendMaxNorm	2	0	0	10	11	33
graph.h::rw::buildGraph	8	30	283	290	698	1244
graph.h::rw::comm	0	0	0	1	0	1
graph.h::rw::commTot	0	0	0	1	0	1
graph.h::rw::communities	0	0	0	1	0	4
graph.h::rw::computeImpure	3	0	0	12	16	33
graph.h::rw::computeQMetrics	7	3	43	48	116	209
graph.h::rw::connectSubgraph	6	11	82	63	170	338
graph.h::rw::contractGraph	3	0	0	7	11	34
graph.h::rw::decodeJniName	2	0	0	8	10	25
graph.h::rw::deg	0	0	0	1	0	1
graph.h::rw::dependencyHealth	4	1	5	8	13	34
graph.h::rw::diffTeleport	2	0	0	8	9	23
graph.h::rw::dist	0	0	0	1	0	1
graph.h::rw::egoGraph	5	2	7	11	26	57
graph.h::rw::fanInFromInEdges	1	0	0	3	2	12
graph.h::rw::filePathContains	2	0	0	5	6	20
graph.h::rw::forwardReach	0	0	0	1	0	1
graph.h::rw::groupPaths	0	0	0	1	0	1
graph.h::rw::hPrev	0	0	0	1	0	1
graph.h::rw::hits	3	0	0	9	16	50
graph.h::rw::isImpureName	0	0	0	1	0	9
graph.h::rw::keepRustQualifiedCandidates	4	2	8	19	27	62
graph.h::rw::langCompatible	1	0	0	7	4	10
graph.h::rw::louvainLocalMoving	4	1	2	18	35	77
graph.h::rw::members	0	0	0	1	0	1
graph.h::rw::multiLevelCommunities	2	0	0	8	9	52
graph.h::rw::narrower	0	0	0	1	0	1
graph.h::rw::order	0	0	0	1	0	1
graph.h::rw::out	0	0	0	1	0	1
graph.h::rw::prev	0	0	0	1	0	1
graph.h::rw::prevViaOut	0	0	0	1	0	1
graph.h::rw::pw	0	0	0	1	0	1
graph.h::rw::rankGraph	1	0	0	2	1	5
graph.h::rw::rankGraphTeleport	3	0	0	5	8	28
graph.h::rw::resolveAllByCanonicalId	2	0	0	3	3	12
graph.h::rw::resolveAllByName	2	0	0	5	6	21
graph.h::rw::resolveAllByNameQualified	2	0	0	7	8	27
graph.h::rw::resolveFocus	3	0	0	7	9	18
graph.h::rw::resolveIncludeAdj	0	0	0	1	0	4
graph.h::rw::restrictDependencyHealth	2	0	0	6	6	14
graph.h::rw::rrfFuse	2	0	0	5	6	21
graph.h::rw::rustFileModuleOf	2	0	0	8	8	22
graph.h::rw::sccCycles	5	3	20	14	38	67
graph.h::rw::shortestPath	0	0	0	1	0	8
graph.h::rw::shortestPathAny	3	0	0	17	25	61
graph.h::rw::splitQualifiedSpec	1	0	0	2	1	7
graph.h::rw::stripLineLocator	2	0	0	11	11	30
graph.h::rw::symFileId	0	0	0	1	0	1
graph.h::rw::symGroup	0	0	0	1	0	1
graph.h::rw::symbolAdjacency	3	0	0	7	13	34
graph.h::rw::transitiveCallers	3	0	0	8	11	26
graph.h::rw::uf	0	0	0	1	0	1
graphlegend.h::rw::graphCountDisclosure	0	0	0	1	0	4
handoff.h::handoff_detail::gitOneLine	1	0	0	4	2	5
handoff.h::handoff_detail::isMarkdownPath	0	0	0	3	2	4
handoff.h::rw::writeHandoffPacket	3	0	0	31	50	176
hashutil.h::rw::hashutil::fnv1aAbsorb	0	0	0	1	0	4
hashutil.h::rw::hashutil::fnv1aMultiply	0	0	0	1	0	4
hashutil.h::rw::hashutil::multiplyModulo64	0	0	0	1	0	6
hashutil.h::rw::hashutil::toByte	0	0	0	1	0	4
htmlexport.h::rw::fileIdOf	0	0	0	1	0	1
htmlexport.h::rw::idxOf	0	0	0	1	0	1
htmlexport.h::rw::jsonEscape	0	0	0	1	0	4
htmlexport.h::rw::moduleOf	0	0	0	1	0	1
htmlexport.h::rw::order	0	0	0	1	0	1
htmlexport.h::rw::writeHtml	3	0	0	56	94	362
infra/Diagnostics.h::ConsoleLog::handleAssert	0	0	0	1	0	5
infra/Diagnostics.h::ConsoleLog::handleDegraded	0	0	0	1	0	4
infra/Diagnostics.h::ConsoleLog::handlePanic	0	0	0	1	0	4
infra/Diagnostics.h::ConsoleLog::handleThreadViolation	0	0	0	1	0	5
infra/Diagnostics.h::Diagnostics::ClobberMemory	0	0	0	1	0	4
infra/Diagnostics.h::Diagnostics::DoNotOptimize	0	0	0	1	0	4
infra/Diagnostics.h::Diagnostics::currentThreadId	0	0	0	1	0	1
infra/diagnostics.cpp::ConsoleLog::handleAssert	1	0	0	3	2	18
infra/diagnostics.cpp::ConsoleLog::handleDegraded	0	0	0	1	0	9
infra/diagnostics.cpp::ConsoleLog::handlePanic	0	0	0	1	0	14
infra/diagnostics.cpp::ConsoleLog::handleThreadViolation	1	0	0	3	2	20
infra/diagnostics.cpp::Diagnostics::currentThreadId	0	0	0	1	0	6
infra/dynamic_map.hpp::basic_iterator::basic_iterator	0	0	0	1	0	1
infra/dynamic_map.hpp::basic_iterator::key	0	0	0	1	0	4
infra/dynamic_map.hpp::basic_iterator::mapped	0	0	0	1	0	4
infra/dynamic_map.hpp::basic_iterator::operator!=	0	0	0	1	0	4
infra/dynamic_map.hpp::basic_iterator::operator*	0	0	0	1	0	5
infra/dynamic_map.hpp::basic_iterator::operator++	1	0	0	2	2	15
infra/dynamic_map.hpp::basic_iterator::operator-&gt;	0	0	0	1	0	4
infra/dynamic_map.hpp::basic_iterator::operator--	1	0	0	4	4	19
infra/dynamic_map.hpp::basic_iterator::operator==	0	0	0	3	1	5
infra/dynamic_map.hpp::basic_value_iterator::basic_value_iterator	0	0	0	1	0	1
infra/dynamic_map.hpp::basic_value_iterator::operator!=	0	0	0	1	0	4
infra/dynamic_map.hpp::basic_value_iterator::operator*	0	0	0	1	0	1
infra/dynamic_map.hpp::basic_value_iterator::operator++	1	0	0	2	1	9
infra/dynamic_map.hpp::basic_value_iterator::operator-&gt;	0	0	0	1	0	1
infra/dynamic_map.hpp::basic_value_iterator::operator==	0	0	0	3	1	6
infra/dynamic_map.hpp::basic_value_iterator::seat	1	0	0	2	1	16
infra/dynamic_map.hpp::const_values_view::begin	0	0	0	1	0	1
infra/dynamic_map.hpp::const_values_view::end	0	0	0	1	0	1
infra/dynamic_map.hpp::dyn::DYNMAP_DEFINE_RANK_32	0	0	0	1	0	1
infra/dynamic_map.hpp::dyn::DYNMAP_DEFINE_RANK_64	0	0	0	1	0	1
infra/dynamic_map.hpp::dyn::dynmap_sse_hsum32	0	0	0	1	0	6
infra/dynamic_map.hpp::dyn::dynmap_sse_hsum64	0	0	0	1	0	5
infra/dynamic_map.hpp::dynamic_map::alloc_internal	1	0	0	2	1	16
infra/dynamic_map.hpp::dynamic_map::alloc_leaf	1	0	0	2	1	21
infra/dynamic_map.hpp::dynamic_map::at	1	0	0	2	1	9
infra/dynamic_map.hpp::dynamic_map::begin	1	0	0	2	1	8
infra/dynamic_map.hpp::dynamic_map::capacity	0	0	0	1	0	4
infra/dynamic_map.hpp::dynamic_map::cbegin	0	0	0	1	0	1
infra/dynamic_map.hpp::dynamic_map::cend	0	0	0	1	0	1
infra/dynamic_map.hpp::dynamic_map::child_index	1	0	0	2	1	6
infra/dynamic_map.hpp::dynamic_map::clear	3	0	0	11	17	35
infra/dynamic_map.hpp::dynamic_map::compact	4	1	4	28	49	155
infra/dynamic_map.hpp::dynamic_map::contains	0	0	0	1	0	4
infra/dynamic_map.hpp::dynamic_map::count	1	0	0	2	1	4
infra/dynamic_map.hpp::dynamic_map::crbegin	0	0	0	1	0	1
infra/dynamic_map.hpp::dynamic_map::crend	0	0	0	1	0	1
infra/dynamic_map.hpp::dynamic_map::dynamic_map	2	0	0	10	12	50
infra/dynamic_map.hpp::dynamic_map::emplace_impl	1	0	0	4	3	34
infra/dynamic_map.hpp::dynamic_map::empty	0	0	0	1	0	4
infra/dynamic_map.hpp::dynamic_map::end	0	0	0	1	0	4
infra/dynamic_map.hpp::dynamic_map::equal_range	1	0	0	3	2	10
infra/dynamic_map.hpp::dynamic_map::erase	2	0	0	5	5	23
infra/dynamic_map.hpp::dynamic_map::erase_from_leaf	1	0	0	4	3	23
infra/dynamic_map.hpp::dynamic_map::erase_rec	1	0	0	4	3	19
infra/dynamic_map.hpp::dynamic_map::fill_sentinel	1	0	0	2	1	7
infra/dynamic_map.hpp::dynamic_map::find	1	0	0	3	2	10
infra/dynamic_map.hpp::dynamic_map::free_internal	0	0	0	1	0	5
infra/dynamic_map.hpp::dynamic_map::free_leaf	1	0	0	2	1	11
infra/dynamic_map.hpp::dynamic_map::full	0	0	0	1	0	4
infra/dynamic_map.hpp::dynamic_map::height	0	0	0	1	0	4
infra/dynamic_map.hpp::dynamic_map::insert	0	0	0	1	0	4
infra/dynamic_map.hpp::dynamic_map::insert	1	0	0	2	1	7
infra/dynamic_map.hpp::dynamic_map::insert_into_internal	2	0	0	11	11	75
infra/dynamic_map.hpp::dynamic_map::insert_into_leaf	2	0	0	14	20	130
infra/dynamic_map.hpp::dynamic_map::insert_or_assign	0	0	0	1	0	4
infra/dynamic_map.hpp::dynamic_map::insert_rec	1	0	0	3	2	24
infra/dynamic_map.hpp::dynamic_map::key_comp	0	0	0	1	0	4
infra/dynamic_map.hpp::dynamic_map::key_is_finite	1	0	0	3	3	20
infra/dynamic_map.hpp::dynamic_map::keys_equal	0	0	0	1	0	4
infra/dynamic_map.hpp::dynamic_map::leaf_at	0	0	0	1	0	5
infra/dynamic_map.hpp::dynamic_map::leaf_count	2	0	0	3	3	10
infra/dynamic_map.hpp::dynamic_map::leaf_lower	0	0	0	1	0	4
infra/dynamic_map.hpp::dynamic_map::leftmost_leaf	1	0	0	2	1	9
infra/dynamic_map.hpp::dynamic_map::lower_bound	2	0	0	4	4	28
infra/dynamic_map.hpp::dynamic_map::merge_internals	1	0	0	4	3	30
infra/dynamic_map.hpp::dynamic_map::merge_leaves	1	0	0	4	3	31
infra/dynamic_map.hpp::dynamic_map::operator=	0	0	0	1	0	1
infra/dynamic_map.hpp::dynamic_map::operator[]	1	0	0	2	1	14
infra/dynamic_map.hpp::dynamic_map::rbegin	0	0	0	1	0	1
infra/dynamic_map.hpp::dynamic_map::rebalance_child	1	0	0	2	2	11
infra/dynamic_map.hpp::dynamic_map::rebalance_internal_child	3	0	0	10	20	63
infra/dynamic_map.hpp::dynamic_map::rebalance_leaf_child	3	0	0	8	14	58
infra/dynamic_map.hpp::dynamic_map::release_value	1	0	0	2	1	7
infra/dynamic_map.hpp::dynamic_map::remaining	0	0	0	1	0	4
infra/dynamic_map.hpp::dynamic_map::rend	0	0	0	1	0	1
infra/dynamic_map.hpp::dynamic_map::rightmost_leaf	1	0	0	2	1	10
infra/dynamic_map.hpp::dynamic_map::size	0	0	0	1	0	4
infra/dynamic_map.hpp::dynamic_map::steal	0	0	0	1	0	30
infra/dynamic_map.hpp::dynamic_map::swap	1	0	0	2	1	10
infra/dynamic_map.hpp::dynamic_map::tmp	0	0	0	1	0	1
infra/dynamic_map.hpp::dynamic_map::try_emplace	0	0	0	1	0	5
infra/dynamic_map.hpp::dynamic_map::unconst	0	0	0	1	0	5
infra/dynamic_map.hpp::dynamic_map::upper_bound	1	0	0	3	2	10
infra/dynamic_map.hpp::dynamic_map::values	0	0	0	1	0	1
infra/dynamic_map.hpp::dynamic_map::values_begin	1	0	0	2	1	1
infra/dynamic_map.hpp::dynamic_map::values_cbegin	0	0	0	1	0	1
infra/dynamic_map.hpp::dynamic_map::values_cend	0	0	0	1	0	1
infra/dynamic_map.hpp::dynamic_map::values_end	0	0	0	1	0	1
infra/dynamic_map.hpp::node_rank&lt;double, B, void&gt;::le	1	0	0	2	1	10
infra/dynamic_map.hpp::node_rank&lt;double, B, void&gt;::lt	1	0	0	2	1	10
infra/dynamic_map.hpp::node_rank&lt;float, B, void&gt;::le	1	0	0	2	1	10
infra/dynamic_map.hpp::node_rank&lt;float, B, void&gt;::lt	1	0	0	2	1	10
infra/dynamic_map.hpp::node_rank::le	2	0	0	3	3	11
infra/dynamic_map.hpp::node_rank::lt	2	0	0	3	3	11
infra/dynamic_map.hpp::pointer::operator-&gt;	0	0	0	1	0	1
infra/dynamic_map.hpp::sentinel::value	0	0	0	1	0	4
infra/dynamic_map.hpp::values_view::begin	0	0	0	1	0	1
infra/dynamic_map.hpp::values_view::end	0	0	0	1	0	1
infra/fastSort.h::infra::sort::unstable	0	0	0	1	0	4
infra/fastSort.h::infra::sort::unstableBranchless	0	0	0	1	0	4
infra/platform.h::fastmath::isFiniteFast	0	0	0	1	0	6
infra/platform.h::fastmath::max	1	0	0	2	1	1
infra/platform.h::fastmath::min	1	0	0	2	1	1
infra/profilePmc.h::ThreadCounters::close_all	1	0	0	2	1	9
infra/profilePmc.h::pmc::active	0	0	0	1	0	1
infra/profilePmc.h::pmc::arm_and_verify	2	0	0	8	8	29
infra/profilePmc.h::pmc::ensure_global_init	3	0	0	18	33	119
infra/profilePmc.h::pmc::ensure_thread_counting	1	0	0	2	1	8
infra/profilePmc.h::pmc::event_count	0	0	0	1	0	1
infra/profilePmc.h::pmc::event_label	0	0	0	1	0	1
infra/profilePmc.h::pmc::event_name	0	0	0	1	0	1
infra/profilePmc.h::pmc::hw_cache_config	0	0	0	1	0	4
infra/profilePmc.h::pmc::label_for	2	0	0	3	3	11
infra/profilePmc.h::pmc::load_api	1	0	0	3	2	35
infra/profilePmc.h::pmc::load_sym	0	0	0	1	0	5
infra/profilePmc.h::pmc::map_value_indices	3	0	0	7	11	29
infra/profilePmc.h::pmc::open_group	3	0	0	7	12	37
infra/profilePmc.h::pmc::open_published_selection	1	0	0	5	2	15
infra/profilePmc.h::pmc::read	1	0	0	5	4	33
infra/profilePmc.h::pmc::resolve_event	3	0	0	9	14	32
infra/profilePmc.h::pmc::select_and_arm_first_thread	3	0	0	12	22	66
infra/profilePmc.h::pmc::sys_perf_event_open	0	0	0	1	0	4
infra/profileScope.h::Accum::count	0	0	0	1	0	1
infra/profileScope.h::Accum::ms	0	0	0	1	0	1
infra/profileScope.h::Accum::reset	0	0	0	1	0	1
infra/profileScope.h::Accum::us	0	0	0	1	0	1
infra/profileScope.h::BenchTimer::BenchTimer	0	0	0	1	0	2
infra/profileScope.h::BenchTimer::BenchTimer	0	0	0	1	0	5
infra/profileScope.h::BenchTimer::operator=	0	0	0	1	0	1
infra/profileScope.h::Derived::brMpki	0	0	0	2	1	1
infra/profileScope.h::Derived::ipc	0	0	0	2	1	1
infra/profileScope.h::Derived::l1dMpki	0	0	0	2	1	1
infra/profileScope.h::Record::addEvents	1	0	0	2	1	7
infra/profileScope.h::Record::enter	1	0	0	2	1	7
infra/profileScope.h::Record::leave	1	0	0	2	1	13
infra/profileScope.h::RecordArena::RecordArena	0	0	0	1	0	1
infra/profileScope.h::RecordArena::alloc	1	0	0	2	1	9
infra/profileScope.h::RecordArena::operator=	0	0	0	1	0	1
infra/profileScope.h::Registry::create	0	0	0	1	0	7
infra/profileScope.h::Registry::lock	0	0	0	1	0	1
infra/profileScope.h::Registry::retire	0	0	0	1	0	4
infra/profileScope.h::Registry::snapshot	1	0	0	2	1	9
infra/profileScope.h::Registry::teardown	3	0	0	6	10	24
infra/profileScope.h::ScopedTimer::ScopedTimer	1	0	0	4	3	24
infra/profileScope.h::ScopedTimer::ScopedTimer	2	0	0	6	6	29
infra/profileScope.h::ScopedTimer::operator=	0	0	0	1	0	1
infra/profileScope.h::ThreadData::ThreadData	0	0	0	1	0	6
infra/profileScope.h::ThreadData::add_record	0	0	0	1	0	8
infra/profileScope.h::ThreadData::lock	0	0	0	1	0	1
infra/profileScope.h::ThreadDataHandle::ThreadDataHandle	0	0	0	1	0	7
infra/profileScope.h::detail::aggregate_by_site	4	1	5	7	16	33
infra/profileScope.h::detail::basename	2	0	0	3	3	12
infra/profileScope.h::detail::copyThreadName	0	0	0	3	2	10
infra/profileScope.h::detail::event_index	2	0	0	3	3	14
infra/profileScope.h::detail::events_shown	1	0	0	2	1	8
infra/profileScope.h::detail::fmt_count	1	0	0	5	5	23
infra/profileScope.h::detail::index_of_site	2	0	0	4	4	15
infra/profileScope.h::detail::isInitialThread	0	0	0	1	0	11
infra/profileScope.h::detail::name_and_loc	1	0	0	2	2	15
infra/profileScope.h::detail::now_ticks	0	0	0	2	1	15
infra/profileScope.h::detail::ns_per_tick	0	0	0	1	0	5
infra/profileScope.h::detail::overhead_ticks	2	0	0	2	2	15
infra/profileScope.h::detail::param_paren	3	0	0	11	16	37
infra/profileScope.h::detail::print_agg_header	1	0	0	5	4	21
infra/profileScope.h::detail::print_agg_row	2	0	0	9	11	25
infra/profileScope.h::detail::print_header	1	0	0	3	2	11
infra/profileScope.h::detail::print_row	1	0	0	5	5	32
infra/profileScope.h::detail::print_tree_node	1	0	0	7	6	37
infra/profileScope.h::detail::print_tsv	3	0	0	15	26	51
infra/profileScope.h::detail::resolve_derived	0	0	0	1	0	9
infra/profileScope.h::detail::threadIdNumeric	0	0	0	1	0	12
infra/profileScope.h::detail::tick_hz	0	0	0	2	1	10
infra/profileScope.h::detail::tls_acquire	0	0	0	1	0	4
infra/profileScope.h::detail::tls_data	0	0	0	1	0	5
infra/profileScope.h::detail::trim_pretty	2	0	0	9	9	34
infra/profileScope.h::prof::clobberMemory	0	0	0	1	0	4
infra/profileScope.h::prof::doNotOptimize	0	0	0	1	0	4
infra/profileScope.h::prof::escape	0	0	0	1	0	4
infra/profileScope.h::prof::kids	0	0	0	1	0	1
infra/profileScope.h::prof::registry	0	0	0	1	0	5
infra/profileScope.h::prof::report	0	0	0	1	0	1
infra/profileScope.h::prof::reporter	0	0	0	1	0	5
infra/radixSort.h::radix::quantizeFloatToU16	0	0	0	1	0	1
infra/radixSort.h::radix::quantizeFloatToU16Signed1024	0	0	0	1	0	1
infra/radixSort.h::radix::sortKeyLarge	0	0	0	1	0	1
infra/radixSort.h::radix::sortKeyLargeIndexed	0	0	0	1	0	1
infra/radixSort.h::radix::sortKeyLargePairs	0	0	0	1	0	1
infra/radixSort.h::radix::sortKeySmall	0	0	0	1	0	1
infra/sparseCsr.h::csrdetail::adel	1	0	0	2	1	7
infra/sparseCsr.h::csrdetail::anew	1	0	0	2	1	1
infra/sparseCsr.h::csrdetail::blockReduceDot	3	0	0	6	10	31
infra/sparseCsr.h::csrdetail::scaleVec	2	0	0	4	4	18
infra/sparseCsr.h::csrdetail::spmvRow	2	0	0	4	4	23
infra/sparseCsr.h::dominantEigenvector	2	0	0	5	6	44
infra/sparseCsr.h::sparseCsr::applyInto	4	1	5	7	16	46
infra/sparseCsr.h::sparseCsr::colIndices	0	0	0	1	0	1
infra/sparseCsr.h::sparseCsr::cols	0	0	0	1	0	1
infra/sparseCsr.h::sparseCsr::nnz	0	0	0	1	0	1
infra/sparseCsr.h::sparseCsr::operator=	1	0	0	2	1	12
infra/sparseCsr.h::sparseCsr::rowOffsets	0	0	0	1	0	1
infra/sparseCsr.h::sparseCsr::rows	0	0	0	1	0	1
infra/sparseCsr.h::sparseCsr::sparseCsr	0	0	0	1	0	1
infra/sparseCsr.h::sparseCsr::values	0	0	0	1	0	1
ingest.cpp::ByteR::rawInto	1	0	0	4	3	2
ingest.cpp::ByteR::s	0	0	0	1	0	1
ingest.cpp::ByteR::str	1	0	0	2	1	1
ingest.cpp::ByteR::u32	1	0	0	2	1	1
ingest.cpp::ByteR::u64	1	0	0	2	1	1
ingest.cpp::ByteR::u8	1	0	0	2	1	1
ingest.cpp::ByteR::view	1	0	0	3	2	1
ingest.cpp::ByteW::extend	0	0	0	1	0	1
ingest.cpp::ByteW::raw	1	0	0	2	1	7
ingest.cpp::ByteW::str	0	0	0	1	0	1
ingest.cpp::ByteW::u32	0	0	0	1	0	1
ingest.cpp::ByteW::u64	0	0	0	1	0	1
ingest.cpp::ByteW::u8	0	0	0	1	0	1
ingest.cpp::ChildCursor::ChildCursor	0	0	0	1	0	1
ingest.cpp::ChildCursor::operator=	0	0	0	1	0	1
ingest.cpp::CompiledQueryCache::CompiledQueryCache	0	0	0	1	0	1
ingest.cpp::CompiledQueryCache::operator=	0	0	0	1	0	1
ingest.cpp::DefSweep::find	1	0	0	7	6	21
ingest.cpp::LexPair::operator&lt;	0	0	0	3	2	4
ingest.cpp::PendingParsedFile::PendingParsedFile	0	0	0	1	0	4
ingest.cpp::PendingParsedFile::operator=	0	0	0	1	0	1
ingest.cpp::TreeGuard::TreeGuard	0	0	0	1	0	1
ingest.cpp::TreeGuard::get	0	0	0	1	0	1
ingest.cpp::TreeGuard::operator=	0	0	0	1	0	1
ingest.cpp::TreeGuard::release	0	0	0	1	0	6
ingest.cpp::aIdx	0	0	0	1	0	1
ingest.cpp::bIdx	0	0	0	1	0	1
ingest.cpp::blobChecksum	2	0	0	5	5	17
ingest.cpp::callArity	3	0	0	21	24	69
ingest.cpp::capSv	0	0	0	1	0	1
ingest.cpp::captureBases	4	1	4	14	16	44
ingest.cpp::captureBindings	8	6	62	43	117	137
ingest.cpp::captureFfi	8	4	75	57	145	163
ingest.cpp::captureFields	6	5	30	32	84	160
ingest.cpp::captureIncludes	4	1	4	8	17	72
ingest.cpp::captureRoutes	6	10	82	60	132	196
ingest.cpp::captureRustImpls	4	1	13	10	14	44
ingest.cpp::captureSideFacts	1	0	0	10	6	41
ingest.cpp::captureTagsFacts	6	10	83	87	159	339
ingest.cpp::captureUses	5	1	11	10	21	52
ingest.cpp::cc_boolOp	1	0	0	8	5	15
ingest.cpp::cc_declHasStructuredBinding	2	0	0	5	6	21
ingest.cpp::cc_isCountableLocalDecl	1	0	0	4	3	13
ingest.cpp::cc_isNestingControl	0	0	0	27	1	24
ingest.cpp::cc_isNestingOnly	0	0	0	3	1	5
ingest.cpp::cc_isParamList	0	0	0	7	1	10
ingest.cpp::cc_noteHump	1	0	0	6	5	19
ingest.cpp::cc_paramArityExact	4	3	12	27	30	73
ingest.cpp::cc_walk	5	2	28	39	78	142
ingest.cpp::collectChildren	2	0	0	3	3	13
ingest.cpp::collectSources	4	3	6	27	58	153
ingest.cpp::compileQueryStandalone	1	0	0	4	3	21
ingest.cpp::compiledQueryCache	0	0	0	1	0	5
ingest.cpp::compiledQueryFor	1	0	0	3	2	20
ingest.cpp::complexityOf	1	0	0	2	1	18
ingest.cpp::constCaptureNeedsScreamingGate	1	0	0	9	1	20
ingest.cpp::contentHash64	1	0	0	2	1	9
ingest.cpp::countParams	4	2	8	9	19	45
ingest.cpp::csharpUsingTarget	2	0	0	8	7	23
ingest.cpp::ctorTypeOf	1	0	0	11	8	28
ingest.cpp::cursor	0	0	0	1	0	1
ingest.cpp::dIdx	0	0	0	1	0	1
ingest.cpp::declaratorVarName	3	0	0	7	10	20
ingest.cpp::defKind	1	0	0	14	13	56
ingest.cpp::directiveTargetOf	4	1	4	35	51	116
ingest.cpp::dropGatedCapture	1	0	0	5	4	16
ingest.cpp::emitBaseRef	1	0	0	3	2	17
ingest.cpp::emitBind	1	0	0	3	2	15
ingest.cpp::enclosingScopeOf	3	0	0	9	11	24
ingest.cpp::extractMarkdown	4	12	56	75	124	178
ingest.cpp::ffiSplitScopeName	1	0	0	2	1	9
ingest.cpp::ffiUnquote	1	0	0	5	3	8
ingest.cpp::finalSegment	2	0	0	14	13	51
ingest.cpp::firstPathStringArg	1	0	0	8	7	23
ingest.cpp::grammarAbiOk	0	0	0	2	1	5
ingest.cpp::hasPhantomScopeSeparator	2	0	0	3	3	13
ingest.cpp::iIdx	0	0	0	1	0	1
ingest.cpp::immediateScope	1	0	0	2	1	5
ingest.cpp::importName	1	0	0	12	9	18
ingest.cpp::importSpecifierText	1	0	0	8	5	17
ingest.cpp::includePathOf	1	0	0	6	5	16
ingest.cpp::isBaseTypeNode	2	0	0	3	3	21
ingest.cpp::isCallCallee	2	0	0	15	17	42
ingest.cpp::isCjsExportTarget	0	0	0	1	0	1
ingest.cpp::isCppCastKeyword	0	0	0	4	1	4
ingest.cpp::isDecisionType	0	0	0	36	1	29
ingest.cpp::isDenylistedName	1	0	0	7	6	29
ingest.cpp::isImportContainer	1	0	0	6	2	14
ingest.cpp::isNonValueContext	2	0	0	25	14	41
ingest.cpp::isPreprocConditional	0	0	0	1	0	4
ingest.cpp::isPrototypeMemberTarget	0	0	0	1	0	1
ingest.cpp::isReadableCacheBlob	1	0	0	2	1	9
ingest.cpp::isRustIdentifier	2	0	0	12	10	15
ingest.cpp::isScreamingSnakeName	2	0	0	10	8	16
ingest.cpp::isSwiftLocalBinding	2	0	0	7	6	17
ingest.cpp::isWriteTarget	2	0	0	13	10	41
ingest.cpp::it	0	0	0	1	0	1
ingest.cpp::jsMethodProperty	2	0	0	11	16	46
ingest.cpp::jsonNestsTooDeep	3	0	0	13	20	40
ingest.cpp::lastArgHandlerName	2	0	0	8	9	32
ingest.cpp::lastTopLevelScopeSep	2	0	0	9	7	22
ingest.cpp::lexDictIndexWidth	2	0	0	3	3	4
ingest.cpp::ln_collectLocalDecls	3	0	0	7	9	38
ingest.cpp::ln_declDepth	3	0	0	5	8	22
ingest.cpp::ln_declaratorIdentifiers	2	0	0	4	4	12
ingest.cpp::ln_extractDeclaratorIdentifiers	3	0	0	12	14	38
ingest.cpp::loadCache	4	1	6	43	68	226
ingest.cpp::looksBinary	1	0	0	2	1	5
ingest.cpp::looksObjC	1	0	0	4	2	7
ingest.cpp::lookupLang	2	0	0	3	3	11
ingest.cpp::lowerExtensionOf	1	0	0	5	4	18
ingest.cpp::minDefRecordBytes	1	0	0	2	1	4
ingest.cpp::namesNode	0	0	0	1	0	4
ingest.cpp::nodeTextOf	1	0	0	4	3	9
ingest.cpp::operatorNameStart	1	0	0	12	10	42
ingest.cpp::parseTree	0	0	0	1	0	9
ingest.cpp::parserVerFor	1	0	0	2	1	4
ingest.cpp::prepareParserFor	1	0	0	4	3	17
ingest.cpp::pyMethodsKeyword	2	0	0	11	14	39
ingest.cpp::qualifierOf	1	0	0	7	6	19
ingest.cpp::queryFor	0	0	0	1	0	4
ingest.cpp::rIdx	0	0	0	1	0	1
ingest.cpp::rdIdx	0	0	0	1	0	1
ingest.cpp::reAbsolutize	1	0	0	4	3	18
ingest.cpp::readBind	0	0	0	1	0	1
ingest.cpp::readDef	4	1	1	20	36	81
ingest.cpp::readFfi	0	0	0	1	0	1
ingest.cpp::readFile	1	0	0	8	7	37
ingest.cpp::readFilePrefix	1	0	0	6	5	22
ingest.cpp::readRef	0	0	0	1	0	1
ingest.cpp::readRouteDef	0	0	0	1	0	1
ingest.cpp::readRouteUse	0	0	0	1	0	1
ingest.cpp::receiverOf	2	0	0	15	16	46
ingest.cpp::roleOf	1	0	0	6	5	22
ingest.cpp::ruIdx	0	0	0	1	0	1
ingest.cpp::rustEnclosingScopeOf	2	0	0	9	10	28
ingest.cpp::rustPathSegment	1	0	0	5	4	11
ingest.cpp::rustQualifierOf	1	0	0	4	3	18
ingest.cpp::rw::astQuery	8	12	84	58	165	260
ingest.cpp::rw::buildNewlineOffsets	2	0	0	3	3	12
ingest.cpp::rw::cacheCandidateFacts	0	0	0	1	0	1
ingest.cpp::rw::cacheHitFacts	0	0	0	1	0	1
ingest.cpp::rw::captureText	3	0	0	5	7	14
ingest.cpp::rw::collectGatedLocalNames	1	0	0	7	6	32
ingest.cpp::rw::cursor	0	0	0	1	0	1
ingest.cpp::rw::docLex	0	0	0	1	0	1
ingest.cpp::rw::docTextOut	0	0	0	1	0	1
ingest.cpp::rw::fileLang	0	0	0	1	0	1
ingest.cpp::rw::ingest	7	22	446	234	687	1632
ingest.cpp::rw::lineAtByte	0	0	0	1	0	4
ingest.cpp::rw::lk	0	0	0	1	0	1
ingest.cpp::rw::op	0	0	0	1	0	1
ingest.cpp::rw::passesPredicates	3	0	0	18	29	70
ingest.cpp::rw::tBinds	0	0	0	1	0	1
ingest.cpp::rw::tDefs	0	0	0	1	0	1
ingest.cpp::rw::tFfis	0	0	0	1	0	1
ingest.cpp::rw::tHits	0	0	0	1	0	1
ingest.cpp::rw::tIncs	0	0	0	1	0	1
ingest.cpp::rw::tRefs	0	0	0	1	0	1
ingest.cpp::rw::tRouteDefs	0	0	0	1	0	1
ingest.cpp::rw::tRouteUses	0	0	0	1	0	1
ingest.cpp::rw::unreachableCheck	5	9	36	26	64	119
ingest.cpp::rw::ur_isBlockNode	0	0	0	3	1	6
ingest.cpp::rw::ur_isJumpTarget	0	0	0	4	1	7
ingest.cpp::rw::ur_isSkippableSibling	1	0	0	2	1	9
ingest.cpp::rw::ur_isTerminator	0	0	0	5	1	8
ingest.cpp::rw::ur_walkTree	7	1	43	20	60	87
ingest.cpp::sameSpan	0	0	0	2	1	4
ingest.cpp::saveCache	5	4	28	43	87	262
ingest.cpp::shapeOfPath	2	0	0	3	3	6
ingest.cpp::statSizeMtime	1	0	0	2	1	16
ingest.cpp::stringNodeToMethod	1	0	0	6	5	18
ingest.cpp::tree_sitter_bash	0	0	0	1	0	1
ingest.cpp::tree_sitter_c	0	0	0	1	0	1
ingest.cpp::tree_sitter_c_sharp	0	0	0	1	0	1
ingest.cpp::tree_sitter_cpp	0	0	0	1	0	1
ingest.cpp::tree_sitter_cuda	0	0	0	1	0	1
ingest.cpp::tree_sitter_go	0	0	0	1	0	1
ingest.cpp::tree_sitter_java	0	0	0	1	0	1
ingest.cpp::tree_sitter_javascript	0	0	0	1	0	1
ingest.cpp::tree_sitter_json	0	0	0	1	0	1
ingest.cpp::tree_sitter_objc	0	0	0	1	0	1
ingest.cpp::tree_sitter_python	0	0	0	1	0	1
ingest.cpp::tree_sitter_ruby	0	0	0	1	0	1
ingest.cpp::tree_sitter_rust	0	0	0	1	0	1
ingest.cpp::tree_sitter_swift	0	0	0	1	0	1
ingest.cpp::tree_sitter_tsx	0	0	0	1	0	1
ingest.cpp::tree_sitter_typescript	0	0	0	1	0	1
ingest.cpp::var	0	0	0	1	0	1
ingest.cpp::verifyCacheRecordMinimaTripwire	0	0	0	1	0	12
ingest.cpp::waitForQueryPrewarm	1	0	0	4	2	10
ingest.cpp::wallClockNs	0	0	0	1	0	5
ingest.cpp::writeBind	0	0	0	1	0	1
ingest.cpp::writeDef	3	0	0	16	37	85
ingest.cpp::writeFfi	1	0	0	2	1	1
ingest.cpp::writeRef	1	0	0	5	4	1
ingest.cpp::writeRouteDef	0	0	0	1	0	1
ingest.cpp::writeRouteUse	0	0	0	1	0	1
ingest.cpp::writtenTypeOf	2	0	0	7	6	15
ingest.h::rw::astQuery	0	0	0	1	0	2
ingest.h::rw::astQueryShape	3	0	0	23	38	64
ingest.h::rw::collectGatedLocalNames	0	0	0	1	0	1
ingest.h::rw::ingest	0	0	0	1	0	3
ingest.h::rw::isSkippedCrawlDir	2	0	0	4	4	11
ingest.h::rw::unreachableCheck	0	0	0	1	0	1
jsonesc.h::jsonesc::escapeCc	0	0	0	1	0	4
jsonesc.h::jsonesc::escapeHtml	0	0	0	1	0	7
jsonesc.h::jsonesc::escapeInto	4	3	3	19	31	53
jsonesc.h::jsonesc::escapeMcp	0	0	0	1	0	7
jsonesc.h::jsonesc::utf8SeqLen	2	0	0	22	27	49
jsonesc.h::rw::isJsonWs	0	0	0	4	1	4
jsonesc.h::rw::jsonStringEnd	2	0	0	6	6	9
jsonesc.h::rw::shSingleQuote	2	0	0	3	4	14
landingplan.h::landingplan::computePlan	2	0	0	10	11	55
landingplan.h::landingplan::joinRefNames	2	0	0	3	3	13
landingplan.h::landingplan::writePlan	2	0	0	13	14	86
landingplan.h::landingplan::writePlanDrop	1	0	0	3	2	12
landingplan.h::landingplan::writePlanRef	1	0	0	2	1	5
lanes.h::lanes::addCountedWarning	0	0	0	1	0	4
lanes.h::lanes::addWarning	0	0	0	1	0	4
lanes.h::lanes::briefLanes	3	0	0	6	9	31
lanes.h::lanes::buildClaimIdentity	3	0	0	9	13	50
lanes.h::lanes::buildClaims	2	0	0	6	7	29
lanes.h::lanes::buildHotspotRanks	2	0	0	10	13	35
lanes.h::lanes::buildLaneFiles	2	0	0	8	10	24
lanes.h::lanes::buildLaneNotes	3	0	0	7	10	30
lanes.h::lanes::buildLaneReach	2	0	0	10	13	41
lanes.h::lanes::buildWarnings	2	0	0	17	19	130
lanes.h::lanes::carveLanes	3	0	0	10	16	49
lanes.h::lanes::claimKeyOf	0	0	0	1	0	8
lanes.h::lanes::collectContractTouch	2	0	0	5	5	15
lanes.h::lanes::computePlanLanes	1	0	0	10	9	62
lanes.h::lanes::findClaimByKey	2	0	0	3	3	11
lanes.h::lanes::idOf	0	0	0	1	0	1
lanes.h::lanes::makeClaim	2	0	0	10	9	39
lanes.h::lanes::measureLaneOverlap	3	0	0	8	13	38
lanes.h::lanes::moduleSpanOf	1	0	0	2	1	9
lanes.h::lanes::renderPair	2	0	0	5	5	38
lanes.h::lanes::synthesizeArms	3	0	0	4	6	19
lanes.h::lanes::tallyClaims	3	0	0	7	15	28
lanes.h::lanes::warnCoincidingClaims	4	1	4	11	24	49
lanes.h::lanes::writeCarve	1	0	0	2	1	9
lanes.h::lanes::writeClaimRow	1	0	0	2	1	11
lanes.h::lanes::writeCore	2	0	0	3	3	16
lanes.h::lanes::writeJsonStringOrNull	1	0	0	2	2	11
lanes.h::lanes::writeLane	2	0	0	7	8	32
lanes.h::lanes::writeLaneFileRow	1	0	0	2	2	13
lanes.h::lanes::writePair	2	0	0	7	9	28
lanes.h::lanes::writePathArray	2	0	0	3	3	9
lanes.h::lanes::writePlanLanes	2	0	0	8	11	51
layout.h::BodyWalk::refuse	0	0	0	1	0	6
layout.h::IntEval::apply	1	0	0	7	3	11
layout.h::IntEval::atom	3	0	0	24	29	56
layout.h::IntEval::level	1	0	0	5	3	15
layout.h::IntEval::parse	1	0	0	2	1	11
layout.h::IntEval::skipWs	1	0	0	3	2	7
layout.h::ModelCtx::ModelCtx	0	0	0	1	0	3
layout.h::layout::addCaveat	2	0	0	3	3	10
layout.h::layout::addConst	2	0	0	5	5	17
layout.h::layout::appendField	3	0	0	15	21	73
layout.h::layout::atDirectiveStart	2	0	0	4	5	15
layout.h::layout::buildAggIndex	2	0	0	5	4	12
layout.h::layout::collectAsserts	2	0	0	6	9	26
layout.h::layout::computeLayout	3	0	0	16	26	92
layout.h::layout::computeShapes	3	0	0	9	16	37
layout.h::layout::ctx	0	0	0	1	0	1
layout.h::layout::cutAtTopLevel	3	0	0	10	14	16
layout.h::layout::defForAssert	2	0	0	10	13	38
layout.h::layout::diffDefs	2	0	0	11	13	40
layout.h::layout::ensureFileLoaded	2	0	0	4	4	18
layout.h::layout::evalExtent	1	0	0	4	2	11
layout.h::layout::extractSizeAssert	3	0	0	10	18	40
layout.h::layout::fieldSpell	1	0	0	4	3	13
layout.h::layout::fileBytes	1	0	0	2	1	5
layout.h::layout::fileConsts	1	0	0	2	1	5
layout.h::layout::fileStripped	1	0	0	2	1	5
layout.h::layout::finalizeLayout	2	0	0	8	8	25
layout.h::layout::findDefBody	2	0	0	17	21	74
layout.h::layout::findTopLevelDef	3	0	0	8	16	24
layout.h::layout::flattenSpace	2	0	0	5	7	17
layout.h::layout::forEachKeywordCall	2	0	0	8	11	25
layout.h::layout::harvestConstants	3	0	0	8	14	37
layout.h::layout::harvestEnumUnderlying	2	0	0	9	9	32
layout.h::layout::harvestObjectMacro	1	0	0	8	6	23
layout.h::layout::harvestTypeAlias	1	0	0	4	3	7
layout.h::layout::harvestTypedefAlias	1	0	0	12	11	35
layout.h::layout::harvestUsingAlias	1	0	0	6	5	25
layout.h::layout::harvestValueConstant	1	0	0	16	15	44
layout.h::layout::intFamilySize	2	0	0	16	15	53
layout.h::layout::isCFamilyPath	2	0	0	4	4	19
layout.h::layout::lastSegment	1	0	0	2	1	5
layout.h::layout::layoutContractBroken	2	0	0	3	3	11
layout.h::layout::leadsWith	0	0	0	3	2	4
layout.h::layout::lineOf	2	0	0	4	4	12
layout.h::layout::matchBracket	3	0	0	7	10	24
layout.h::layout::modelDef	0	0	0	1	0	1
layout.h::layout::modelDefFromSource	1	0	0	4	3	30
layout.h::layout::modelNonFieldStatement	2	0	0	14	15	55
layout.h::layout::modelStatement	2	0	0	10	13	25
layout.h::layout::parseDeclarator	2	0	0	17	17	72
layout.h::layout::peelExtents	4	1	5	9	16	37
layout.h::layout::primLookup	3	0	0	4	6	11
layout.h::layout::readDeclaredAlign	3	0	0	4	6	22
layout.h::layout::readHeadAttributes	2	0	0	13	14	42
layout.h::layout::resolveFieldType	0	0	0	1	0	2
layout.h::layout::resolveThroughAlias	2	0	0	9	10	30
layout.h::layout::scanFileForAsserts	3	0	0	5	8	22
layout.h::layout::scoreAsserts	2	0	0	6	9	23
layout.h::layout::siteSpell	0	0	0	1	0	1
layout.h::layout::sizeNestedAggregate	2	0	0	15	21	61
layout.h::layout::skipInert	3	0	0	17	19	37
layout.h::layout::splitDeclarators	2	0	0	14	13	44
layout.h::layout::squeeze	2	0	0	3	3	13
layout.h::layout::takeQualifiedIdent	2	0	0	9	8	16
layout.h::layout::typeWords	3	0	0	11	20	43
layout.h::layout::walkAggregateBody	3	0	0	11	19	22
layout.h::layout::walkBrace	2	0	0	15	13	39
layout.h::layout::walkDirective	2	0	0	9	10	26
layout.h::layout::wholeIntLiteral	2	0	0	7	7	23
layout.h::layout::withoutComments	4	1	4	7	14	29
layout.h::layout::writeLayout	4	1	1	18	31	79
layout.h::layout::writeLayoutDef	2	0	0	15	21	62
lexical.h::rw::adaptiveCut	2	0	0	14	19	83
lexical.h::rw::chooseForRanker	3	0	0	29	39	115
lexical.h::rw::fileSymbolIds	0	0	0	1	0	1
lexical.h::rw::in	0	0	0	1	0	1
lexical.h::rw::isRouteStopword	2	0	0	3	3	14
lexical.h::rw::lexicalScores	0	0	0	1	0	7
lexical.h::rw::lexicalScoresNameExact	0	0	0	1	0	4
lexical.h::rw::lexicalScoresNameExactTiered	4	2	5	35	61	139
lexical.h::rw::lexicalScoresTiered	6	16	85	95	239	515
lexical.h::rw::out	0	0	0	1	0	1
lexical.h::rw::routeLower	2	0	0	4	4	12
lexical.h::rw::subtokens	2	0	0	14	15	21
lexical.h::rw::uniqueHash	0	0	0	1	0	1
lexindex.h::rw::buildDefLexStats	3	0	0	6	7	47
lexindex.h::rw::docCommentStart	2	0	0	17	18	34
lexindex.h::rw::forEachLexSubtoken	3	0	0	13	16	26
lexindex.h::rw::forEachLexSubtokenHashed	3	0	0	15	19	34
lexindex.h::rw::lexSigBit	0	0	0	1	0	1
lexindex.h::rw::lexSigWord	0	0	0	1	0	1
lexindex.h::rw::lexSubtokenHash	1	0	0	4	3	9
lintrules.h::lintdetail::collapseEnclosed	3	0	0	13	24	51
lintrules.h::lintdetail::contains	0	0	0	2	1	4
lintrules.h::lintdetail::coversOrEquals	0	0	0	2	1	4
lintrules.h::lintdetail::indentOf	1	0	0	4	3	9
lintrules.h::lintdetail::ltrim	1	0	0	4	3	8
lintrules.h::lintdetail::rtrim	1	0	0	6	3	8
lintrules.h::lintdetail::trim	0	0	0	1	0	1
lintrules.h::lintdetail::unquote	1	0	0	6	5	8
lintrules.h::rw::dependencyCapable	1	0	0	18	1	14
lintrules.h::rw::dependencyCapableMask	2	0	0	3	3	9
lintrules.h::rw::errorMaskBlockIsEmpty	2	0	0	6	4	12
lintrules.h::rw::findErrorMasking	3	0	0	12	18	59
lintrules.h::rw::isValidSeverity	2	0	0	3	3	11
lintrules.h::rw::it	1	0	0	8	7	20
lintrules.h::rw::langFromToken	2	0	0	3	3	28
lintrules.h::rw::langOfPath	2	0	0	5	5	38
lintrules.h::rw::loadLintRules	3	0	0	15	23	66
lintrules.h::rw::parseLintRuleFile	5	2	5	57	101	245
lintrules.h::rw::runLintRules	4	3	6	38	71	187
main.cpp::AnchorKey::operator&lt;	0	0	0	1	0	4
main.cpp::accumulateExternalSurface	2	0	0	11	17	41
main.cpp::buildExternalSurfaceRows	3	0	0	6	10	29
main.cpp::buildHistoryIndex	1	0	0	3	2	14
main.cpp::byFile	0	0	0	1	0	1
main.cpp::children	0	0	0	1	0	1
main.cpp::churnRankedGraph	2	0	0	7	8	35
main.cpp::cloneAgeDays	1	0	0	3	2	10
main.cpp::cloneUnpagedTotalAttr	1	0	0	2	1	10
main.cpp::coMinRecurAttr	1	0	0	2	1	9
main.cpp::collectUseSites	2	0	0	16	23	51
main.cpp::communityPresentation	3	0	0	11	20	56
main.cpp::computeDirModules	2	0	0	4	5	22
main.cpp::computeLensRanking	4	3	12	43	76	174
main.cpp::coupling	0	0	0	1	0	1
main.cpp::deadCodeFilterMatchesPath	2	0	0	11	12	25
main.cpp::deadCodeStripDotSlash	1	0	0	4	2	8
main.cpp::dedupeLintFindings	3	0	0	12	19	55
main.cpp::defaultCachePath	1	0	0	4	3	11
main.cpp::doctorBinaryPathVerdictAttr	1	0	0	4	3	15
main.cpp::doctorCacheDirHint	1	0	0	2	1	10
main.cpp::doctorCacheStats	3	0	0	20	32	55
main.cpp::doctorGitHint	1	0	0	2	1	9
main.cpp::doctorGrammarsHint	1	0	0	2	1	11
main.cpp::doctorPopenTrim	0	0	0	1	0	4
main.cpp::doctorProbeGrammars	3	0	0	6	12	46
main.cpp::doctorTrackedBinariesHint	1	0	0	3	2	10
main.cpp::emitCandidates	2	0	0	6	7	35
main.cpp::emitClonesReport	3	0	0	25	41	113
main.cpp::emitCochangeGroups	3	0	0	6	10	39
main.cpp::emitCochangePairs	3	0	0	4	6	32
main.cpp::emitCommunitiesReport	3	0	0	14	22	124
main.cpp::emitCommunityDrill	3	0	0	18	27	106
main.cpp::emitForLensJson	2	0	0	17	19	133
main.cpp::emitGrepReport	3	0	0	15	20	121
main.cpp::exercisesHarnessAttr	1	0	0	2	1	11
main.cpp::exercisesHarnessKind	2	0	0	6	6	17
main.cpp::finishTokenBudgetGate	3	0	0	7	10	30
main.cpp::forLensHeaderText	1	0	0	4	4	31
main.cpp::forLensJsonHeader	1	0	0	7	6	34
main.cpp::forLensNotesStanza	1	0	0	2	1	8
main.cpp::ford	0	0	0	1	0	1
main.cpp::gitChangedFiles	2	0	0	4	4	19
main.cpp::gitChurnCounts	1	0	0	5	4	30
main.cpp::hotspotWorstFnOf	1	0	0	2	1	9
main.cpp::inconsistentReturnLine	3	0	0	31	37	68
main.cpp::isAccessorName	2	0	0	7	7	16
main.cpp::isConstantInitializerNumber	2	0	0	10	9	24
main.cpp::isGitUrl	1	0	0	6	3	8
main.cpp::isHeaderPath	1	0	0	5	2	10
main.cpp::isJsonShapeModifier	2	0	0	3	3	12
main.cpp::isUniversalOrAllowlistedNumber	2	0	0	22	17	48
main.cpp::isolateStats	2	0	0	11	15	50
main.cpp::it	0	0	0	1	0	1
main.cpp::jsonUnsupportedVerb	2	0	0	72	72	299
main.cpp::laneCorpusStats	1	0	0	3	2	16
main.cpp::line	0	0	0	1	0	1
main.cpp::lintSymbolLevelChecks	4	5	8	48	87	176
main.cpp::main	6	19	76	211	379	1061
main.cpp::members	0	0	0	1	0	1
main.cpp::mergeAtomsPack	1	0	0	4	3	8
main.cpp::mergeNamingLens	1	0	0	2	1	7
main.cpp::mineChurnPerFile	3	0	0	7	11	26
main.cpp::noBaselineFatalMessage	1	0	0	3	2	17
main.cpp::nonIsolatedModuleCount	2	0	0	3	3	12
main.cpp::openTokenBudgetBuffer	1	0	0	3	2	14
main.cpp::opensLambdaBody	2	0	0	14	13	36
main.cpp::order	0	0	0	1	0	1
main.cpp::orderFilesByBestSymbolRank	2	0	0	3	3	14
main.cpp::parseExpandToken	3	0	0	15	18	69
main.cpp::printJsonSymbolRows	2	0	0	3	3	9
main.cpp::probe	0	0	0	1	0	1
main.cpp::r	0	0	0	1	0	1
main.cpp::readBriefFile	2	0	0	7	8	28
main.cpp::readTraceText	2	0	0	5	5	21
main.cpp::refuseUsesFileQualifier	0	0	0	1	0	6
main.cpp::resolveRemoteRoot	2	0	0	12	11	62
main.cpp::resolveUsesSelector	1	0	0	4	4	17
main.cpp::runAbiCheck	2	0	0	5	6	24
main.cpp::runAffected	3	0	0	8	13	57
main.cpp::runArchViews	4	8	42	48	112	326
main.cpp::runAround	3	0	0	12	21	81
main.cpp::runCallHierarchy	5	2	8	21	51	129
main.cpp::runChangeViews	6	9	59	50	142	291
main.cpp::runCommunities	1	0	0	2	1	8
main.cpp::runCommunityDrill	1	0	0	3	2	14
main.cpp::runConnect	3	0	0	9	17	64
main.cpp::runCrossRef	3	0	0	25	46	118
main.cpp::runDefaultMap	4	2	8	102	170	650
main.cpp::runDmm	1	0	0	4	3	24
main.cpp::runDocDrift	1	0	0	4	3	21
main.cpp::runDoctor	3	0	0	29	39	188
main.cpp::runEditCheck	1	0	0	4	3	34
main.cpp::runEvalViews	1	0	0	5	4	41
main.cpp::runExercises	2	0	0	8	8	74
main.cpp::runExternalSurface	3	0	0	6	10	51
main.cpp::runFieldAffinity	1	0	0	6	4	34
main.cpp::runFlip	4	1	1	7	12	36
main.cpp::runForLens	4	9	27	68	163	577
main.cpp::runFromTrace	2	0	0	8	8	46
main.cpp::runGraphQuery	3	0	0	7	12	80
main.cpp::runGrep	1	0	0	2	1	8
main.cpp::runImpact	3	0	0	8	14	86
main.cpp::runLayout	2	0	0	7	8	46
main.cpp::runLint	5	34	160	110	287	557
main.cpp::runMaintenanceViews	4	7	24	76	174	524
main.cpp::runMentions	4	1	4	7	14	65
main.cpp::runMergeScout	3	0	0	5	9	34
main.cpp::runNotes	4	2	5	26	54	175
main.cpp::runPackTask	2	0	0	13	16	122
main.cpp::runPath	3	0	0	14	25	73
main.cpp::runPlanLanes	2	0	0	10	14	89
main.cpp::runQualityDelta	6	15	77	73	197	392
main.cpp::runQualityPanel	1	0	0	4	3	21
main.cpp::runQualityViews	4	3	6	39	78	246
main.cpp::runStructureText	5	11	32	84	209	482
main.cpp::runTargetedViews	3	0	0	16	32	128
main.cpp::runUses	3	0	0	16	28	127
main.cpp::runZoom	6	11	49	45	141	246
main.cpp::runners	0	0	0	1	0	1
main.cpp::selfExecutablePath	3	0	0	16	24	58
main.cpp::sortLintRows	2	0	0	5	8	11
main.cpp::tree_sitter_bash	0	0	0	1	0	1
main.cpp::tree_sitter_cpp	0	0	0	1	0	1
main.cpp::tree_sitter_go	0	0	0	1	0	1
main.cpp::tree_sitter_java	0	0	0	1	0	1
main.cpp::tree_sitter_javascript	0	0	0	1	0	1
main.cpp::tree_sitter_json	0	0	0	1	0	1
main.cpp::tree_sitter_objc	0	0	0	1	0	1
main.cpp::tree_sitter_python	0	0	0	1	0	1
main.cpp::tree_sitter_ruby	0	0	0	1	0	1
main.cpp::tree_sitter_rust	0	0	0	1	0	1
main.cpp::tree_sitter_swift	0	0	0	1	0	1
main.cpp::tree_sitter_tsx	0	0	0	1	0	1
main.cpp::tree_sitter_typescript	0	0	0	1	0	1
main.cpp::ts	0	0	0	1	0	1
main.cpp::usesChosenCallers	3	0	0	5	8	22
main.cpp::w	0	0	0	1	0	1
main.cpp::warnReportVerbPrecedence	2	0	0	6	8	57
main.cpp::whereisIndexDefSites	2	0	0	3	3	12
mcp.h::rw::dispatchMcpLine	7	14	61	220	422	1099
mcp.h::rw::isMcpEditVerb	2	0	0	3	3	12
mcp.h::rw::isMcpProtocolVersionSupported	2	0	0	3	3	11
mcp.h::rw::mcpCanonRoot	1	0	0	2	1	9
mcp.h::rw::mcpEditVerbCount	2	0	0	3	3	13
mcp.h::rw::mcpPathInsideRoot	1	0	0	5	4	14
mcp.h::rw::runMcp	3	0	0	11	18	75
mcpedit.h::EditLock::EditLock	2	0	0	6	7	23
mcpedit.h::EditLock::operator=	0	0	0	1	0	1
mcpedit.h::mcpedit::applyEdit	2	0	0	7	9	43
mcpedit.h::mcpedit::atomicWrite	2	0	0	12	13	47
mcpedit.h::mcpedit::editLockPath	1	0	0	2	1	11
mcpedit.h::mcpedit::nearestNames	2	0	0	11	16	39
mcpedit.h::mcpedit::resolveOneForEdit	4	1	4	15	25	82
mcpedit.h::rw::editLock	0	0	0	1	0	1
mcpedit.h::rw::runEditVerb	2	0	0	18	19	133
mcpindex.h::FsWatcher::FsWatcher	0	0	0	1	0	1
mcpindex.h::FsWatcher::arm	3	0	0	6	9	33
mcpindex.h::FsWatcher::drainHadEvent	2	0	0	6	8	32
mcpindex.h::FsWatcher::operator=	0	0	0	1	0	1
mcpindex.h::FsWatcher::reset	2	0	0	4	4	17
mcpindex.h::mcpdetail::byteHash	1	0	0	2	1	6
mcpindex.h::mcpdetail::collectDirMtimes	3	0	0	13	21	52
mcpindex.h::mcpdetail::indexContentHash	2	0	0	5	7	21
mcpindex.h::mcpdetail::it	0	0	0	1	0	1
mcpindex.h::mcpdetail::makeHandle	0	0	0	1	0	9
mcpindex.h::mcpdetail::mtimeNsOf	0	0	0	4	1	10
mcpindex.h::mcpdetail::mtimeOf	1	0	0	2	1	9
mcpindex.h::mcpdetail::parseHandle	3	0	0	10	13	40
mcpindex.h::mcpdetail::readFileBytes	1	0	0	4	3	24
mcpindex.h::mcpdetail::stableHandleId	1	0	0	2	1	10
mcpindex.h::mcpdetail::statOf	1	0	0	2	1	9
mcpindex.h::mcpdetail::str64	0	0	0	1	0	1
mcpindex.h::rw::getIndex	5	1	7	20	37	136
mcpindex.h::rw::gitHeadMoveToken	3	0	0	23	33	82
mcpindex.h::rw::handleFor	1	0	0	4	3	12
mcpindex.h::rw::ingestLk	0	0	0	1	0	1
mcpindex.h::rw::invalidateMcpIndex	0	0	0	1	0	4
mcpindex.h::rw::maybePrefetchHeadSnapshot	2	0	0	9	10	50
mcpindex.h::rw::mcpCachePath	1	0	0	2	1	9
mcpindex.h::rw::mcpIndexSlot	0	0	0	1	0	5
mcpindex.h::rw::mcpPrefetchInFlight	0	0	0	1	0	1
mcpindex.h::rw::mcpPrefetchLastToken	0	0	0	1	0	1
mcpindex.h::rw::mcpPrefetchMinFiles	3	0	0	3	5	17
mcpindex.h::rw::mcpPrefetchSpawnCount	0	0	0	1	0	1
mcpindex.h::rw::mcpRebuildCounter	0	0	0	1	0	5
mcpindex.h::rw::mcpStale	3	0	0	9	13	33
mcpindex.h::rw::mcpWorkspaceKey	1	0	0	5	4	14
mcpindex.h::rw::mcpWorkspaceRegistry	0	0	0	1	0	5
mcpindex.h::rw::resolveHandle	0	0	0	1	0	5
mcpindex.h::rw::resolveHandleAll	3	0	0	5	8	21
mcpindex.h::rw::workingSetHashOf	2	0	0	4	4	20
mcpjson.h::mcpdetail::appendUtf8	1	0	0	4	4	13
mcpjson.h::mcpdetail::arrayObjects	3	0	0	9	16	37
mcpjson.h::mcpdetail::arrayStrings	3	0	0	8	14	32
mcpjson.h::mcpdetail::checkFrame	3	0	0	22	30	69
mcpjson.h::mcpdetail::containerSpanAt	3	0	0	9	14	36
mcpjson.h::mcpdetail::decodeStringAt	4	1	5	28	24	52
mcpjson.h::mcpdetail::findArray	0	0	0	1	0	4
mcpjson.h::mcpdetail::findKeyValuePos	2	0	0	3	4	14
mcpjson.h::mcpdetail::findObject	0	0	0	1	0	4
mcpjson.h::mcpdetail::findRawId	4	1	4	34	42	103
mcpjson.h::mcpdetail::findRawValue	3	0	0	15	16	49
mcpjson.h::mcpdetail::findString	0	0	0	1	0	4
mcpjson.h::mcpdetail::forEachTopLevelKey	2	0	0	17	26	52
mcpjson.h::mcpdetail::hex4	2	0	0	9	10	30
mcpjson.h::mcpdetail::jsonEscape	0	0	0	1	0	4
mcpjson.h::mcpdetail::objectKeys	1	0	0	1	0	10
mcpjson.h::mcpdetail::parseWholeInt	2	0	0	10	11	34
mcpjson.h::mcpdetail::stringEnd	0	0	0	1	0	4
mcprefusal.h::rw::mcprefuse::badValueRefusal	2	0	0	3	3	16
mcprefusal.h::rw::mcprefuse::blankPayloadClause	1	0	0	4	3	13
mcprefusal.h::rw::mcprefuse::cappedEcho	1	0	0	4	3	14
mcprefusal.h::rw::mcprefuse::declaredFieldsFor	3	0	0	11	18	41
mcprefusal.h::rw::mcprefuse::editPayloadField	2	0	0	4	4	11
mcprefusal.h::rw::mcprefuse::fieldDescriptionFor	2	0	0	8	10	23
mcprefusal.h::rw::mcprefuse::fileNotFound	2	0	0	10	12	31
mcprefusal.h::rw::mcprefuse::frameRefusal	2	0	0	4	5	19
mcprefusal.h::rw::mcprefuse::inputSchemaFor	3	0	0	15	23	79
mcprefusal.h::rw::mcprefuse::isFieldAccepted	2	0	0	4	4	15
mcprefusal.h::rw::mcprefuse::joinClauses	2	0	0	3	3	13
mcprefusal.h::rw::mcprefuse::jsonTypeFragmentFor	5	1	9	7	18	33
mcprefusal.h::rw::mcprefuse::mcpPayloadTablesAreComplete	3	0	0	8	13	30
mcprefusal.h::rw::mcprefuse::mcpSingleRootVerbsAreKnown	3	0	0	5	8	16
mcprefusal.h::rw::mcprefuse::missingEnvelopeField	2	0	0	3	3	12
mcprefusal.h::rw::mcprefuse::missingFieldRefusal	3	0	0	13	19	57
mcprefusal.h::rw::mcprefuse::missingPathRefusal	0	0	0	1	0	6
mcprefusal.h::rw::mcprefuse::nearestName	2	0	0	7	8	17
mcprefusal.h::rw::mcprefuse::notFound	1	0	0	4	3	12
mcprefusal.h::rw::mcprefuse::notFoundHintFor	2	0	0	5	4	11
mcprefusal.h::rw::mcprefuse::payloadNoun	2	0	0	3	3	11
mcprefusal.h::rw::mcprefuse::rootRefusal	1	0	0	2	1	9
mcprefusal.h::rw::mcprefuse::schemaEscape	0	0	0	1	0	1
mcprefusal.h::rw::mcprefuse::singleRootReason	2	0	0	3	3	11
mcprefusal.h::rw::mcprefuse::singleRootRefusal	0	0	0	1	0	5
mcprefusal.h::rw::mcprefuse::toolMetadataFor	2	0	0	5	5	19
mcprefusal.h::rw::mcprefuse::unknownFieldRefusal	1	0	0	3	2	14
mcprefusal.h::rw::mcprefuse::unknownVerbRefusal	1	0	0	4	3	19
mcpserver.h::mcphttp::acceptsMcpResponseTypes	0	0	0	2	1	4
mcpserver.h::mcphttp::bearerCredential	1	0	0	3	2	14
mcpserver.h::mcphttp::constantTimeEquals	1	0	0	3	2	13
mcpserver.h::mcphttp::hasMediaType	2	0	0	6	9	23
mcpserver.h::mcphttp::iEquals	2	0	0	4	4	15
mcpserver.h::mcphttp::isAllowedOrigin	1	0	0	5	4	17
mcpserver.h::mcphttp::isJsonContentType	1	0	0	2	1	8
mcpserver.h::mcphttp::isLoopbackHost	0	0	0	3	1	4
mcpserver.h::mcphttp::jsonRpcError	0	0	0	1	0	5
mcpserver.h::mcphttp::readRequest	5	8	19	40	81	152
mcpserver.h::mcphttp::respond	0	0	0	1	0	14
mcpserver.h::mcphttp::sendAll	2	0	0	3	3	14
mcpserver.h::mcphttp::trim	1	0	0	8	6	13
mcpserver.h::rw::runMcpHttp	4	1	1	52	79	250
mcpverbs.h::connectemit::rebuildFromLegs	4	3	6	18	40	79
mcpverbs.h::rw::analyzeToString	2	0	0	3	4	14
mcpverbs.h::rw::batchCdata	2	0	0	3	3	15
mcpverbs.h::rw::batchKnownVerbs	0	0	0	1	0	6
mcpverbs.h::rw::batchPageRefusal	1	0	0	4	3	8
mcpverbs.h::rw::batchText	3	0	0	9	15	45
mcpverbs.h::rw::captureXml	1	0	0	3	2	16
mcpverbs.h::rw::cochangePartnersJson	2	0	0	7	9	35
mcpverbs.h::rw::computeQualityDelta	3	0	0	4	6	56
mcpverbs.h::rw::connectEstTokens	0	0	0	1	0	5
mcpverbs.h::rw::connectText	2	0	0	7	7	30
mcpverbs.h::rw::docDriftText	1	0	0	1	0	6
mcpverbs.h::rw::editCheckText	1	0	0	3	2	27
mcpverbs.h::rw::exemplarText	2	0	0	12	14	68
mcpverbs.h::rw::fetchBody	4	3	12	42	72	224
mcpverbs.h::rw::flagsText	1	0	0	1	0	6
mcpverbs.h::rw::flipText	1	0	0	2	1	8
mcpverbs.h::rw::forTaskText	3	0	0	32	42	193
mcpverbs.h::rw::fromTraceText	1	0	0	5	4	30
mcpverbs.h::rw::grepHitsJson	2	0	0	8	9	56
mcpverbs.h::rw::impactText	2	0	0	6	6	53
mcpverbs.h::rw::ingestLk	0	0	0	1	0	1
mcpverbs.h::rw::isMcpMultiRootPath	0	0	0	2	1	5
mcpverbs.h::rw::known	0	0	0	1	0	1
mcpverbs.h::rw::legoText	1	0	0	4	3	29
mcpverbs.h::rw::lensSurfaceIds	0	0	0	1	0	1
mcpverbs.h::rw::mcpArrayArg	3	0	0	11	18	48
mcpverbs.h::rw::mcpBaselineMarker	1	0	0	4	3	14
mcpverbs.h::rw::mcpIntArg	1	0	0	5	3	17
mcpverbs.h::rw::mcpObjectArg	1	0	0	9	5	17
mcpverbs.h::rw::mcpPageArgs	1	0	0	3	2	16
mcpverbs.h::rw::mcpRootDirRefusal	1	0	0	4	3	14
mcpverbs.h::rw::mcpRootRefusal	3	0	0	5	7	16
mcpverbs.h::rw::mcpStringArg	1	0	0	3	2	13
mcpverbs.h::rw::mcpUnknownFieldRefusal	2	0	0	4	4	17
mcpverbs.h::rw::mentionsJson	3	0	0	7	10	42
mcpverbs.h::rw::ownersText	2	0	0	9	9	82
mcpverbs.h::rw::packConnect	5	3	20	32	75	162
mcpverbs.h::rw::packTaskText	3	0	0	20	29	84
mcpverbs.h::rw::pathEndpointRefusal	2	0	0	11	11	42
mcpverbs.h::rw::pathText	1	0	0	11	10	51
mcpverbs.h::rw::qualifiedSelectorRefusal	1	0	0	5	4	22
mcpverbs.h::rw::qualityAcksPath	0	0	0	1	0	1
mcpverbs.h::rw::qualityBaselineJson	1	0	0	3	2	23
mcpverbs.h::rw::qualityBaselinePath	0	0	0	1	0	1
mcpverbs.h::rw::qualityDeltaJson	4	1	2	22	40	90
mcpverbs.h::rw::recallText	1	0	0	3	2	18
mcpverbs.h::rw::runBatchSub	3	0	0	61	98	293
mcpverbs.h::rw::runners	0	0	0	1	0	1
mcpverbs.h::rw::situationDiffJson	2	0	0	16	23	150
mcpverbs.h::rw::sliceBodyLinesOrError	4	1	4	21	29	64
mcpverbs.h::rw::strayContentText	1	0	0	2	1	9
mcpverbs.h::rw::symbolQueryJson	3	0	0	8	11	67
mcpverbs.h::rw::unknownSubVerbRefusal	1	0	0	3	2	16
mcpverbs.h::rw::usesSelectorRefusal	2	0	0	9	11	35
mcpverbs.h::rw::usesText	2	0	0	16	23	80
mcpverbs.h::rw::whereisText	1	0	0	2	1	10
mention.h::mention_detail::baseNameOf	1	0	0	2	1	5
mention.h::mention_detail::dirSuffixMatches	3	0	0	8	11	28
mention.h::mention_detail::extractMentions	5	2	9	42	73	97
mention.h::mention_detail::isIdentChar	0	0	0	7	4	4
mention.h::mention_detail::isIndexBaseName	0	0	0	6	1	5
mention.h::mention_detail::isTokenChar	0	0	0	4	1	1
mention.h::mention_detail::liftPackageDirMention	2	0	0	6	7	15
mention.h::mention_detail::pathSuffixMatches	2	0	0	8	10	44
mention.h::mention_detail::stripExt	1	0	0	3	2	5
mention.h::rw::applyDocMentionBoost	3	0	0	19	29	66
mention.h::rw::applyMentionBoost	5	4	18	43	77	155
mention.h::rw::collapseMentionsToFileRows	2	0	0	3	4	21
mention.h::rw::order	0	0	0	1	0	1
mergescout.h::TreeIndexMemo::TreeIndexMemo	0	0	0	1	0	3
mergescout.h::TreeIndexMemo::get	2	0	0	4	4	15
mergescout.h::TreeIndexMemo::reserve	0	0	0	1	0	1
mergescout.h::mergescout::buildTreeIndex	2	0	0	4	4	20
mergescout.h::mergescout::computeMergeScout	2	0	0	12	13	79
mergescout.h::mergescout::computeNamedArm	1	0	0	2	1	12
mergescout.h::mergescout::computeOnePairOverlap	3	0	0	5	7	19
mergescout.h::mergescout::computeOverlaps	2	0	0	3	3	12
mergescout.h::mergescout::computeWorkingTreeArm	0	0	0	1	0	8
mergescout.h::mergescout::conflictScoreAgainstRemaining	2	0	0	7	8	20
mergescout.h::mergescout::diffTreeIndex	2	0	0	9	9	35
mergescout.h::mergescout::headChangedKeysSince	1	0	0	4	3	16
mergescout.h::mergescout::indexCommittish	1	0	0	5	4	22
mergescout.h::mergescout::intersectHeadChanged	2	0	0	4	4	17
mergescout.h::mergescout::landingOrder	2	0	0	4	4	19
mergescout.h::mergescout::memo	0	0	0	1	0	1
mergescout.h::mergescout::msCachePath	0	0	0	1	0	4
mergescout.h::mergescout::msExclHex	0	0	0	1	0	4
mergescout.h::mergescout::pickNextToLand	2	0	0	7	7	16
mergescout.h::mergescout::planHeadConflictLane	2	0	0	4	4	12
mergescout.h::mergescout::reserveHeadConflictLane	1	0	0	2	1	9
mergescout.h::mergescout::resolveAllRefs	2	0	0	4	5	17
mergescout.h::mergescout::resolveCommittish	0	0	0	1	0	4
mergescout.h::mergescout::resolveMergeBase	0	0	0	1	0	4
mergescout.h::mergescout::splitRefs	0	0	0	1	0	4
mergescout.h::mergescout::writeMergeScout	1	0	0	3	2	36
mergescout.h::mergescout::writeScoutArm	1	0	0	3	2	25
mergescout.h::mergescout::writeScoutLanding	2	0	0	4	4	18
mergescout.h::mergescout::writeScoutPair	1	0	0	4	3	13
mergescout.h::mergescout::writeSymRows	1	0	0	2	1	7
model.h::rw::diskPath	1	0	0	2	1	4
model.h::rw::httpMethodFromName	2	0	0	3	3	11
model.h::rw::httpMethodTag	1	0	0	2	1	5
model.h::rw::langTag	1	0	0	17	1	22
model.h::rw::localsCountedLang	0	0	0	2	1	4
model.h::rw::refRoleTag	1	0	0	7	1	12
model.h::rw::symTag	1	0	0	9	1	14
model.h::rw::symbolsByFile	2	0	0	5	5	16
namesplit.h::namesplit::stripTemplateArgs	0	0	0	1	0	1
namesplit.h::namesplit::stripTrailingGroup	3	0	0	11	17	32
namingconsistency.h::detail::out	0	0	0	1	0	1
namingconsistency.h::detail::titleCaseToken	1	0	0	3	2	9
namingconsistency.h::detail::upperToken	2	0	0	3	3	9
namingconsistency.h::namingconsistency::classifyConventionStyle	4	1	1	22	30	45
namingconsistency.h::namingconsistency::groupFor	2	0	0	4	4	11
namingconsistency.h::namingconsistency::groupIndexOf	2	0	0	4	4	15
namingconsistency.h::namingconsistency::kindBucketOf	1	0	0	2	1	4
namingconsistency.h::namingconsistency::kindBucketTag	1	0	0	2	1	1
namingconsistency.h::namingconsistency::recombineToStyle	3	0	0	10	12	26
namingconsistency.h::namingconsistency::scanNamingConsistency	3	0	0	12	21	71
namingconsistency.h::namingconsistency::styleTag	1	0	0	7	1	12
namingconsistency.h::namingconsistency::votingStyle	0	0	0	4	1	5
namingconsistency.h::namingconsistency::writeNamingConsistencyReport	2	0	0	11	13	66
naminglens.h::RuleSink::add	1	0	0	2	1	11
naminglens.h::RuleSink::tallyFor	2	0	0	3	3	11
naminglens.h::detail::buildNameCorpusStats	3	0	0	6	11	32
naminglens.h::detail::checkLocalNameShape	2	0	0	7	7	28
naminglens.h::detail::checkNameInformativeness	2	0	0	9	10	30
naminglens.h::detail::checkNameInformativenessInBytes	2	0	0	4	4	19
naminglens.h::detail::checkNameShape	2	0	0	7	8	25
naminglens.h::detail::checkNameShapeCore	3	0	0	32	30	71
naminglens.h::detail::checkRoleReturnTypes	1	0	0	11	10	26
naminglens.h::detail::checkScopeGroups	5	7	35	49	93	142
naminglens.h::detail::eligibleSymbol	1	0	0	12	10	24
naminglens.h::detail::isPythonDunder	0	0	0	3	1	4
naminglens.h::detail::namingLocalsGate	0	0	0	4	2	5
naminglens.h::detail::subtokenIdf	1	0	0	2	1	7
naminglens.h::detail::tokensAgree	1	0	0	5	4	12
naminglens.h::naminglens::appendNamingFindings	0	0	0	1	0	6
naminglens.h::naminglens::bareIdentifierOnly	2	0	0	16	12	23
naminglens.h::naminglens::digitSuffixBase	1	0	0	4	3	10
naminglens.h::naminglens::editDistanceCapped	3	0	0	8	11	37
naminglens.h::naminglens::namingEvaluableLang	0	0	0	3	1	4
naminglens.h::naminglens::namingLensChecks	0	0	0	1	0	1
naminglens.h::naminglens::ncAllAscii	2	0	0	3	3	11
naminglens.h::naminglens::ncAlnum	0	0	0	2	1	1
naminglens.h::naminglens::ncAlpha	0	0	0	2	1	1
naminglens.h::naminglens::ncAnyOf	0	0	0	1	0	4
naminglens.h::naminglens::ncBoolTypeName	0	0	0	1	0	4
naminglens.h::naminglens::ncCFamilyNonType	0	0	0	1	0	8
naminglens.h::naminglens::ncDigit	0	0	0	2	1	1
naminglens.h::naminglens::ncIdent	0	0	0	2	1	1
naminglens.h::naminglens::ncLower	0	0	0	2	1	1
naminglens.h::naminglens::ncUpper	0	0	0	2	1	1
naminglens.h::naminglens::ncWidthSuffix	1	0	0	2	1	10
naminglens.h::naminglens::predicatePrefixed	0	0	0	5	1	5
naminglens.h::naminglens::prefixedWithBoundary	1	0	0	5	3	9
naminglens.h::naminglens::returnTypeFromSignature	3	0	0	66	71	135
naminglens.h::naminglens::splitIdentifier	3	0	0	12	14	35
naminglens.h::naminglens::toLowerAscii	2	0	0	3	3	10
nonlocalstate.h::BitMatrix::init	0	0	0	1	0	5
nonlocalstate.h::BitMatrix::popcount	1	0	0	2	1	9
nonlocalstate.h::BitMatrix::set	0	0	0	1	0	8
nonlocalstate.h::BitMatrix::test	0	0	0	1	0	4
nonlocalstate.h::BitMatrix::unionInto	2	0	0	3	3	15
nonlocalstate.h::rw::nonlocal::collectAccesses	3	0	0	24	39	80
nonlocalstate.h::rw::nonlocal::computeNonLocalState	5	3	21	39	78	166
nonlocalstate.h::rw::nonlocal::discoverCells	4	1	1	34	59	148
nonlocalstate.h::rw::nonlocal::enclosingDecl	2	0	0	6	7	26
nonlocalstate.h::rw::nonlocal::forwardHops	4	1	5	8	15	32
nonlocalstate.h::rw::nonlocal::hop	0	0	0	1	0	1
nonlocalstate.h::rw::nonlocal::isAnalyzedLang	0	0	0	1	0	4
nonlocalstate.h::rw::nonlocal::prefixSaysImmutable	1	0	0	1	0	4
nonlocalstate.h::rw::nonlocal::propagateToCallers	3	0	0	10	15	38
nonlocalstate.h::rw::nonlocal::siteInScope	1	0	0	4	1	10
nonlocalstate.h::rw::nonlocal::writeNonLocalStateReport	5	2	2	16	32	79
notes.h::NoteIndex::empty	0	0	0	1	0	1
notes.h::NoteIndex::find	1	0	0	2	1	5
notes.h::rw::notes::addNote	2	0	0	9	6	24
notes.h::rw::notes::buildNoteIndex	1	0	0	2	1	13
notes.h::rw::notes::f	0	0	0	1	0	1
notes.h::rw::notes::isDecisionShaped	2	0	0	3	3	11
notes.h::rw::notes::loadNoteIndex	0	0	0	1	0	4
notes.h::rw::notes::normalizeNoteTarget	2	0	0	17	14	36
notes.h::rw::notes::noteLess	1	0	0	5	4	20
notes.h::rw::notes::noteLine	1	0	0	2	1	9
notes.h::rw::notes::notesPath	1	0	0	3	2	10
notes.h::rw::notes::readNotes	2	0	0	12	16	32
notes.h::rw::notes::readNotesRelative	1	0	0	2	1	10
notes.h::rw::notes::sanitizeField	2	0	0	6	5	16
notes.h::rw::notes::sanitizeNoteField	0	0	0	1	0	6
notes.h::rw::notes::shortSha	1	0	0	2	1	4
notes.h::rw::notes::sortNotes	0	0	0	1	0	4
notes.h::rw::notes::splitNoteTail	1	0	0	3	2	11
notes.h::rw::notes::writeNotes	1	0	0	3	2	12
ownersview.h::rw::countUniformOwnership	2	0	0	5	5	12
ownersview.h::rw::ownershipRowsToPrint	2	0	0	6	6	12
packtask.h::rw::buildD1Row	1	0	0	3	3	30
packtask.h::rw::buildMaskedRank	2	0	0	3	3	13
packtask.h::rw::collectNeighborsOf	2	0	0	6	6	11
packtask.h::rw::computeD1Neighbors	1	0	0	3	2	16
packtask.h::rw::d1ReadSrcCached	2	0	0	4	4	19
packtask.h::rw::jsonRunners	0	0	0	1	0	1
packtask.h::rw::packTaskBundleText	4	3	9	75	133	494
packtask.h::rw::packTaskHeaderText	1	0	0	3	3	52
packtask.h::rw::packTaskListSection	2	0	0	8	8	34
packtask.h::rw::packTaskOmittedBodiesJson	2	0	0	4	4	17
packtask.h::rw::packTaskRenderToString	1	0	0	3	2	10
packtask.h::rw::partitionByEligibility	2	0	0	6	6	9
packtask.h::rw::rawNeighborIdsOf	2	0	0	4	4	21
packtask.h::rw::renderD1CallerRows	1	0	0	2	1	13
packtask.h::rw::renderNameOnlyRows	1	0	0	2	1	17
packtask.h::rw::renderRankingWithFar	2	0	0	7	5	35
packtask.h::rw::resolveD1Signature	1	0	0	5	3	18
packtask.h::rw::runners	0	0	0	1	0	1
packtask.h::rw::sortNeighborsBySite	2	0	0	5	6	21
pagerank.cpp::probabilityMass	2	0	0	3	3	15
pagerank.cpp::rw::pageRankDouble	4	1	1	18	33	96
pagerank.h::rw::pageRankDouble	0	0	0	1	0	2
pageview.h::rw::computePageDisclosure	1	0	0	10	9	14
pageview.h::rw::effectiveRowCap	1	0	0	2	1	4
pageview.h::rw::pageDisclosure	2	0	0	5	6	22
pageview.h::rw::pageWindow	1	0	0	3	2	10
pageview.h::rw::pagingDisclosure	1	0	0	7	6	14
partition.h::packpartition::bins	0	0	0	1	0	1
partition.h::packpartition::groupKeyFor	2	0	0	6	6	11
partition.h::packpartition::groupSurfaceByCommunity	2	0	0	3	4	26
partition.h::packpartition::measureOverlap	3	0	0	12	18	54
partition.h::packpartition::packGroupsIntoBins	3	0	0	5	7	28
partition.h::packpartition::packTaskPartitionText	3	0	0	17	27	132
partition.h::packpartition::partitionSummaryAttrs	0	0	0	1	0	12
partition.h::packpartition::planPartition	3	0	0	11	14	65
partition.h::packpartition::renderMaskedBundle	1	0	0	2	1	17
partition.h::packpartition::sortedIntersectionSize	2	0	0	5	6	17
partition.h::packpartition::splitGroupsUpTo	2	0	0	3	3	21
partition.h::packpartition::widestSplittableGroup	2	0	0	5	5	12
prcontext.h::rw::gitDiffChangedMaskNumstat	3	0	0	7	9	52
prcontext.h::rw::isCommitSha	2	0	0	8	8	15
prcontext.h::rw::numstatChangedPaths	2	0	0	8	7	39
prcontext.h::rw::numstatRowPath	1	0	0	11	9	28
prcontext.h::rw::orderChangedFilesByImpact	1	0	0	2	1	10
prcontext.h::rw::pickPrTrimLevel	3	0	0	8	12	44
prcontext.h::rw::prAnchorAttr	1	0	0	3	2	13
prcontext.h::rw::prBudgetTail	0	0	0	1	0	8
prcontext.h::rw::prDirectionAttr	1	0	0	3	2	12
prcontext.h::rw::prRunners	0	0	0	1	0	1
prcontext.h::rw::prShownCap	1	0	0	3	2	5
prcontext.h::rw::resolveBaseRefSha	1	0	0	2	1	6
prcontext.h::rw::resolveDiffAnchor	1	0	0	5	4	36
prcontext.h::rw::resolveNumstatPath	1	0	0	6	3	17
prcontext.h::rw::splitDocSections	2	0	0	4	5	22
prcontext.h::rw::symsByFile	0	0	0	1	0	1
prcontext.h::rw::writeAnchorNote	1	0	0	2	1	14
prcontext.h::rw::writePrContext	6	14	77	41	138	322
prcontext.h::rw::writePrRootOpen	1	0	0	2	1	15
quality.h::BaselineSelection::isSidecarHonored	0	0	0	1	0	1
quality.h::BaselineSelection::isSidecarStale	0	0	0	1	0	1
quality.h::BaselineSelection::isStaleFileOnDisk	0	0	0	2	1	1
quality.h::Regression::isZeroMagnitude	0	0	0	2	1	1
quality.h::quality::ackKindToken	1	0	0	3	2	8
quality.h::quality::ackMapKey	0	0	0	1	0	6
quality.h::quality::acksPath	0	0	0	1	0	1
quality.h::quality::applyAckRatchet	1	0	0	3	2	16
quality.h::quality::atomicWriteQSnap	1	0	0	4	3	19
quality.h::quality::baselineCanonId	0	0	0	1	0	4
quality.h::quality::baselinePath	0	0	0	1	0	1
quality.h::quality::blobShardHex	0	0	0	1	0	6
quality.h::quality::bodyHashesBySym	3	0	0	16	29	71
quality.h::quality::cacheDirLadder	2	0	0	16	14	35
quality.h::quality::churnEditTouchesHotLine	2	0	0	9	12	46
quality.h::quality::cloneGroupHash	2	0	0	4	4	15
quality.h::quality::computeDelta	4	20	71	110	236	596
quality.h::quality::computeHeadSnapshot	2	0	0	18	20	102
quality.h::quality::computeSnapshot	0	0	0	1	0	1
quality.h::quality::computeWindowRefBodyHashes	1	0	0	9	8	70
quality.h::quality::deserializeRawCommitStream	3	0	0	15	21	72
quality.h::quality::deserializeSnapshot	3	0	0	33	36	116
quality.h::quality::diffHunksMemoized	1	0	0	2	1	9
quality.h::quality::displaySym	2	0	0	5	8	23
quality.h::quality::errorMaskCountsBySym	4	1	1	12	20	45
quality.h::quality::evictOldCacheFamily	4	1	7	38	67	163
quality.h::quality::evictOldHeadSnapCaches	0	0	0	1	0	5
quality.h::quality::evictOldQSnapCaches	0	0	0	1	0	5
quality.h::quality::exclConfigHex	1	0	0	2	1	14
quality.h::quality::extractionIdentityTag	0	0	0	1	0	4
quality.h::quality::f	0	0	0	1	0	1
quality.h::quality::gitBlameRangeHasWindowCommit	3	0	0	14	17	41
quality.h::quality::gitCoChangeAndChurnCached	1	0	0	5	4	36
quality.h::quality::gitCommitterDateIso	1	0	0	4	2	9
quality.h::quality::gitDiffHunksVsHead	2	0	0	13	14	35
quality.h::quality::gitHeadSha	0	0	0	1	0	4
quality.h::quality::gitIsAncestor	1	0	0	5	4	19
quality.h::quality::gitOneLine	0	0	0	1	0	4
quality.h::quality::gitRepoHasHistory	2	0	0	6	6	21
quality.h::quality::gitResolveCommitSha	1	0	0	4	3	9
quality.h::quality::gitWindowRefSha	1	0	0	4	3	24
quality.h::quality::headSnapCachePath	0	0	0	1	0	4
quality.h::quality::headSnapExclHex	0	0	0	1	0	4
quality.h::quality::headSnapRepoHex	1	0	0	3	2	12
quality.h::quality::headSnapshotIngestMutex	0	0	0	1	0	5
quality.h::quality::ingestLk	0	0	0	1	0	1
quality.h::quality::insertScratchSeen	1	0	0	2	1	10
quality.h::quality::is	0	0	0	1	0	1
quality.h::quality::isBareCommitSha	2	0	0	5	5	15
quality.h::quality::isDeadCandidate	1	0	0	11	8	33
quality.h::quality::isFixturePath	2	0	0	13	15	28
quality.h::quality::isPublicApi	1	0	0	6	3	12
quality.h::quality::isTestScriptPath	1	0	0	5	3	10
quality.h::quality::it	0	0	0	1	0	1
quality.h::quality::ln	0	0	0	1	0	1
quality.h::quality::materializeCommitTree	1	0	0	5	4	32
quality.h::quality::normalizeLegacyAckKind	1	0	0	3	2	8
quality.h::quality::popenTrimmed	1	0	0	7	5	20
quality.h::quality::probeSnapshotBlob	1	0	0	3	2	9
quality.h::quality::qbodyCachePath	0	0	0	1	0	4
quality.h::quality::qbodyExclHex	0	0	0	1	0	4
quality.h::quality::qsnapCachePath	0	0	0	1	0	4
quality.h::quality::qsnapExclHex	0	0	0	1	0	4
quality.h::quality::qsnapGet	1	0	0	2	1	10
quality.h::quality::qsnapPut	0	0	0	1	0	5
quality.h::quality::readAckRecords	2	0	0	16	21	46
quality.h::quality::readBaseline	3	0	0	30	30	91
quality.h::quality::readBaselineHeadSha	3	0	0	9	12	27
quality.h::quality::readQSnapBlob	1	0	0	6	5	30
quality.h::quality::resolveCacheBlobPath	1	0	0	4	3	19
quality.h::quality::rootQualifiedSidecar	1	0	0	3	2	9
quality.h::quality::selectBaseline	2	0	0	7	8	62
quality.h::quality::serializeRawCommitStream	2	0	0	3	3	21
quality.h::quality::serializeSnapshot	2	0	0	4	6	31
quality.h::quality::shaKeyedCachePath	0	0	0	1	0	8
quality.h::quality::sit	0	0	0	1	0	1
quality.h::quality::sweepStaleCacheBlobsOnce	1	0	0	2	1	11
quality.h::quality::writeAckRecords	2	0	0	4	4	14
quality.h::quality::writeBaseline	1	0	0	13	12	63
qualitypanel.h::detail::collectState	2	0	0	16	22	52
qualitypanel.h::detail::markUnavailable	0	0	0	1	0	4
qualitypanel.h::detail::rankColocation	2	0	0	8	7	27
qualitypanel.h::detail::unavailWhyList	0	0	0	1	0	4
qualitypanel.h::qpanel::computePanel	3	0	0	15	24	109
qualitypanel.h::qpanel::ensembleRowOf	0	0	0	1	0	1
qualitypanel.h::qpanel::familyList	0	0	0	1	0	4
qualitypanel.h::qpanel::familyName	1	0	0	2	1	5
qualitypanel.h::qpanel::parsePreset	2	0	0	3	3	12
qualitypanel.h::qpanel::presetRow	0	0	0	1	0	4
qualitypanel.h::qpanel::stateWhy	0	0	0	1	0	1
qualitypanel.h::qpanel::writePanelReport	3	0	0	13	18	94
query.h::Eval::Eval	0	0	0	1	0	2
query.h::Eval::accept	1	0	0	3	2	1
query.h::Eval::closure	5	2	10	15	33	49
query.h::Eval::expect	1	0	0	2	1	7
query.h::Eval::expr	4	1	4	25	30	83
query.h::Eval::fail	1	0	0	2	1	12
query.h::Eval::filterCx	1	0	0	2	1	6
query.h::Eval::filterFanin	1	0	0	2	1	7
query.h::Eval::filterFile	1	0	0	2	1	15
query.h::Eval::filterKind	1	0	0	1	0	5
query.h::Eval::ident	1	0	0	4	3	10
query.h::Eval::integer	1	0	0	6	5	17
query.h::Eval::join	1	0	0	3	3	18
query.h::Eval::peek	1	0	0	2	1	1
query.h::Eval::quoted	1	0	0	5	5	18
query.h::Eval::run	1	0	0	4	3	10
query.h::Eval::skipWs	1	0	0	3	2	7
query.h::Eval::sortUniq	0	0	0	1	0	5
query.h::Eval::sourceAll	1	0	0	2	1	9
query.h::Eval::sourceName	1	0	0	2	1	10
query.h::query::kindOfWord	1	0	0	8	7	11
readability.h::rw::computeReadability	3	0	0	15	28	109
readability.h::rw::fileBytes	0	0	0	1	0	1
readability.h::rw::halsteadRoleOf	1	0	0	6	1	12
readability.h::rw::posnettScore	0	0	0	1	0	6
readability.h::rw::writeReadabilityReport	1	0	0	4	3	37
recall.h::rw::buildRecall	4	1	1	17	28	144
recall.h::rw::classifyGeneratedDocs	2	0	0	14	17	47
recall.h::rw::closeOpenMarkdownFence	1	0	0	4	3	13
recall.h::rw::docByteSize	1	0	0	4	3	14
recall.h::rw::docFileMask	2	0	0	4	4	12
recall.h::rw::emitRecallBudgeted	4	1	4	6	11	36
recall.h::rw::formatDemotedNote	1	0	0	2	1	8
recall.h::rw::formatRecallCappedNote	2	0	0	5	6	25
recall.h::rw::formatRecallHeader	1	0	0	5	4	55
recall.h::rw::formatRecallSeparator	0	0	0	1	0	15
recall.h::rw::in	0	0	0	1	0	1
recall.h::rw::line	0	0	0	1	0	1
recall.h::rw::loadRecallBody	2	0	0	3	4	20
recall.h::rw::readDocPrefix	2	0	0	6	6	18
recall.h::rw::recallOrderLess	1	0	0	3	2	14
recall.h::rw::recallTopFiles	2	0	0	16	19	50
recall.h::rw::truncateRecallBody	1	0	0	2	1	14
recall.h::rw::withHeaderField	1	0	0	5	3	18
recall.h::rw::writeRecall	0	0	0	1	0	7
redact.h::RedactCounts::bump	0	0	0	1	0	1
redact.h::RedactCounts::total	1	0	0	2	1	9
redact.h::RedactTallyFreeze::RedactTallyFreeze	1	0	0	2	1	2
redact.h::RedactTallyFreeze::operator=	0	0	0	1	0	1
redact.h::redactdetail::buildFirstByteRuleMask	2	0	0	5	5	48
redact.h::redactdetail::enclosingLine	1	0	0	5	4	14
redact.h::redactdetail::lineNamesCredential	3	0	0	28	50	91
redact.h::rw::redactInPlace	1	0	0	3	2	12
redact.h::rw::redactSecrets	4	1	4	12	27	93
redact.h::rw::reportRedactions	2	0	0	6	7	28
renamemine.h::FileBytesCache::FileBytesCache	0	0	0	1	0	1
renamemine.h::FileBytesCache::get	2	0	0	3	3	12
renamemine.h::HunkBuffer::clear	0	0	0	1	0	6
renamemine.h::detail::firedRuleMask	2	0	0	3	3	20
renamemine.h::detail::foldHunk	3	0	0	10	16	46
renamemine.h::detail::renameSiteOf	2	0	0	12	10	32
renamemine.h::detail::ruleListOf	2	0	0	4	5	17
renamemine.h::detail::substituteIdentifier	2	0	0	7	9	28
renamemine.h::detail::voteKey	0	0	0	1	0	9
renamemine.h::renamemine::isGroupRule	0	0	0	2	1	4
renamemine.h::renamemine::mineRenamePairs	2	0	0	21	28	100
renamemine.h::renamemine::scoreRenamePairs	3	0	0	27	47	141
renamemine.h::renamemine::splitLine	2	0	0	10	11	29
renamemine.h::renamemine::writeNamingCalibrationReport	2	0	0	10	14	62
resolve.h::Narrower::Narrower	0	0	0	1	0	5
resolve.h::Narrower::appendUint	1	0	0	2	1	7
resolve.h::Narrower::receiverStaticType	2	0	0	9	9	25
resolve.h::Narrower::rule1ClassMember	1	0	0	9	8	31
resolve.h::Narrower::rule2RecvVarType	1	0	0	9	8	38
resolve.h::Narrower::rule3IncludeFile	3	0	0	18	26	73
resolve.h::rw::adj	0	0	0	1	0	1
resolve.h::rw::buildPreciseIncludeAdj	4	1	4	35	56	145
resolve.h::rw::canonicalId	1	0	0	2	1	11
resolve.h::rw::canonicalIdRelTo	0	0	0	1	0	4
resolve.h::rw::includeLangOf	2	0	0	4	4	37
resolve.h::rw::includerDir	1	0	0	2	1	5
resolve.h::rw::joinNormalizeLookup	3	0	0	23	26	72
resolve.h::rw::lexicalNormalize	3	0	0	15	22	57
resolve.h::rw::parseGoModReplaces	4	1	4	20	38	76
resolve.h::rw::parseTsconfigPaths	3	0	0	26	42	82
resolve.h::rw::pathIsUnder	1	0	0	4	2	8
resolve.h::rw::readConfigBytes	1	0	0	4	3	20
resolve.h::rw::resolveGoImport	3	0	0	28	40	91
resolve.h::rw::resolvePreciseInclude	4	4	20	23	39	72
resolve.h::rw::resolvePythonImport	2	0	0	16	20	72
resolve.h::rw::resolveRustImport	3	0	0	25	35	123
resolve.h::rw::resolveTsImport	4	2	8	30	55	118
resolve.h::rw::sharedLocality	2	0	0	11	10	29
resolve.h::rw::trans	0	0	0	1	0	1
resolve.h::rw::transitiveIncludeSet	4	1	6	5	10	31
resolve.h::rw::trimWs	1	0	0	9	6	12
scip.h::Reader::atEnd	0	0	0	1	0	1
scip.h::Reader::lenDelim	1	0	0	3	2	16
scip.h::Reader::ok	0	0	0	1	0	1
scip.h::Reader::skip	2	0	0	8	5	27
scip.h::Reader::tag	1	0	0	2	1	11
scip.h::Reader::varint	2	0	0	4	5	15
scip.h::rw::buildScipOverlay	4	1	1	35	60	153
scip.h::rw::loadScipOverlay	2	0	0	12	13	67
scip.h::rw::p	0	0	0	1	0	1
scip.h::rw::scipDecodeDocument	3	0	0	11	18	40
scip.h::rw::scipDecodeIndex	3	0	0	8	13	31
scip.h::rw::scipDecodeOccurrence	3	0	0	17	28	56
scip.h::rw::scipDecodeRangeStart	1	0	0	2	1	10
scip.h::rw::scipReadFile	1	0	0	6	5	21
scipoverlay.h::ScipOverlay::empty	0	0	0	1	0	1
scipoverlay.h::ScipOverlay::isPrecise	2	0	0	7	7	18
scipoverlay.h::ScipOverlay::targetsOf	2	0	0	8	8	22
search.h::RegexAnalyzer::RegexAnalyzer	0	0	0	1	0	1
search.h::RegexAnalyzer::analyze	1	0	0	2	1	11
search.h::RegexAnalyzer::eof	0	0	0	1	0	1
search.h::RegexAnalyzer::next	0	0	0	1	0	1
search.h::RegexAnalyzer::parseAlt	1	0	0	3	2	11
search.h::RegexAnalyzer::parseAtom	4	1	6	37	42	88
search.h::RegexAnalyzer::parseClass	4	2	8	27	47	72
search.h::RegexAnalyzer::parseConcat	2	0	0	7	7	18
search.h::RegexAnalyzer::parseRepeat	2	0	0	14	18	41
search.h::RegexAnalyzer::peek	0	0	0	1	0	1
search.h::RegexAnalyzer::unescape	1	0	0	8	1	4
search.h::TriQuery::all	0	0	0	1	0	1
search.h::TriQuery::none	0	0	0	1	0	1
search.h::TriQuery::trigram	0	0	0	1	0	1
search.h::rw::affixCross	3	0	0	9	10	25
search.h::rw::andOf	3	0	0	7	10	19
search.h::rw::catastrophicRegexConstruct	3	0	0	19	34	69
search.h::rw::catastrophicRegexMessage	0	0	0	1	0	13
search.h::rw::crossProduct	3	0	0	6	8	20
search.h::rw::dropExact	1	0	0	4	3	22
search.h::rw::fileRank	0	0	0	1	0	1
search.h::rw::fileSyms	0	0	0	1	0	1
search.h::rw::finishQuery	1	0	0	2	1	8
search.h::rw::grepCollect	3	0	0	30	49	143
search.h::rw::grepContextSlice	2	0	0	9	13	34
search.h::rw::grepEnrich	3	0	0	23	39	112
search.h::rw::grepHits	1	0	0	2	1	6
search.h::rw::grepLineRangeText	2	0	0	10	9	30
search.h::rw::grepMatchedLine	2	0	0	6	6	19
search.h::rw::grepRealLineCount	1	0	0	5	2	9
search.h::rw::grepScanText	3	0	0	9	19	46
search.h::rw::matchesOnlyEmpty	0	0	0	3	1	4
search.h::rw::nonPortableRegexEscape	2	0	0	9	12	32
search.h::rw::normSet	0	0	0	1	0	6
search.h::rw::orOf	3	0	0	7	10	19
search.h::rw::perFileSites	0	0	0	1	0	1
search.h::rw::regexCompileError	1	0	0	5	4	16
search.h::rw::regexGroupModifierLength	1	0	0	3	2	4
search.h::rw::regexQuantifierAt	1	0	0	19	16	45
search.h::rw::riAlternate	2	0	0	17	17	64
search.h::rw::riAnchor	0	0	0	1	0	1
search.h::rw::riAnyChar	0	0	0	1	0	4
search.h::rw::riCharSet	1	0	0	3	2	8
search.h::rw::riConcat	2	0	0	14	23	90
search.h::rw::riEmpty	0	0	0	1	0	4
search.h::rw::riLiteral	1	0	0	2	1	8
search.h::rw::riPlus	0	0	0	1	0	5
search.h::rw::riQuest	0	0	0	1	0	4
search.h::rw::riStar	0	0	0	1	0	4
search.h::rw::triAt	0	0	0	1	0	6
search.h::rw::triQueryMatchesText	3	0	0	10	11	32
search.h::rw::triQueryOfString	1	0	0	3	2	13
search.h::rw::triQueryOfStringSet	1	0	0	3	2	13
selectorrefuse.h::rw::definingFilesOf	2	0	0	3	3	13
selectorrefuse.h::rw::indexHasFileMatching	1	0	0	1	0	5
selectorrefuse.h::rw::selectorFaultClause	4	1	1	10	16	33
selectorrefuse.h::rw::selectorNotFoundMessage	0	0	0	1	0	5
serialize.h::TokenEstimate::bytesPerToken	1	0	0	2	1	4
serialize.h::XmlWriter::XmlWriter	0	0	0	1	0	1
serialize.h::XmlWriter::flush	2	0	0	3	3	15
serialize.h::XmlWriter::hadWriteError	0	0	0	1	0	1
serialize.h::XmlWriter::operator=	0	0	0	1	0	1
serialize.h::XmlWriter::write	2	0	0	4	5	16
serialize.h::rw::appendCdataSafe	2	0	0	8	8	14
serialize.h::rw::appendJsonMetricFields	1	0	0	3	2	8
serialize.h::rw::appendJsonNoteArray	3	0	0	8	11	35
serialize.h::rw::appendJsonStrField	0	0	0	1	0	6
serialize.h::rw::appendOneNote	2	0	0	3	3	13
serialize.h::rw::byFile	0	0	0	1	0	1
serialize.h::rw::bytesPerTokenFor	2	0	0	3	3	11
serialize.h::rw::candidatesRootTag	1	0	0	4	3	13
serialize.h::rw::ceilingAllowanceBytes	0	0	0	1	0	4
serialize.h::rw::ceilingAllowanceFromBudgetBytes	0	0	0	1	0	4
serialize.h::rw::chargeSection	1	0	0	3	2	19
serialize.h::rw::cleanSig	5	1	9	19	33	48
serialize.h::rw::climbCeilingLadder	1	0	0	5	4	20
serialize.h::rw::collapseOverloadRows	3	0	0	4	7	27
serialize.h::rw::collectJsonSigEntries	4	1	8	22	41	104
serialize.h::rw::collectedJsonNoteTotal	1	0	0	3	2	13
serialize.h::rw::compressBody	6	7	49	49	105	204
serialize.h::rw::ctxRootJsonScrubKeys	1	0	0	5	4	13
serialize.h::rw::ctxRootOpen	1	0	0	7	6	22
serialize.h::rw::ctxWrapFor	1	0	0	3	2	8
serialize.h::rw::docCommentBefore	3	0	0	67	74	130
serialize.h::rw::emitCalleeCallsBlock	2	0	0	12	15	59
serialize.h::rw::emitChargedSection	1	0	0	2	2	11
serialize.h::rw::escapeXml	4	1	4	15	14	36
serialize.h::rw::estimateExpandBodyTokens	4	3	12	24	48	114
serialize.h::rw::estimateTokens	2	0	0	8	12	47
serialize.h::rw::fileNoteTarget	1	0	0	2	1	4
serialize.h::rw::hw	0	0	0	1	0	1
serialize.h::rw::isChargeBufferFaultInjected	1	0	0	2	1	12
serialize.h::rw::jsonSigEntryCost	1	0	0	3	2	14
serialize.h::rw::jsonSigRowHead	1	0	0	16	11	38
serialize.h::rw::jsonStr	0	0	0	1	0	4
serialize.h::rw::legoContractCaveat	1	0	0	3	2	4
serialize.h::rw::legoImplementorsOnSurface	2	0	0	10	13	32
serialize.h::rw::legoMethodContractSound	0	0	0	2	1	4
serialize.h::rw::narrowLegoToRenderedSigs	3	0	0	13	24	62
serialize.h::rw::noteOmittedBody	1	0	0	2	1	7
serialize.h::rw::openChargeBuffer	1	0	0	2	1	8
serialize.h::rw::order	0	0	0	1	0	1
serialize.h::rw::overloadsAttr	1	0	0	2	1	4
serialize.h::rw::packBodies	5	5	45	36	88	249
serialize.h::rw::packBodiesJson	3	0	0	10	18	71
serialize.h::rw::packCandidates	4	1	4	10	17	80
serialize.h::rw::packCompose	2	0	0	10	12	41
serialize.h::rw::packDeps	5	4	14	54	106	238
serialize.h::rw::packGraphBlock	3	0	0	14	24	88
serialize.h::rw::packLego	5	7	32	36	82	140
serialize.h::rw::packOutline	5	4	16	26	63	125
serialize.h::rw::packRoutes	2	0	0	9	10	36
serialize.h::rw::packSignatures	6	16	73	94	197	437
serialize.h::rw::packSignaturesJson	2	0	0	21	26	112
serialize.h::rw::packSource	3	0	0	13	20	77
serialize.h::rw::pureFromSig	1	0	0	6	5	13
serialize.h::rw::rankByLegendFor	2	0	0	4	4	15
serialize.h::rw::relevant	0	0	0	1	0	1
serialize.h::rw::renderJsonSigRows	2	0	0	5	7	26
serialize.h::rw::renderNoteChildren	1	0	0	4	3	18
serialize.h::rw::scopedCanonicalId	1	0	0	2	1	6
serialize.h::rw::sectionWillEmit	0	0	0	3	2	4
serialize.h::rw::serialize	6	10	61	96	175	555
serialize.h::rw::serializeJson	5	2	6	49	82	238
serialize.h::rw::sigRowHead	2	0	0	5	6	33
serialize.h::rw::sliceBodyLines	2	0	0	13	13	54
serialize.h::rw::symbolNoteTarget	1	0	0	2	1	4
serialize.h::rw::tokensForEmittedBytes	0	0	0	1	0	5
serialize.h::rw::trimSigLadder	3	0	0	26	35	64
serialize.h::rw::truncateUtf8WithEllipsis	1	0	0	4	3	14
serialize.h::rw::w	0	0	0	1	0	1
serialize.h::rw::writeJsonMapHeader	3	0	0	9	13	56
serialize.h::rw::writeJsonMapStamp	2	0	0	10	12	68
serialize.h::rw::writeJsonQMetrics	2	0	0	19	18	49
serialize.h::rw::writeJsonStr	0	0	0	1	0	8
serialize.h::rw::xmlCommentText	2	0	0	8	11	20
serialize.h::rw::xmlControlCharRef	1	0	0	5	1	10
serialize.h::rw::xmlSafeByte	1	0	0	5	2	4
serialize.h::rw::xmlScrubIsLossy	2	0	0	8	8	21
siblift.h::rw::applySiblingLift	3	0	0	25	36	88
siblift.h::rw::s	0	0	0	1	0	1
siblift.h::rw::sibliftParams	2	0	0	17	17	32
siblift.h::siblift_detail::dirOf	1	0	0	2	1	5
situ.h::rw::changedMaskFromList	3	0	0	5	8	22
situ.h::rw::computeSituationFacts	4	1	4	30	46	136
situ.h::rw::computeTestGate	2	0	0	5	6	27
situ.h::rw::computeTestGateFor	3	0	0	13	19	55
situ.h::rw::computeTestGateForSymbols	2	0	0	5	6	19
situ.h::rw::gateRunners	0	0	0	1	0	1
situ.h::rw::gitDiffChangedMask	0	0	0	1	0	6
situ.h::rw::situRunners	0	0	0	1	0	1
situ.h::rw::situShowingNote	1	0	0	2	1	8
situ.h::rw::testSeedForwardReach	2	0	0	3	3	12
situ.h::rw::walkUntestedRows	1	0	0	2	1	8
situ.h::rw::writeSituation	4	1	4	29	42	141
situ.h::rw::writeTestGateReport	1	0	0	3	2	33
situ.h::rw::writeTestGateReportJson	2	0	0	6	7	33
skilleval.h::rw::fullOwned	0	0	0	1	0	1
skilleval.h::rw::needles	0	0	0	1	0	1
skilleval.h::rw::runEvalSkills	4	1	4	56	97	284
skilleval.h::rw::tally	0	0	0	1	0	1
skilleval.h::skilleval::bagOfText	1	0	0	2	1	8
skilleval.h::skilleval::binomialChoose	1	0	0	4	3	17
skilleval.h::skilleval::bm25Arm	3	0	0	6	12	26
skilleval.h::skilleval::buildBagStats	2	0	0	6	6	19
skilleval.h::skilleval::discoverSkills	2	0	0	6	10	34
skilleval.h::skilleval::in	0	0	0	1	0	1
skilleval.h::skilleval::oracleFireAbstain	4	2	2	10	21	34
skilleval.h::skilleval::outcomeOf	2	0	0	5	5	22
skilleval.h::skilleval::overlapArm	3	0	0	5	7	21
skilleval.h::skilleval::parseCorpus	4	3	7	23	48	78
skilleval.h::skilleval::parseProv	2	0	0	3	3	8
skilleval.h::skilleval::parseSkillMd	3	0	0	23	31	53
skilleval.h::skilleval::parseSplit	2	0	0	3	3	8
skilleval.h::skilleval::rankCandidates	2	0	0	3	3	11
skilleval.h::skilleval::readWholeFileText	1	0	0	2	1	11
skilleval.h::skilleval::reportMisses	3	0	0	8	12	34
skilleval.h::skilleval::reportSplit	3	0	0	13	28	50
skilleval.h::skilleval::separationAuc	4	1	1	7	12	16
skilleval.h::skilleval::splitTextLines	2	0	0	8	10	26
skilleval.h::skilleval::uniqueQueryTokens	0	0	0	1	0	7
skillscan.h::detail::buildExfilPatterns	0	0	0	1	0	41
skillscan.h::detail::buildFrontmatterPatterns	0	0	0	1	0	24
skillscan.h::detail::buildInjectionPatterns	1	0	0	1	0	18
skillscan.h::detail::hasTransmitVerb	0	0	0	1	0	5
skillscan.h::detail::isShownAsData	4	1	4	12	25	63
skillscan.h::detail::parseAllowedTools	3	0	0	20	25	50
skillscan.h::detail::ss	0	0	0	1	0	1
skillscan.h::detail::toolAllowed	2	0	0	3	3	11
skillscan.h::detail::trimRight	1	0	0	3	2	8
skillscan.h::rw::escapeXmlAttr	2	0	0	7	3	17
skillscan.h::rw::excerpt	0	0	0	1	0	1
skillscan.h::rw::f	0	0	0	1	0	1
skillscan.h::rw::printSkillScanArtifact	2	0	0	9	10	34
skillscan.h::rw::scanSkillFile	1	0	0	3	2	17
skillscan.h::rw::scanSkillFileChecked	1	0	0	4	3	23
skillscan.h::rw::scanSkillText	6	11	78	75	150	339
skillscan.h::rw::skillScanExitCode	2	0	0	5	6	16
skillscan.h::rw::skillSeverityAttr	2	0	0	3	3	13
skillscan.h::rw::skillSeverityStr	1	0	0	4	1	9
sortutil.h::rw::sortutil::lessByFromTo	1	0	0	2	1	8
sortutil.h::rw::sortutil::lessByScoreDescId	1	0	0	2	1	8
sortutil.h::rw::sortutil::nonNegativeFloatDescKey	1	0	0	2	1	9
sortutil.h::rw::sortutil::radixSortByFromTo	2	0	0	5	5	30
sortutil.h::rw::sortutil::radixSortByScoreDescId	2	0	0	14	15	62
sortutil.h::rw::sortutil::radixSortNonNegativeFloatsDesc	1	0	0	2	1	11
sortutil.h::rw::sortutil::radixSortUint32ByKey	1	0	0	2	1	10
sortutil.h::rw::sortutil::scratch	0	0	0	1	0	1
stdinline.h::rw::readByteSafeLine	2	0	0	3	3	23
svector.h::svector::begin	0	0	0	1	0	1
svector.h::svector::buf	1	0	0	2	1	1
svector.h::svector::end	0	0	0	1	0	1
svector.h::svector::grow	1	0	0	3	2	14
svector.h::svector::operator=	2	0	0	4	5	21
svector.h::svector::push_back	1	0	0	2	1	1
svector.h::svector::reserve	1	0	0	2	1	7
svector.h::svector::size	0	0	0	1	0	1
svector.h::svector::spilled	0	0	0	1	0	1
svector.h::svector::svector	0	0	0	1	0	1
testmap.h::TestRunnerIndex::TestRunnerIndex	2	0	0	4	4	11
testmap.h::TestRunnerIndex::commandFor	1	0	0	3	2	14
testmap.h::TestRunnerIndex::derive	2	0	0	6	7	27
testmap.h::TestRunnerIndex::loadTexts	2	0	0	4	4	16
testmap.h::TestRunnerIndex::runnerVerb	2	0	0	4	4	13
testmap.h::TestRunnerIndex::spell	1	0	0	2	1	9
testmap.h::TestRunnerIndex::stemOf	0	0	0	1	0	2
testmap.h::rw::affectedSeededBy	1	0	0	4	3	8
testmap.h::rw::exercisedSymbols	2	0	0	5	5	13
testmap.h::rw::resolveAffectedSeeds	4	1	4	10	21	52
testmap.h::rw::resolveExerciseSeeds	2	0	0	6	8	26
testmap.h::rw::runAttr	0	0	0	1	0	2
testmap.h::rw::runFieldJson	0	0	0	1	0	2
testmap.h::rw::runHint	1	0	0	2	1	10
testmap.h::rw::runSuffixText	1	0	0	1	0	2
testmap.h::rw::scriptGatesUnmodelledCount	2	0	0	5	4	12
tracein.h::detail::isDigits	2	0	0	5	5	15
tracein.h::detail::looksLikePath	0	0	0	3	2	4
tracein.h::detail::parseAsan	2	0	0	9	8	32
tracein.h::detail::parseCompiler	2	0	0	15	14	52
tracein.h::detail::parseGeneric	1	0	0	2	1	10
tracein.h::detail::parseNode	2	0	0	7	8	29
tracein.h::detail::parsePython	1	0	0	9	7	39
tracein.h::detail::splitPathLine	2	0	0	7	7	30
tracein.h::detail::toUint	2	0	0	3	3	11
tracein.h::detail::trim	1	0	0	9	6	13
tracein.h::tracein::dominantFormat	2	0	0	8	9	32
tracein.h::tracein::extractFrames	2	0	0	10	16	41
tracein.h::tracein::formatSpec	0	0	0	1	0	1
tracein.h::tracein::innermostKey	1	0	0	2	1	4
tracein.h::tracein::isFrameShapedLine	1	0	0	7	4	13
tracelocus.h::rw::fromTraceBundleText	3	0	0	12	18	180
tracelocus.h::rw::partitionTraceFrames	2	0	0	10	14	35
tracelocus.h::rw::renderTraceBlock	2	0	0	10	13	52
tracelocus.h::rw::traceEnclosingSymbol	2	0	0	15	17	28
tracelocus.h::rw::traceMatchFile	3	0	0	11	16	40
tracelocus.h::rw::traceResolveByName	3	0	0	7	12	31
tracelocus.h::tracelocus_detail::nameCandidates	3	0	0	9	13	35
tracelocus.h::tracelocus_detail::stripCallSignature	1	0	0	3	2	12
tsprobe.cpp::kindIndex	0	0	0	1	0	5
tsprobe.cpp::langIndex	0	0	0	1	0	5
tsprobe.cpp::langName	0	0	0	1	0	4
tsprobe.cpp::main	4	1	5	18	27	119
workspace.h::rw::buildWorkspaceRoots	4	1	4	20	35	78
workspace.h::rw::mergeWorkspaceIngests	3	0	0	26	43	160
workspace.h::wsdetail::realOf	1	0	0	2	1	5
workspace.h::wsdetail::segmentsOf	2	0	0	4	5	19
workspace.h::wsdetail::suffixLabel	2	0	0	5	5	21
wrap.h::rw::getAgentConfigs	3	0	0	7	12	48
wrap.h::rw::runWrap	3	0	0	16	17	72
wrap.h::rw::s	0	0	0	1	0	1
wrap.h::rw::wrapEmitAgent	2	0	0	13	12	62
wrap.h::rw::wrapList	0	0	0	1	0	9
wrap.h::rw::wrapMcpJson	0	0	0	1	0	10
wrap.h::rw::wrapPrintSkillsLine	1	0	0	3	2	11
wrap.h::rw::wrapScanSkillDir	3	0	0	13	16	46
wrap.h::rw::wrapTomlString	2	0	0	4	4	14
wrap.h::rw::wrapVerbGroupLines	3	0	0	5	8	20
